global_product_id,product_name,category,current_period,previous_period,gmv_delta,contribution_pct
P-TAOBAO-808207,Apple 食品饮料 46,电子产品,10161.75,108.74,10053.01,0.06089927168711291
P-DOUYIN-630180,耐克 图书文具 45,家居用品,9127.29,1669.88,7457.410000000001,0.04517560786990093
P-TAOBAO-259150,格力 食品饮料 49,电子产品,7982.47,647.5,7334.97,0.04443388903888712
P-JD-917185,耐克 运动户外 6,运动户外,8423.65,1143.2,7280.45,0.044103616981823475
P-TAOBAO-171982,小米 电子产品 88,运动户外,9863.0,2637.6000000000004,7225.4,0.04377013428297252
P-TAOBAO-738080,海尔 电子产品 21,母婴用品,6972.42,0.0,6972.42,0.042237628321931425
P-JD-481266,海尔 服装鞋帽 96,图书文具,6834.64,0.0,6834.64,0.04140298261352664
P-DOUYIN-640735,格力 电子产品 14,家居用品,7379.82,619.62,6760.2,0.04095203888777796
P-JD-358638,Apple 家居用品 75,图书文具,7420.49,752.99,6667.5,0.04039047946573467
P-JD-626828,华为 美妆个护 24,运动户外,6604.68,0.0,6604.68,0.040009927546718935
P-DOUYIN-924277,ZARA 家居用品 69,服装鞋帽,7626.35,1042.74,6583.610000000001,0.03988228939113693
P-TAOBAO-854444,小米 家居用品 48,电子产品,7289.799999999999,752.02,6537.779999999999,0.03960465974375565
P-JD-999676,三星 母婴用品 7,电子产品,8612.53,2114.25,6498.280000000001,0.03936537606338123
P-TAOBAO-460726,优衣库 家居用品 62,食品饮料,7142.57,813.66,6328.91,0.03833936398882382
P-JD-810932,三星 母婴用品 95,服装鞋帽,7391.41,1115.84,6275.57,0.038016240153097944
P-TAOBAO-640749,优衣库 电子产品 76,家居用品,7374.56,1195.28,6179.280000000001,0.03743293317630671
P-TAOBAO-278226,海尔 服装鞋帽 82,服装鞋帽,6198.17,127.04,6071.13,0.036777780517256206
P-TAOBAO-682434,ZARA 食品饮料 39,运动户外,7999.88,1961.04,6038.84,0.036582173680818474
P-TAOBAO-700372,格力 运动户外 88,家居用品,7219.67,1210.72,6008.95,0.036401105599644
P-DOUYIN-696100,海尔 电子产品 71,食品饮料,9392.64,3445.99,5946.65,0.03602370374426863
P-TAOBAO-550255,格力 运动户外 70,家居用品,8451.29,2604.79,5846.500000000001,0.03541701360276233
P-TAOBAO-529078,ZARA 家居用品 54,运动户外,7437.31,1599.5,5837.81,0.035364371193079946
P-DOUYIN-130960,耐克 电子产品 41,图书文具,5816.9400000000005,0.0,5816.9400000000005,0.03523794460043655
P-TAOBAO-974437,阿迪达斯 家居用品 22,运动户外,7917.73,2131.88,5785.849999999999,0.03504960714163044
P-JD-355447,Apple 电子产品 27,图书文具,5763.83,0.0,5763.83,0.03491621406209006
P-TAOBAO-144358,优衣库 母婴用品 85,母婴用品,7113.86,1360.23,5753.629999999999,0.03485442435222122
P-DOUYIN-286015,三星 家居用品 45,家居用品,6695.75,964.93,5730.82,0.03471624559907335
P-JD-212086,格力 电子产品 67,图书文具,5716.31,0.0,5716.31,0.03462834670787759
P-DOUYIN-649883,海尔 母婴用品 89,图书文具,5632.26,0.0,5632.26,0.034119187382928955
P-JD-532014,阿迪达斯 食品饮料 74,美妆个护,6137.9800000000005,585.93,5552.05,0.03363329006640153
P-DOUYIN-497715,三星 运动户外 39,食品饮料,5889.67,549.24,5340.43,0.032351335321063886
P-DOUYIN-685591,Apple 母婴用品 62,运动户外,7467.17,2170.7799999999997,5296.39,0.032084549161983125
P-TAOBAO-840530,小米 美妆个护 100,食品饮料,5262.84,0.0,5262.84,0.031881309479032185
P-JD-470525,小米 运动户外 82,母婴用品,6001.75,750.05,5251.7,0.0318138254233519
P-TAOBAO-476488,优衣库 母婴用品 47,图书文具,7098.26,1890.0,5208.26,0.03155067395308696
P-TAOBAO-493263,海尔 图书文具 70,母婴用品,5162.0,0.0,5162.0,0.03127043944538768
P-TAOBAO-515422,阿迪达斯 运动户外 3,服装鞋帽,6698.78,1540.94,5157.84,0.03124523893626471
P-TAOBAO-273216,海尔 美妆个护 54,服装鞋帽,6906.62,1776.1899999999998,5130.43,0.031079194235528934
P-TAOBAO-739760,ZARA 电子产品 14,美妆个护,5037.52,0.0,5037.52,0.030516362672400113
P-JD-140580,Apple 运动户外 16,服装鞋帽,5013.8099999999995,0.0,5013.8099999999995,0.030372731886028518
P-DOUYIN-486378,ZARA 母婴用品 56,运动户外,5003.93,0.0,5003.93,0.030312880676861453
P-TAOBAO-759538,优衣库 食品饮料 44,运动户外,5476.72,492.72,4984.0,0.03019214843002949
P-DOUYIN-445170,耐克 电子产品 59,母婴用品,6610.610000000001,1665.25,4945.360000000001,0.02995807447029106
P-DOUYIN-814217,海尔 家居用品 25,家居用品,4942.41,0.0,4942.41,0.02994020391694664
P-TAOBAO-402068,格力 食品饮料 6,电子产品,6600.76,1662.12,4938.64,0.029917365955553943
P-DOUYIN-339790,Apple 服装鞋帽 50,运动户外,4877.36,0.0,4877.36,0.029546143071165452
P-JD-112053,Apple 图书文具 28,食品饮料,6243.36,1428.41,4814.95,0.029168074856173853
P-TAOBAO-447652,小米 图书文具 66,美妆个护,5033.15,330.26,4702.889999999999,0.02848923614167363
P-JD-866415,阿迪达斯 美妆个护 9,美妆个护,4959.24,275.77,4683.469999999999,0.02837159338033511
P-DOUYIN-219089,华为 服装鞋帽 12,运动户外,4631.91,0.0,4631.91,0.028059252454762817
P-TAOBAO-902642,耐克 母婴用品 8,母婴用品,5597.47,1080.29,4517.18,0.027364239375032226
P-JD-322765,格力 美妆个护 73,服装鞋帽,4479.12,0.0,4479.12,0.027133678947815747
P-TAOBAO-718510,三星 运动户外 72,服装鞋帽,4662.29,228.99,4433.3,0.02685610987858141
P-DOUYIN-856212,海尔 母婴用品 15,家居用品,4361.67,0.0,4361.67,0.026422188612120128
P-JD-680516,ZARA 食品饮料 90,电子产品,5280.98,929.03,4351.95,0.02636330665330394
P-DOUYIN-566636,格力 电子产品 17,服装鞋帽,4762.59,416.07,4346.52,0.026330412719520826
P-JD-866706,耐克 家居用品 64,图书文具,4316.84,0.0,4316.84,0.02615061677943188
P-DOUYIN-497562,优衣库 家居用品 91,食品饮料,4299.84,0.0,4299.84,0.026047633929650482
P-TAOBAO-273069,耐克 服装鞋帽 70,母婴用品,4288.09,0.0,4288.09,0.025976454607007454
P-TAOBAO-683850,小米 美妆个护 59,美妆个护,4651.34,478.87,4172.47,0.02527605007220007
P-TAOBAO-630253,阿迪达斯 电子产品 88,运动户外,4166.48,0.0,4166.48,0.025239763762188856
P-DOUYIN-810993,小米 美妆个护 81,图书文具,4287.67,127.26,4160.41,0.025202992827002203
P-DOUYIN-900687,小米 美妆个护 96,母婴用品,4322.53,167.89,4154.639999999999,0.025168039236223454
P-DOUYIN-833561,华为 美妆个护 93,美妆个护,4210.68,60.43,4150.25,0.025141445429721087
P-JD-751148,耐克 食品饮料 84,美妆个护,4766.79,616.58,4150.21,0.025141203117133363
P-JD-735457,华为 母婴用品 83,服装鞋帽,4141.89,0.0,4141.89,0.02509080209888741
P-JD-809484,格力 服装鞋帽 59,服装鞋帽,6555.77,2447.05,4108.72,0.02488986438551982
P-TAOBAO-415530,小米 服装鞋帽 96,服装鞋帽,6616.18,2533.05,4083.13,0.024734844907525342
P-TAOBAO-970483,耐克 运动户外 49,服装鞋帽,5797.45,1719.26,4078.1899999999996,0.024704919302941806
P-DOUYIN-252271,阿迪达斯 母婴用品 73,美妆个护,4063.23,0.0,4063.23,0.024614294395134174
P-TAOBAO-570548,格力 美妆个护 49,美妆个护,4055.13,0.0,4055.13,0.024565226096120683
P-TAOBAO-242978,耐克 电子产品 98,食品饮料,4050.8,0.0,4050.8,0.024538995758499892
P-TAOBAO-315658,优衣库 母婴用品 40,美妆个护,4142.23,93.14,4049.0899999999997,0.02452863689537482
P-DOUYIN-532962,耐克 美妆个护 75,运动户外,4014.2000000000003,0.0,4014.2000000000003,0.02431727974073523
P-JD-206716,阿迪达斯 食品饮料 95,家居用品,4555.88,557.33,3998.55,0.02422247494078941
P-TAOBAO-900035,阿迪达斯 运动户外 45,食品饮料,5825.57,1864.44,3961.1299999999997,0.023995791514976467
P-JD-110804,格力 美妆个护 22,母婴用品,3953.31,0.0,3953.31,0.023948419404077024
P-DOUYIN-656372,小米 家居用品 10,美妆个护,3945.2,0.0,3945.2,0.0238992905269166
P-DOUYIN-162785,阿迪达斯 运动户外 16,图书文具,3924.2,0.0,3924.2,0.023772076418363104
P-TAOBAO-283822,Apple 运动户外 42,运动户外,4764.77,844.45,3920.3200000000006,0.02374857209735418
P-TAOBAO-224833,耐克 母婴用品 48,服装鞋帽,4483.62,565.16,3918.46,0.023737304562025153
P-JD-587975,耐克 母婴用品 80,家居用品,4034.5200000000004,137.67,3896.8500000000004,0.023606395186508915
P-JD-177405,三星 美妆个护 33,电子产品,3889.39,0.0,3889.39,0.023561203888898954
P-TAOBAO-970116,Apple 家居用品 30,服装鞋帽,3882.04,0.0,3882.04,0.023516678950905232
P-TAOBAO-407378,三星 食品饮料 8,运动户外,3930.88,63.41,3867.4700000000003,0.02342841659082788
P-TAOBAO-889313,耐克 图书文具 30,图书文具,6598.95,2731.86,3867.0899999999997,0.02342611462124453
P-TAOBAO-344509,阿迪达斯 食品饮料 30,食品饮料,7020.68,3157.92,3862.76,0.02339988428362374
P-JD-293071,ZARA 母婴用品 22,服装鞋帽,5059.33,1220.64,3838.6899999999996,0.023254072683962658
P-TAOBAO-527470,格力 电子产品 58,服装鞋帽,5830.16,1997.9,3832.2599999999998,0.023215120935486517
P-JD-381264,耐克 食品饮料 62,母婴用品,3828.99,0.0,3828.99,0.02319531188144033
P-JD-803550,海尔 图书文具 72,运动户外,3828.05,0.0,3828.05,0.02318961753562889
P-TAOBAO-531824,阿迪达斯 家居用品 96,家居用品,3909.59,100.25,3809.34,0.023076275822722418
P-DOUYIN-313746,三星 家居用品 72,食品饮料,4076.75,303.96,3772.79,0.022854862695692407
P-JD-981211,三星 图书文具 25,图书文具,3770.9300000000003,0.0,3770.9300000000003,0.022843595160363384
P-JD-332951,华为 食品饮料 57,食品饮料,3764.6099999999997,0.0,3764.6099999999997,0.02280530977150347
P-DOUYIN-588936,三星 图书文具 45,服装鞋帽,3761.48,0.0,3761.48,0.022786348811514312
P-JD-638469,三星 图书文具 63,电子产品,4850.42,1128.37,3722.05,0.022547489178168394
P-DOUYIN-195892,华为 家居用品 59,电子产品,4192.54,506.02,3686.52,0.022332255022125262
P-JD-826593,阿迪达斯 美妆个护 7,服装鞋帽,3685.27,0.0,3685.27,0.022324682753758984
P-TAOBAO-272554,阿迪达斯 图书文具 76,电子产品,3681.42,0.0,3681.42,0.022301360167190844
P-TAOBAO-498329,三星 美妆个护 37,美妆个护,3893.31,212.41,3680.9,0.022298210103550473
P-DOUYIN-974411,Apple 电子产品 92,图书文具,3661.04,0.0,3661.04,0.02217790190374702
P-TAOBAO-683470,优衣库 运动户外 34,美妆个护,3648.51,0.0,3648.51,0.02210199748564344
P-JD-635945,三星 服装鞋帽 56,家居用品,4936.66,1309.51,3627.1499999999996,0.02197260256380045
P-JD-545256,ZARA 电子产品 13,家居用品,4168.93,572.17,3596.76,0.02178850557527947
P-DOUYIN-332418,华为 母婴用品 51,图书文具,3590.79,0.0,3590.79,0.021752340421562117
P-TAOBAO-450675,阿迪达斯 运动户外 6,服装鞋帽,5467.31,1905.5700000000002,3561.7400000000002,0.021576360904729783
P-JD-808032,格力 电子产品 47,电子产品,4158.82,618.12,3540.7,0.021448904483588566
P-TAOBAO-904460,三星 母婴用品 48,家居用品,3534.39,0.0,3534.39,0.021410679672875587
P-JD-139970,Apple 图书文具 23,服装鞋帽,3531.67,0.0,3531.67,0.021394202416910563
P-DOUYIN-109883,耐克 运动户外 38,运动户外,3847.93,327.0,3520.93,0.02132914148710749
P-TAOBAO-674754,ZARA 图书文具 16,美妆个护,4573.2,1060.12,3513.08,0.021281587641767255
P-TAOBAO-773002,优衣库 服装鞋帽 91,家居用品,4055.86,545.71,3510.15,0.021263838244716695
P-JD-466827,华为 食品饮料 2,母婴用品,3701.57,245.27,3456.3,0.020937624923497378
P-JD-397769,耐克 图书文具 71,电子产品,5509.549999999999,2069.86,3439.689999999999,0.02083700462144625
P-TAOBAO-208734,耐克 图书文具 81,电子产品,4510.95,1094.3400000000001,3416.6099999999997,0.02069719025833127
P-DOUYIN-355030,耐克 图书文具 28,母婴用品,3415.58,0.0,3415.58,0.020690950709197457
P-JD-256777,海尔 美妆个护 9,家居用品,3412.53,0.0,3412.53,0.020672474374383736
P-DOUYIN-834334,优衣库 运动户外 12,运动户外,4268.09,862.5699999999999,3405.5200000000004,0.02063000909338564
P-TAOBAO-876927,小米 食品饮料 66,家居用品,3405.1000000000004,0.0,3405.1000000000004,0.020627464811214573
P-JD-557190,华为 家居用品 86,食品饮料,3578.17,188.18,3389.9900000000002,0.020535931231202984
P-TAOBAO-227301,格力 食品饮料 97,图书文具,4575.8,1220.8000000000002,3355.0,0.02032396829509409
P-JD-641985,华为 美妆个护 9,图书文具,3615.0099999999998,307.72,3307.29,0.020034949956089933
P-DOUYIN-699640,小米 运动户外 91,美妆个护,3396.19,103.68,3292.51,0.01994541545492705
P-TAOBAO-605496,华为 家居用品 93,家居用品,3280.7,0.0,3280.7,0.019873872663402434
P-DOUYIN-769444,阿迪达斯 电子产品 43,美妆个护,3266.59,0.0,3266.59,0.019788396898083874
P-TAOBAO-693776,格力 服装鞋帽 79,母婴用品,5506.01,2245.48,3260.53,0.01975168654104415
P-JD-649784,耐克 美妆个护 70,母婴用品,4674.61,1422.3,3252.3099999999995,0.019701891304267496
P-TAOBAO-677973,海尔 母婴用品 3,家居用品,3249.7799999999997,0.0,3249.7799999999997,0.019686565033094145
P-JD-412295,耐克 母婴用品 53,家居用品,3619.3,381.53,3237.7700000000004,0.01961381067863094
P-TAOBAO-910500,耐克 家居用品 48,家居用品,7743.09,4548.51,3194.58,0.019352173662039247
P-JD-406134,小米 图书文具 11,运动户外,3707.34,523.88,3183.46,0.019284810762652826
P-DOUYIN-998914,ZARA 图书文具 19,家居用品,3176.7599999999998,0.0,3176.7599999999998,0.019244223404209566
P-JD-802125,海尔 运动户外 61,母婴用品,3174.01,0.0,3174.01,0.019227564413803754
P-JD-336227,ZARA 电子产品 74,家居用品,3738.62,570.35,3168.27,0.019192792557465796
P-TAOBAO-434902,优衣库 母婴用品 94,运动户外,3166.81,0.0,3166.81,0.019183948148013982
P-JD-327632,Apple 食品饮料 52,母婴用品,3151.83,0.0,3151.83,0.019093202083912488
P-DOUYIN-872027,三星 运动户外 16,服装鞋帽,3146.41,0.0,3146.41,0.0190603687282763
P-JD-544011,ZARA 食品饮料 2,家居用品,3145.3,0.0,3145.3,0.019053644553967047
P-TAOBAO-701448,优衣库 服装鞋帽 99,图书文具,3715.13,569.95,3145.1800000000003,0.019052917616203886
P-JD-848570,小米 美妆个护 48,母婴用品,3135.12,0.0,3135.12,0.018991976000392066
P-TAOBAO-733739,耐克 家居用品 98,母婴用品,3111.98,0.0,3111.98,0.0188517981683955
P-DOUYIN-916218,ZARA 服装鞋帽 79,母婴用品,3192.7,95.7,3097.0,0.018761052104294008
P-TAOBAO-501245,Apple 图书文具 31,家居用品,4078.88,987.45,3091.4300000000003,0.018727310076453868
P-DOUYIN-786186,Apple 母婴用品 82,服装鞋帽,4306.68,1229.49,3077.1900000000005,0.018641046795225213
P-DOUYIN-183667,海尔 母婴用品 3,图书文具,3073.6,0.0,3073.6,0.018619299240477255
P-TAOBAO-856950,ZARA 运动户外 49,母婴用品,3065.17,0.0,3065.17,0.018568231862615067
P-TAOBAO-235352,三星 电子产品 44,图书文具,3188.2,132.98,3055.22,0.01850795660641948
P-TAOBAO-511384,格力 图书文具 36,食品饮料,4418.65,1365.44,3053.2099999999996,0.018495780398886504
P-TAOBAO-125703,海尔 食品饮料 53,食品饮料,4240.97,1198.38,3042.59,0.018431446406846595
P-JD-180128,ZARA 母婴用品 63,服装鞋帽,3041.36,0.0,3041.36,0.018423995294774176
P-TAOBAO-792523,格力 图书文具 83,美妆个护,4859.51,1818.96,3040.55,0.018419088464872828
P-DOUYIN-152970,耐克 图书文具 83,图书文具,4929.83,1901.5800000000002,3028.25,0.018344577344148637
P-TAOBAO-154787,优衣库 服装鞋帽 5,图书文具,3703.8900000000003,686.46,3017.4300000000003,0.018279031789170123
P-JD-879157,优衣库 美妆个护 87,图书文具,3017.41,0.0,3017.41,0.01827891063287626
P-DOUYIN-171323,Apple 运动户外 18,家居用品,3909.16,893.09,3016.0699999999997,0.018270793161187605
P-DOUYIN-196826,小米 图书文具 77,家居用品,4231.76,1219.02,3012.7400000000002,0.018250620638259843
P-TAOBAO-528691,海尔 运动户外 18,图书文具,2993.25,0.0,2993.25,0.01813255382989281
P-JD-318872,ZARA 电子产品 82,家居用品,3560.0299999999997,569.54,2990.49,0.018115834261340065
P-JD-776014,海尔 服装鞋帽 53,电子产品,3589.99,601.72,2988.2699999999995,0.01810238591272155
P-TAOBAO-591392,格力 服装鞋帽 58,母婴用品,3050.73,77.57,2973.16,0.018010852332709968
P-JD-338403,阿迪达斯 食品饮料 57,家居用品,2971.7,0.0,2971.7,0.01800200792325815
P-JD-112961,华为 美妆个护 57,家居用品,2966.73,0.0,2966.73,0.017971900584233827
P-JD-372308,格力 食品饮料 69,美妆个护,2956.33,0.0,2956.33,0.01790889931142638
P-DOUYIN-984439,Apple 服装鞋帽 51,美妆个护,2952.95,0.0,2952.95,0.01788842389776396
P-TAOBAO-762412,格力 食品饮料 36,图书文具,2940.77,0.0,2940.77,0.017814639714802932
P-JD-737032,ZARA 家居用品 99,食品饮料,2925.99,0.0,2925.99,0.017725105213640045
P-TAOBAO-680477,耐克 图书文具 80,服装鞋帽,2924.01,0.0,2924.01,0.01771311074054786
P-JD-966175,阿迪达斯 美妆个护 31,母婴用品,2901.46,0.0,2901.46,0.017576507019220176
P-JD-444790,小米 食品饮料 6,运动户外,3748.75,854.37,2894.38,0.017533617691193572
P-TAOBAO-426839,Apple 运动户外 15,母婴用品,3543.02,653.43,2889.59,0.01750460075881399
P-DOUYIN-587956,海尔 服装鞋帽 73,食品饮料,3612.16,730.53,2881.63,0.01745638055385752
P-JD-355927,ZARA 食品饮料 26,家居用品,2934.2,61.66,2872.54,0.017401315018297937
P-DOUYIN-425198,格力 食品饮料 32,母婴用品,3293.08,434.74,2858.34,0.017315294049657003
P-JD-119783,ZARA 图书文具 89,运动户外,3547.41,689.51,2857.8999999999996,0.01731262861119207
P-TAOBAO-834641,华为 食品饮料 93,母婴用品,2842.18,0.0,2842.18,0.01721739976421774
P-JD-776869,ZARA 母婴用品 39,美妆个护,2835.0,0.0,2835.0,0.01717390465472183
P-DOUYIN-104298,ZARA 图书文具 50,食品饮料,2832.66,0.0,2832.66,0.017159729368340156
P-DOUYIN-994305,优衣库 运动户外 59,电子产品,2800.44,0.0,2800.44,0.016964546578930935
P-TAOBAO-667613,耐克 电子产品 77,食品饮料,2787.79,0.0,2787.79,0.01688791522306419
P-TAOBAO-436525,海尔 食品饮料 91,母婴用品,3889.67,1112.76,2776.91,0.01682200619920409
P-JD-148766,优衣库 食品饮料 58,美妆个护,4316.6,1552.15,2764.4500000000003,0.01674652582812902
P-TAOBAO-556779,小米 图书文具 25,图书文具,3923.68,1161.78,2761.8999999999996,0.016731078400661806
P-TAOBAO-839653,华为 美妆个护 42,运动户外,2753.8900000000003,0.0,2753.8900000000003,0.01668255530497069
P-TAOBAO-587694,Apple 美妆个护 4,母婴用品,2750.17,0.0,2750.17,0.01666002023431264
P-TAOBAO-213761,小米 食品饮料 53,家居用品,2746.37,0.0,2746.37,0.01663700053847915
P-DOUYIN-455687,优衣库 家居用品 54,母婴用品,3302.36,564.63,2737.73,0.01658466101953143
P-TAOBAO-703063,三星 运动户外 96,图书文具,2737.42,0.0,2737.42,0.01658278309697659
P-TAOBAO-852288,优衣库 运动户外 12,美妆个护,2735.53,0.0,2735.53,0.016571333827206776
P-JD-472017,三星 家居用品 34,食品饮料,2730.1000000000004,0.0,2730.1000000000004,0.01653843989342366
P-TAOBAO-850374,优衣库 美妆个护 29,运动户外,5173.2300000000005,2450.56,2722.6700000000005,0.016493430330254497
P-JD-764054,小米 家居用品 74,美妆个护,2717.38,0.0,2717.38,0.016461384490528398
P-TAOBAO-229611,三星 服装鞋帽 88,美妆个护,3957.43,1246.63,2710.7999999999997,0.0164215240698483
P-JD-692865,小米 家居用品 12,运动户外,4195.09,1507.5,2687.59,0.016280922190823225
P-TAOBAO-443061,华为 食品饮料 91,食品饮料,3249.92,564.8,2685.12,0.016265959388531457
P-TAOBAO-379686,格力 图书文具 22,母婴用品,2682.83,0.0,2682.83,0.016252086992884433
P-TAOBAO-454567,小米 美妆个护 39,运动户外,2677.4700000000003,0.0,2677.4700000000003,0.01621961710612983
P-DOUYIN-418244,耐克 母婴用品 39,家居用品,2670.02,0.0,2670.02,0.0161744863866668
P-DOUYIN-700501,小米 运动户外 75,母婴用品,2666.07,0.0,2666.07,0.01615055801862936
P-JD-325297,海尔 运动户外 72,服装鞋帽,2948.33,288.12,2660.21,0.01611505922452824
P-TAOBAO-964519,格力 母婴用品 75,电子产品,2658.43,0.0,2658.43,0.016104276314374655
P-DOUYIN-519833,格力 图书文具 70,运动户外,2640.74,0.0,2640.74,0.01599711357245507
P-TAOBAO-635118,海尔 运动户外 54,食品饮料,3820.6499999999996,1189.31,2631.3399999999997,0.015940170114340648
P-TAOBAO-188514,华为 食品饮料 66,母婴用品,2942.9100000000003,331.87,2611.0400000000004,0.015817196476072274
P-TAOBAO-372644,三星 母婴用品 54,图书文具,2586.88,0.0,2586.88,0.015670839673088823
P-DOUYIN-941304,阿迪达斯 母婴用品 7,服装鞋帽,2583.72,0.0,2583.72,0.015651696978658865
P-DOUYIN-890604,耐克 母婴用品 65,美妆个护,2577.75,0.0,2577.75,0.015615531824941516
P-DOUYIN-876847,优衣库 美妆个护 59,美妆个护,3829.75,1264.4,2565.35,0.015540414922748023
P-JD-412986,阿迪达斯 电子产品 51,电子产品,2559.6099999999997,0.0,2559.6099999999997,0.015505643066410066
P-TAOBAO-945024,小米 美妆个护 71,服装鞋帽,2556.88,0.0,2556.88,0.015489105232298114
P-TAOBAO-701232,格力 食品饮料 83,家居用品,4057.32,1514.4699999999998,2542.8500000000004,0.015404114092154995
P-JD-131490,三星 家居用品 65,运动户外,2525.09,0.0,2525.09,0.015296527303206896
P-TAOBAO-879796,ZARA 食品饮料 56,食品饮料,3738.73,1222.76,2515.9700000000003,0.015241280033206522
P-JD-962507,华为 电子产品 73,美妆个护,2646.7,139.6,2507.1,0.0151875472168794
P-JD-463512,格力 电子产品 28,母婴用品,3771.4399999999996,1269.6,2501.8399999999997,0.015155683111594095
P-DOUYIN-118111,华为 服装鞋帽 67,美妆个护,3739.83,1240.01,2499.8199999999997,0.015143446325914188
P-TAOBAO-467270,华为 图书文具 90,美妆个护,2489.51,0.0,2489.51,0.015080990256429118
P-DOUYIN-624040,优衣库 服装鞋帽 33,母婴用品,2487.93,0.0,2487.93,0.015071418909214138
P-JD-575717,阿迪达斯 图书文具 3,家居用品,2486.5299999999997,0.0,2486.5299999999997,0.015062937968643905
P-JD-955121,优衣库 母婴用品 61,图书文具,4667.13,2198.0,2469.13,0.014957531992985296
P-DOUYIN-359971,ZARA 美妆个护 24,图书文具,2468.56,0.0,2468.56,0.014954079038610272
P-DOUYIN-505517,海尔 图书文具 78,服装鞋帽,3406.92,941.36,2465.56,0.014935905594531201
P-DOUYIN-612429,Apple 食品饮料 29,家居用品,2464.7,0.0,2464.7,0.0149306958738952
P-TAOBAO-202563,海尔 服装鞋帽 71,美妆个护,2461.6299999999997,0.0,2461.6299999999997,0.014912098382787616
P-DOUYIN-642814,格力 服装鞋帽 20,运动户外,2460.39,0.0,2460.39,0.01490458669256827
P-JD-527219,优衣库 家居用品 98,图书文具,2454.4,0.0,2454.4,0.014868300382557058
P-TAOBAO-706304,三星 食品饮料 13,食品饮料,2449.06,0.0,2449.06,0.014835951652096313
P-JD-525060,耐克 电子产品 30,图书文具,2447.67,0.0,2447.67,0.014827531289673011
P-TAOBAO-870522,ZARA 服装鞋帽 40,图书文具,2881.1099999999997,437.32,2443.7899999999995,0.014804026968664076
P-TAOBAO-537710,优衣库 图书文具 91,电子产品,2442.9300000000003,0.0,2442.9300000000003,0.01479881724802808
P-JD-140046,格力 服装鞋帽 60,运动户外,4345.84,1904.32,2441.5200000000004,0.014790275729310918
P-TAOBAO-851711,小米 美妆个护 57,电子产品,4192.87,1752.48,2440.39,0.014783430398707798
P-DOUYIN-882815,海尔 食品饮料 35,图书文具,2437.12,0.0,2437.12,0.014763621344661611
P-JD-242961,耐克 图书文具 62,电子产品,2431.88,0.0,2431.88,0.014731878395670169
P-DOUYIN-220001,华为 运动户外 19,美妆个护,2418.69,0.0,2418.69,0.014651975819869188
P-JD-443258,耐克 电子产品 13,运动户外,2415.09,0.0,2415.09,0.014630167686974303
P-JD-102357,耐克 美妆个护 15,家居用品,2410.08,0.0,2410.08,0.014599818035362254
P-JD-519438,海尔 母婴用品 6,母婴用品,2405.76,0.0,2405.76,0.014573648275888394
P-JD-154048,ZARA 电子产品 60,食品饮料,2402.27,0.0,2402.27,0.01455250650260974
P-TAOBAO-349396,优衣库 食品饮料 36,电子产品,2393.75,0.0,2393.75,0.014500893921425178
P-JD-995736,海尔 美妆个护 20,运动户外,2380.03,0.0,2380.03,0.014417780703836897
P-TAOBAO-652499,优衣库 运动户外 5,家居用品,3379.7599999999998,1007.5,2372.2599999999998,0.0143707114836721
P-JD-530999,三星 美妆个护 33,母婴用品,2545.59,178.51,2367.08,0.014339332003562239
P-JD-433983,优衣库 美妆个护 58,图书文具,5595.91,3229.3,2366.6099999999997,0.014336484830656518
P-DOUYIN-544982,三星 美妆个护 40,服装鞋帽,2348.82,0.0,2348.82,0.01422871630726763
P-TAOBAO-210541,耐克 服装鞋帽 50,母婴用品,2795.41,450.3,2345.1099999999997,0.01420624181475651
P-JD-632648,华为 电子产品 47,电子产品,2344.23,0.0,2344.23,0.014200910937826652
P-DOUYIN-753635,优衣库 电子产品 44,美妆个护,2819.71,478.93,2340.78,0.014180011477135721
P-DOUYIN-896365,Apple 图书文具 25,电子产品,2333.16,0.0,2333.16,0.01413385092917488
P-JD-267891,三星 母婴用品 39,服装鞋帽,2332.45,0.0,2332.45,0.014129549880742833
P-TAOBAO-567004,阿迪达斯 电子产品 43,美妆个护,2926.29,601.84,2324.45,0.014081087363198644
P-JD-406874,小米 图书文具 47,电子产品,4271.37,1950.91,2320.46,0.014056916682573481
P-JD-439440,格力 家居用品 11,服装鞋帽,2310.51,0.0,2310.51,0.013996641426377897
P-DOUYIN-495826,小米 图书文具 7,食品饮料,5342.89,3043.2799999999997,2299.6100000000006,0.013930611246223943
P-DOUYIN-355964,海尔 家居用品 73,图书文具,2294.93,0.0,2294.93,0.013902260673460589
P-TAOBAO-510095,优衣库 家居用品 61,运动户外,3347.9,1072.16,2275.74,0.013786011209501466
P-DOUYIN-118460,格力 图书文具 19,运动户外,2486.55,221.55,2265.0,0.013720950279698394
P-TAOBAO-251981,三星 母婴用品 91,母婴用品,2500.77,243.37,2257.4,0.013674910888031414
P-DOUYIN-793064,海尔 家居用品 20,母婴用品,2254.79,0.0,2254.79,0.013659099991682622
P-JD-241461,小米 图书文具 63,运动户外,2290.2,44.67,2245.5299999999997,0.013603004627625223
P-DOUYIN-716664,格力 图书文具 46,服装鞋帽,2702.95,458.06,2244.89,0.013599127626221688
P-TAOBAO-793541,阿迪达斯 运动户外 30,美妆个护,2222.27,0.0,2222.27,0.013462099857865496
P-TAOBAO-236528,ZARA 服装鞋帽 47,服装鞋帽,3356.35,1151.79,2204.56,0.013354815959652048
P-TAOBAO-329256,小米 家居用品 26,运动户外,4049.1099999999997,1847.44,2201.6699999999996,0.013337308875189208
P-JD-443549,优衣库 美妆个护 78,电子产品,2200.92,0.0,2200.92,0.013332765514169443
P-DOUYIN-714606,海尔 电子产品 73,服装鞋帽,2835.61,635.71,2199.9,0.01332658654318256
P-TAOBAO-753939,Apple 图书文具 68,母婴用品,2197.13,0.0,2197.13,0.013309806396482885
P-DOUYIN-809193,优衣库 电子产品 5,电子产品,2355.71,173.34,2182.37,0.013220393051613854
P-DOUYIN-906473,海尔 家居用品 54,电子产品,2181.34,0.0,2181.34,0.013214153502480043
P-JD-477931,耐克 母婴用品 99,服装鞋帽,2176.09,0.0,2176.09,0.013182349975341668
P-TAOBAO-807486,阿迪达斯 电子产品 94,食品饮料,2347.32,172.75,2174.57,0.013173142097008273
P-DOUYIN-259804,海尔 食品饮料 75,运动户外,2170.99,0.0,2170.99,0.013151455120407246
P-JD-340573,三星 服装鞋帽 61,食品饮料,5038.860000000001,2871.0,2167.8600000000006,0.013132494160418087
P-TAOBAO-425078,Apple 美妆个护 52,运动户外,2167.62,0.0,2167.62,0.013131040284891758
P-JD-190989,优衣库 运动户外 84,运动户外,2166.95,0.0,2166.95,0.013126981549047432
P-JD-256845,华为 食品饮料 72,运动户外,2149.32,0.0,2149.32,0.013020182276009427
P-DOUYIN-367626,格力 家居用品 92,母婴用品,2146.87,0.0,2146.87,0.013005340630011518
P-JD-482652,阿迪达斯 家居用品 10,母婴用品,2146.69,0.0,2146.69,0.013004250223366775
P-TAOBAO-463104,ZARA 母婴用品 60,电子产品,4375.3,2233.03,2142.27,0.01297747468242361
P-JD-958527,海尔 电子产品 42,运动户外,3859.9500000000003,1719.15,2140.8,0.012968569694824867
P-TAOBAO-889733,华为 美妆个护 80,电子产品,2140.14,0.0,2140.14,0.012964571537127469
P-TAOBAO-193600,格力 母婴用品 42,运动户外,2139.06,0.0,2139.06,0.012958029097259004
P-JD-304567,格力 母婴用品 5,图书文具,2633.79,496.39,2137.4,0.012947973124868586
P-TAOBAO-255992,三星 母婴用品 40,运动户外,4115.74,1989.71,2126.0299999999997,0.012879095771808907
P-TAOBAO-825153,耐克 运动户外 48,运动户外,2125.92,0.0,2125.92,0.012878429412192676
P-TAOBAO-726186,三星 电子产品 68,食品饮料,2107.52,0.0,2107.52,0.01276696562184104
P-TAOBAO-747581,格力 服装鞋帽 22,母婴用品,2100.44,0.0,2100.44,0.012724076293814435
P-JD-804075,阿迪达斯 家居用品 62,服装鞋帽,2098.56,0.0,2098.56,0.01271268760219155
P-JD-195509,ZARA 食品饮料 18,运动户外,4312.51,2214.39,2098.1200000000003,0.012710022163726622
P-DOUYIN-810032,格力 电子产品 28,图书文具,3135.64,1037.77,2097.87,0.012708507710053362
P-JD-486651,Apple 食品饮料 21,图书文具,2096.1000000000004,0.0,2096.1000000000004,0.012697785378046715
P-JD-664005,阿迪达斯 家居用品 7,图书文具,5599.469999999999,3511.06,2088.4099999999994,0.012651200783057356
P-DOUYIN-123082,耐克 家居用品 97,服装鞋帽,2084.22,0.0,2084.22,0.012625818539493591
P-JD-469764,ZARA 母婴用品 83,家居用品,2077.1000000000004,0.0,2077.1000000000004,0.012582686898879267
P-DOUYIN-501797,华为 服装鞋帽 42,图书文具,3030.18,960.11,2070.0699999999997,0.012540100461587307
P-TAOBAO-108066,耐克 运动户外 46,运动户外,2509.41,442.05,2067.3599999999997,0.012523683783769213
P-DOUYIN-952666,Apple 美妆个护 70,电子产品,2957.2599999999998,890.32,2066.9399999999996,0.012521139501598142
P-TAOBAO-319076,阿迪达斯 服装鞋帽 53,运动户外,2240.94,181.59,2059.35,0.012475160688078095
P-TAOBAO-967964,小米 家居用品 92,家居用品,4218.98,2160.5699999999997,2058.41,0.012469466342266653
P-JD-174198,阿迪达斯 图书文具 99,电子产品,2422.65,365.40999999999997,2057.2400000000002,0.012462378699075818
P-JD-187936,海尔 服装鞋帽 43,图书文具,4539.39,2482.4300000000003,2056.96,0.01246068251096177
P-JD-366705,三星 服装鞋帽 40,运动户外,2052.19,0.0,2052.19,0.012431786734876047
P-JD-853441,阿迪达斯 电子产品 89,家居用品,3858.89,1811.97,2046.9199999999998,0.012399862051443812
P-DOUYIN-524144,三星 美妆个护 29,家居用品,2045.34,0.0,2045.34,0.012390290704228835
P-JD-369982,耐克 服装鞋帽 76,服装鞋帽,2182.29,138.31,2043.98,0.012382052076246323
P-DOUYIN-393187,优衣库 图书文具 44,母婴用品,2033.71,0.0,2033.71,0.012319838319348972
P-DOUYIN-425364,格力 图书文具 25,图书文具,2030.26,0.0,2030.26,0.01229893885865804
P-DOUYIN-540704,优衣库 美妆个护 43,图书文具,2025.15,0.0,2025.15,0.01226798342557669
P-JD-736479,耐克 图书文具 58,运动户外,2023.06,0.0,2023.06,0.01225532259286827
P-JD-952081,小米 母婴用品 75,电子产品,2014.67,0.0,2014.67,0.012204497527593804
P-DOUYIN-151514,耐克 运动户外 54,母婴用品,2193.59,179.98,2013.6100000000001,0.012198076244019198
P-JD-168471,华为 图书文具 57,食品饮料,2013.19,0.0,2013.19,0.012195531961848128
P-JD-904968,华为 食品饮料 49,电子产品,2002.18,0.0,2002.18,0.012128835422077938
P-TAOBAO-954868,优衣库 运动户外 37,电子产品,2000.8600000000001,0.0,2000.8600000000001,0.012120839106683148
P-JD-389627,格力 图书文具 67,家居用品,6492.91,4492.76,2000.1499999999996,0.012116538058251098
P-DOUYIN-395064,格力 母婴用品 3,母婴用品,1991.62,0.0,1991.62,0.012064864898919609
P-DOUYIN-496089,ZARA 电子产品 30,美妆个护,3193.62,1202.49,1991.1299999999999,0.012061896569720027
P-DOUYIN-920792,优衣库 电子产品 67,电子产品,3147.92,1164.9,1983.02,0.012012767692559606
P-DOUYIN-550716,ZARA 食品饮料 19,电子产品,1982.3999999999999,0.0,1982.3999999999999,0.012009011847449931
P-JD-253206,华为 服装鞋帽 61,家居用品,2983.18,1001.53,1981.6499999999999,0.012004468486430163
P-TAOBAO-593597,华为 电子产品 18,电子产品,2642.43,667.75,1974.6799999999998,0.011962245518019788
P-JD-384562,华为 图书文具 52,美妆个护,1970.75,0.0,1970.75,0.011938438306276207
P-DOUYIN-526708,小米 图书文具 30,美妆个护,3355.88,1386.09,1969.7900000000002,0.011932622804170906
P-JD-867805,海尔 家居用品 6,服装鞋帽,1969.13,0.0,1969.13,0.011928624646473509
P-DOUYIN-517985,三星 家居用品 71,美妆个护,1961.46,0.0,1961.46,0.01188216120777802
P-JD-269221,小米 美妆个护 22,母婴用品,1960.63,0.0,1960.63,0.01187713322158281
P-TAOBAO-642970,优衣库 图书文具 78,图书文具,2081.44,127.22,1954.22,0.011838302629400528
P-JD-950039,ZARA 家居用品 23,服装鞋帽,1949.64,0.0,1949.64,0.01181055783810648
P-DOUYIN-784217,Apple 服装鞋帽 79,食品饮料,3203.2200000000003,1256.02,1947.2000000000003,0.011795776770255504
P-JD-922807,耐克 服装鞋帽 30,图书文具,2146.81,200.56,1946.25,0.011790021846297129
P-DOUYIN-472074,阿迪达斯 家居用品 49,图书文具,5048.42,3107.55,1940.87,0.011757430803248661
P-JD-619722,格力 美妆个护 100,家居用品,2680.99,740.86,1940.1299999999997,0.011752948020375823
P-DOUYIN-479671,小米 图书文具 33,美妆个护,1938.73,0.0,1938.73,0.011744467079805592
P-TAOBAO-129631,优衣库 家居用品 79,母婴用品,2106.2799999999997,174.39,1931.8899999999999,0.011703031627305311
P-DOUYIN-703160,格力 电子产品 69,母婴用品,3168.87,1242.42,1926.4499999999998,0.011670077115375262
P-TAOBAO-421382,ZARA 图书文具 77,家居用品,2660.83,739.2,1921.6299999999999,0.011640878448554888
P-JD-901727,优衣库 电子产品 39,电子产品,3056.77,1135.42,1921.35,0.011639182260440842
P-TAOBAO-603355,小米 服装鞋帽 83,食品饮料,1918.19,0.0,1918.19,0.011620039566010888
P-TAOBAO-456418,三星 家居用品 42,美妆个护,1913.7800000000002,0.0,1913.7800000000002,0.011593324603214656
P-TAOBAO-438813,优衣库 运动户外 39,美妆个护,4682.37,2769.91,1912.46,0.011585328287819864
P-DOUYIN-101202,耐克 运动户外 38,家居用品,1911.81,0.0,1911.81,0.011581390708269397
P-DOUYIN-312803,海尔 图书文具 51,美妆个护,3005.33,1094.83,1910.5,0.011573454971021536
P-TAOBAO-890257,阿迪达斯 运动户外 58,美妆个护,1909.6399999999999,0.0,1909.6399999999999,0.011568245250385537
P-JD-986329,华为 运动户外 40,母婴用品,1909.5,0.0,1909.5,0.011567397156328513
P-DOUYIN-131319,三星 食品饮料 41,运动户外,3930.1500000000005,2027.6100000000001,1902.5400000000004,0.011525234766065071
P-TAOBAO-258884,小米 电子产品 67,食品饮料,1900.06,0.0,1900.06,0.01151021138562637
P-DOUYIN-654925,海尔 食品饮料 56,电子产品,1892.6799999999998,0.0,1892.6799999999998,0.011465504713191856
P-TAOBAO-852485,三星 美妆个护 30,电子产品,4087.64,2202.58,1885.06,0.011419344165231016
P-TAOBAO-189551,华为 家居用品 79,图书文具,2661.64,785.38,1876.2599999999998,0.011366035395932408
P-JD-705588,耐克 运动户外 38,图书文具,1862.31,0.0,1862.31,0.01128152888096473
P-DOUYIN-432135,耐克 家居用品 71,服装鞋帽,2373.46,513.94,1859.52,0.011264627577971194
P-DOUYIN-346071,ZARA 服装鞋帽 91,服装鞋帽,1856.58,0.0,1856.58,0.011246817602773705
P-TAOBAO-606772,耐克 服装鞋帽 97,食品饮料,1853.38,0.0,1853.38,0.01122743259575603
P-DOUYIN-378410,ZARA 图书文具 79,图书文具,1853.37,0.0,1853.37,0.0112273720176091
P-DOUYIN-322911,阿迪达斯 图书文具 27,电子产品,1832.33,0.0,1832.33,0.011099915596467884
P-TAOBAO-560781,优衣库 服装鞋帽 41,美妆个护,2203.69,371.56,1832.13,0.011098704033529281
P-TAOBAO-682170,阿迪达斯 食品饮料 49,食品饮料,3754.09,1925.65,1828.44,0.011076350697312023
P-TAOBAO-448846,耐克 家居用品 44,图书文具,4272.59,2446.96,1825.63,0.011059328238024626
P-DOUYIN-936929,Apple 电子产品 26,母婴用品,5237.46,3412.0699999999997,1825.3900000000003,0.011057874362498303
P-JD-158465,耐克 家居用品 54,美妆个护,1818.13,0.0,1818.13,0.01101389462782695
P-JD-223747,Apple 美妆个护 88,食品饮料,1815.94,0.0,1815.94,0.011000628013649228
P-JD-989600,ZARA 图书文具 68,电子产品,1815.12,0.0,1815.12,0.010995660605600947
P-TAOBAO-873213,ZARA 运动户外 14,美妆个护,3518.3599999999997,1703.64,1814.7199999999996,0.010993237479723736
P-JD-126720,ZARA 服装鞋帽 66,食品饮料,1814.7,0.0,1814.7,0.010993116323429879
P-TAOBAO-498053,三星 美妆个护 74,电子产品,1804.3,0.0,1804.3,0.010930115050622432
P-DOUYIN-260688,华为 服装鞋帽 11,母婴用品,2139.04,334.96,1804.08,0.010928782331389967
P-TAOBAO-169506,阿迪达斯 食品饮料 18,家居用品,1800.0,0.0,1800.0,0.010904066447442433
P-DOUYIN-218564,海尔 家居用品 75,电子产品,1843.28,47.23,1796.05,0.010880138079404989
P-DOUYIN-279268,阿迪达斯 电子产品 86,服装鞋帽,1795.62,0.0,1795.62,0.010877533219086988
P-DOUYIN-402811,三星 运动户外 38,图书文具,1793.59,0.0,1793.59,0.01086523585526015
P-JD-486640,三星 美妆个护 12,运动户外,3550.4300000000003,1767.27,1783.1600000000003,0.010802052848011917
P-TAOBAO-196903,三星 运动户外 1,图书文具,4136.280000000001,2359.3,1776.9800000000005,0.010764615553209032
P-TAOBAO-907124,华为 图书文具 59,母婴用品,4888.42,3116.39,1772.0300000000002,0.010734629370478563
P-DOUYIN-117768,Apple 电子产品 76,图书文具,1771.08,0.0,1771.08,0.01072887444652019
P-TAOBAO-632474,耐克 美妆个护 69,电子产品,1768.62,0.0,1768.62,0.010713972222375351
P-DOUYIN-666506,优衣库 母婴用品 59,图书文具,2121.12,355.08,1766.04,0.01069834306046735
P-TAOBAO-823541,海尔 电子产品 56,服装鞋帽,1764.16,0.0,1764.16,0.010686954368844467
P-JD-615919,阿迪达斯 母婴用品 69,运动户外,2064.51,300.91,1763.6000000000001,0.010683561992616374
P-JD-633457,海尔 电子产品 92,运动户外,3046.26,1283.35,1762.9100000000003,0.01067938210047819
P-JD-169317,阿迪达斯 食品饮料 93,美妆个护,1750.21,0.0,1750.21,0.010602447853876788
P-TAOBAO-804434,华为 美妆个护 63,美妆个护,2103.4,361.95000000000005,1741.45,0.010549381397165903
P-DOUYIN-545556,小米 食品饮料 67,家居用品,1740.57,0.0,1740.57,0.010544050520236041
P-TAOBAO-677864,小米 运动户外 57,母婴用品,2312.05,571.62,1740.4300000000003,0.010543202426179019
P-TAOBAO-582584,Apple 家居用品 76,家居用品,1737.57,0.0,1737.57,0.010525877076156969
P-TAOBAO-963016,ZARA 服装鞋帽 73,食品饮料,1733.91,0.0,1733.91,0.010503705474380504
P-TAOBAO-821941,耐克 电子产品 87,电子产品,4998.66,3265.0,1733.6599999999999,0.010502191020707248
P-JD-620770,Apple 美妆个护 72,母婴用品,1732.45,0.0,1732.45,0.01049486106492869
P-TAOBAO-725732,Apple 食品饮料 42,家居用品,2549.2,827.22,1721.9799999999998,0.010431435745092732
P-JD-674309,三星 家居用品 100,图书文具,1718.27,0.0,1718.27,0.010408961252581615
P-TAOBAO-961051,Apple 食品饮料 72,电子产品,2945.16,1249.16,1695.9999999999998,0.010274053719367978
P-TAOBAO-205846,华为 母婴用品 49,美妆个护,1694.67,0.0,1694.67,0.01026599682582626
P-JD-710323,华为 电子产品 50,服装鞋帽,1822.15,129.07,1693.0800000000002,0.010256364900464353
P-TAOBAO-287660,阿迪达斯 食品饮料 87,图书文具,2141.3900000000003,455.95,1685.4400000000003,0.010210083196209653
P-TAOBAO-129305,三星 服装鞋帽 71,食品饮料,2022.0900000000001,338.86,1683.23,0.01019669542573807
P-TAOBAO-163226,耐克 食品饮料 20,电子产品,2760.77,1081.82,1678.95,0.010170767978851929
P-DOUYIN-837576,小米 食品饮料 13,母婴用品,1673.13,0.0,1673.13,0.010135511497338531
P-TAOBAO-639018,海尔 服装鞋帽 4,食品饮料,1672.6799999999998,0.0,1672.6799999999998,0.01013278548072667
P-DOUYIN-516084,优衣库 电子产品 85,图书文具,1663.59,0.0,1663.59,0.010077719945167086
P-JD-458468,ZARA 运动户外 58,运动户外,1662.8,0.0,1662.8,0.010072934271559598
P-JD-600920,优衣库 家居用品 97,美妆个护,1660.72,0.0,1660.72,0.010060334016998108
P-JD-707951,阿迪达斯 服装鞋帽 23,服装鞋帽,1657.17,0.0,1657.17,0.010038828774837876
P-TAOBAO-837197,阿迪达斯 运动户外 6,家居用品,2184.96,528.76,1656.2,0.010032952694585642
P-DOUYIN-288831,华为 运动户外 40,食品饮料,2238.29,583.97,1654.32,0.010021564002962757
P-TAOBAO-994834,优衣库 服装鞋帽 90,服装鞋帽,2032.0,384.52,1647.48,0.009980128550462477
P-JD-531809,小米 电子产品 5,图书文具,1645.19,0.0,1645.19,0.009966256154815454
P-DOUYIN-908808,格力 服装鞋帽 17,服装鞋帽,1644.79,0.0,1644.79,0.009963833028938242
P-JD-953936,ZARA 运动户外 52,母婴用品,5839.76,4208.34,1631.42,0.009882840046492519
P-TAOBAO-169341,格力 电子产品 50,服装鞋帽,1629.85,0.0,1629.85,0.00987332927742447
P-JD-297121,华为 电子产品 42,图书文具,1628.64,0.0,1628.64,0.009865999321645913
P-DOUYIN-607758,耐克 家居用品 30,电子产品,1627.46,0.0,1627.46,0.009858851100308146
P-JD-596284,格力 运动户外 45,美妆个护,1627.4,0.0,1627.4,0.009858487631426565
P-TAOBAO-527228,华为 电子产品 91,电子产品,1808.56,181.45,1627.11,0.009856730865165586
P-TAOBAO-167382,Apple 家居用品 34,家居用品,6180.96,4558.29,1622.67,0.009829834167928563
P-TAOBAO-835361,小米 食品饮料 26,图书文具,1621.18,0.0,1621.18,0.009820808024035958
P-DOUYIN-280039,三星 电子产品 38,服装鞋帽,1620.43,0.0,1620.43,0.009816264663016189
P-TAOBAO-661240,优衣库 运动户外 32,美妆个护,3078.44,1461.72,1616.72,0.009793790170505072
P-JD-264406,三星 电子产品 47,美妆个护,2738.2,1122.76,1615.4399999999998,0.009786036167698001
P-TAOBAO-199530,格力 食品饮料 44,食品饮料,2127.76,515.38,1612.38,0.00976749925473735
P-DOUYIN-579031,华为 运动户外 72,运动户外,2441.88,832.81,1609.0700000000002,0.009747447888103443
P-DOUYIN-293845,格力 图书文具 40,服装鞋帽,2088.06,479.14,1608.92,0.009746539215899488
P-DOUYIN-715506,Apple 食品饮料 47,运动户外,2553.99,953.93,1600.06,0.0096928669777193
P-DOUYIN-870076,三星 图书文具 54,服装鞋帽,2003.03,407.59,1595.44,0.00966487987383753
P-TAOBAO-135310,Apple 美妆个护 28,食品饮料,1595.01,0.0,1595.01,0.009662275013519529
P-TAOBAO-209956,小米 食品饮料 42,食品饮料,1594.41,0.0,1594.41,0.009658640324703717
P-JD-763354,小米 家居用品 52,美妆个护,1590.82,0.0,1590.82,0.00963689276995576
P-DOUYIN-641466,三星 电子产品 21,食品饮料,2247.66,659.53,1588.1299999999999,0.009620597248431527
P-DOUYIN-280976,小米 家居用品 26,图书文具,1586.16,0.0,1586.16,0.009608663353486271
P-DOUYIN-969233,ZARA 服装鞋帽 29,电子产品,2952.6800000000003,1367.02,1585.6600000000003,0.00960563444613976
P-JD-355103,Apple 母婴用品 17,服装鞋帽,3014.87,1431.82,1583.05,0.009589823549790967
P-TAOBAO-489880,华为 食品饮料 9,母婴用品,1924.73,354.54,1570.19,0.009511920052838685
P-JD-809516,优衣库 图书文具 11,图书文具,2535.0,973.11,1561.8899999999999,0.009461640190886588
P-DOUYIN-100329,ZARA 运动户外 53,母婴用品,2008.6200000000001,449.74,1558.88,0.009443406168660589
P-TAOBAO-203123,三星 家居用品 69,家居用品,3298.47,1741.2600000000002,1557.2099999999996,0.009433289618123236
P-JD-711743,格力 图书文具 32,服装鞋帽,2542.9,987.31,1555.5900000000001,0.009423475958320542
P-TAOBAO-400444,海尔 母婴用品 3,家居用品,1553.69,0.0,1553.69,0.009411966110403796
P-TAOBAO-367644,格力 电子产品 8,运动户外,1552.46,0.0,1552.46,0.009404514998331377
P-DOUYIN-921410,格力 图书文具 58,图书文具,1549.44,0.0,1549.44,0.009386220397958446
P-JD-864236,小米 图书文具 32,服装鞋帽,1547.11,0.0,1547.11,0.0093721056897237
P-DOUYIN-831247,小米 服装鞋帽 20,服装鞋帽,2509.25,962.6,1546.65,0.00936931909496491
P-DOUYIN-282901,耐克 电子产品 73,运动户外,1538.59,0.0,1538.59,0.009320493108539139
P-JD-984721,Apple 图书文具 55,家居用品,1537.95,0.0,1537.95,0.009316616107135606
P-DOUYIN-355153,华为 运动户外 47,运动户外,2627.88,1095.07,1532.8100000000002,0.009285478939613465
P-DOUYIN-940971,耐克 图书文具 96,服装鞋帽,1532.27,0.0,1532.27,0.00928220771967923
P-JD-105587,Apple 家居用品 71,运动户外,1528.54,0.0,1528.54,0.009259612070874253
P-DOUYIN-523113,格力 电子产品 79,家居用品,3442.92,1919.8,1523.1200000000001,0.009226778715238066
P-TAOBAO-347473,格力 电子产品 53,电子产品,2576.75,1058.09,1518.66,0.00919976086170718
P-JD-923294,ZARA 运动户外 69,图书文具,2526.03,1011.3600000000001,1514.67,0.009175590181082017
P-JD-526588,ZARA 电子产品 95,运动户外,1502.61,0.0,1502.61,0.009102532935884151
P-JD-659609,优衣库 家居用品 44,食品饮料,1501.67,0.0,1501.67,0.00909683859007271
P-DOUYIN-200183,海尔 家居用品 67,服装鞋帽,1499.37,0.0,1499.37,0.009082905616278754
P-JD-795728,阿迪达斯 电子产品 24,母婴用品,3524.5,2027.8,1496.7,0.009066731251048383
P-DOUYIN-425243,三星 美妆个护 90,家居用品,3933.08,2436.85,1496.23,0.009063884078142662
P-TAOBAO-288302,ZARA 家居用品 54,运动户外,1492.72,0.0,1492.72,0.009042621148570148
P-TAOBAO-602474,三星 服装鞋帽 17,美妆个护,2055.75,563.8,1491.95,0.00903795663125652
P-TAOBAO-575846,华为 家居用品 18,图书文具,1487.32,0.0,1487.32,0.00900990894922782
P-JD-112573,华为 家居用品 34,家居用品,1485.08,0.0,1485.08,0.008996339444315448
P-TAOBAO-629920,阿迪达斯 电子产品 72,母婴用品,1754.52,274.18,1480.34,0.008967625402670517
P-TAOBAO-659368,阿迪达斯 食品饮料 42,家居用品,1569.3899999999999,90.86,1478.53,0.008956660758076143
P-DOUYIN-772651,ZARA 服装鞋帽 99,食品饮料,1470.99,0.0,1470.99,0.008910984835290747
P-TAOBAO-542334,三星 美妆个护 91,服装鞋帽,2207.29,736.65,1470.6399999999999,0.008908864600148187
P-JD-257996,华为 服装鞋帽 82,运动户外,1470.52,0.0,1470.52,0.008908137662385025
P-TAOBAO-506533,阿迪达斯 家居用品 71,食品饮料,4378.0,2915.1499999999996,1462.8500000000004,0.008861674223689537
P-JD-767237,海尔 运动户外 16,服装鞋帽,2222.63,764.63,1458.0,0.00883229382242837
P-DOUYIN-325752,ZARA 母婴用品 16,图书文具,1448.09,0.0,1448.09,0.008772260878820506
P-DOUYIN-996979,Apple 食品饮料 99,电子产品,2979.9399999999996,1535.93,1444.0099999999995,0.008747544994872968
P-JD-841688,三星 图书文具 58,美妆个护,4512.52,3071.38,1441.1400000000003,0.008730159066703994
P-TAOBAO-328980,耐克 美妆个护 39,电子产品,1935.79,495.12,1440.67,0.008727311893798271
P-TAOBAO-521959,格力 家居用品 33,母婴用品,1437.94,0.0,1437.94,0.008710774059686318
P-DOUYIN-722055,ZARA 图书文具 67,母婴用品,1432.08,0.0,1432.08,0.0086752752655852
P-TAOBAO-970051,阿迪达斯 母婴用品 47,美妆个护,4048.81,2620.5299999999997,1428.2800000000002,0.00865225556975171
P-TAOBAO-333775,华为 电子产品 72,家居用品,2088.04,660.28,1427.76,0.008649105506111338
P-DOUYIN-668495,海尔 食品饮料 57,运动户外,3941.67,2515.66,1426.0100000000002,0.008638504330398547
P-TAOBAO-697014,ZARA 运动户外 91,服装鞋帽,1422.63,0.0,1422.63,0.008618028916736126
P-DOUYIN-124584,耐克 美妆个护 82,运动户外,1419.75,0.0,1419.75,0.008600582410420218
P-TAOBAO-328656,阿迪达斯 运动户外 100,运动户外,2606.81,1188.75,1418.06,0.008590344703589008
P-JD-373896,ZARA 图书文具 96,电子产品,1417.22,0.0,1417.22,0.008585256139246869
P-TAOBAO-938816,小米 食品饮料 81,美妆个护,1416.9299999999998,0.0,1416.9299999999998,0.00858349937298589
P-TAOBAO-124777,三星 美妆个护 17,电子产品,2007.95,596.14,1411.81,0.008552483361757611
P-JD-859303,三星 图书文具 4,图书文具,1409.23,0.0,1409.23,0.00853685419984961
P-TAOBAO-357495,华为 电子产品 23,母婴用品,2250.52,841.45,1409.07,0.008535884949498727
P-TAOBAO-988498,海尔 美妆个护 2,母婴用品,1407.92,0.0,1407.92,0.00852891846260175
P-DOUYIN-589610,华为 运动户外 65,运动户外,1634.74,236.53,1398.21,0.008470097081932491
P-TAOBAO-727309,Apple 美妆个护 71,食品饮料,1876.07,482.74,1393.33,0.008440534946230534
P-DOUYIN-255985,海尔 服装鞋帽 95,家居用品,1391.88,0.0,1391.88,0.008431751114925652
P-TAOBAO-919678,阿迪达斯 电子产品 71,食品饮料,1389.01,0.0,1389.01,0.008414365186756674
P-JD-316242,阿迪达斯 电子产品 26,食品饮料,2495.31,1107.13,1388.1799999999998,0.008409337200561463
P-JD-860100,华为 图书文具 6,家居用品,1387.98,0.0,1387.98,0.00840812563762286
P-TAOBAO-271127,阿迪达斯 电子产品 39,运动户外,1842.8200000000002,456.97,1385.8500000000001,0.00839522249232672
P-JD-642305,三星 家居用品 42,电子产品,1381.5,0.0,1381.5,0.008368870998412067
P-JD-704135,格力 电子产品 78,美妆个护,1495.02,118.49,1376.53,0.00833876365938774
P-TAOBAO-331534,Apple 运动户外 51,运动户外,1625.4,259.18,1366.22,0.008276307589902667
P-DOUYIN-277162,Apple 图书文具 4,电子产品,1363.24,0.0,1363.24,0.008258255302117457
P-JD-163775,海尔 美妆个护 93,美妆个护,1355.74,0.0,1355.74,0.008212821691919779
P-TAOBAO-936907,Apple 服装鞋帽 88,食品饮料,1619.06,276.86,1342.1999999999998,0.00813079888097624
P-JD-769000,ZARA 美妆个护 62,图书文具,1342.02,0.0,1342.02,0.008129708474331495
P-JD-111728,阿迪达斯 服装鞋帽 21,服装鞋帽,3645.37,2307.75,1337.62,0.00810305408968219
P-JD-894252,华为 食品饮料 6,食品饮料,1336.98,0.0,1336.98,0.008099177088278658
P-DOUYIN-190314,优衣库 家居用品 3,服装鞋帽,1331.07,0.0,1331.07,0.008063375403442888
P-DOUYIN-696213,优衣库 美妆个护 25,运动户外,1327.3,0.0,1327.3,0.008040537442050188
P-DOUYIN-600902,格力 服装鞋帽 16,美妆个护,1325.88,0.0,1325.88,0.008031935345186095
P-DOUYIN-498821,Apple 母婴用品 22,家居用品,1455.8899999999999,134.26,1321.6299999999999,0.008006189632740744
P-JD-745149,ZARA 家居用品 11,美妆个护,1319.8,0.0,1319.8,0.007995103831852512
P-TAOBAO-417420,海尔 图书文具 43,家居用品,3724.58,2405.61,1318.9699999999998,0.007990075845657302
P-DOUYIN-271587,格力 运动户外 10,电子产品,3968.25,2649.31,1318.94,0.007989894111216513
P-DOUYIN-294176,优衣库 食品饮料 22,电子产品,1315.95,0.0,1315.95,0.007971781245284372
P-JD-176791,阿迪达斯 母婴用品 71,图书文具,2063.73,757.41,1306.3200000000002,0.007913444489790556
P-JD-152775,阿迪达斯 运动户外 78,运动户外,1297.95,0.0,1297.95,0.007862740580809947
P-JD-214793,小米 电子产品 32,电子产品,1292.56,0.0,1292.56,0.00783008895961455
P-DOUYIN-320341,华为 食品饮料 22,服装鞋帽,3207.65,1918.02,1289.63,0.007812339562563992
P-DOUYIN-637425,耐克 图书文具 58,服装鞋帽,1289.6,0.0,1289.6,0.0078121578281231995
P-DOUYIN-975114,海尔 美妆个护 60,食品饮料,1287.07,0.0,1287.07,0.0077968315569498505
P-DOUYIN-752640,优衣库 食品饮料 42,家居用品,1917.98,632.27,1285.71,0.007788592928967338
P-TAOBAO-305965,阿迪达斯 图书文具 31,母婴用品,2001.51,722.82,1278.69,0.0077460670698223134
P-DOUYIN-556316,海尔 图书文具 75,电子产品,2377.61,1102.12,1275.4900000000002,0.007726682062804639
P-DOUYIN-693308,三星 图书文具 32,运动户外,1270.87,0.0,1270.87,0.007698694958922868
P-TAOBAO-348534,格力 美妆个护 31,图书文具,1592.07,333.49,1258.58,0.007624244416345609
P-JD-654368,ZARA 电子产品 66,食品饮料,1353.03,94.81,1258.22,0.007622063603056121
P-JD-806642,耐克 母婴用品 97,母婴用品,2860.28,1605.66,1254.6200000000001,0.0076002554701612365
P-TAOBAO-181447,格力 图书文具 15,美妆个护,1251.5,0.0,1251.5,0.007581355088319002
P-JD-660151,Apple 图书文具 72,家居用品,2661.0,1409.78,1251.22,0.007579658900204955
P-TAOBAO-409327,耐克 母婴用品 40,美妆个护,1248.65,0.0,1248.65,0.007564090316443886
P-TAOBAO-658799,华为 电子产品 90,运动户外,1794.83,549.25,1245.58,0.007545492825336302
P-TAOBAO-931113,小米 图书文具 17,美妆个护,1238.83,0.0,1238.83,0.007504602576158393
P-TAOBAO-600698,阿迪达斯 美妆个护 31,母婴用品,1362.17,126.25,1235.92,0.0074869743354016955
P-JD-669082,优衣库 图书文具 98,服装鞋帽,1442.02,211.28,1230.74,0.007455594855291832
P-DOUYIN-387644,三星 图书文具 86,美妆个护,2608.82,1379.67,1229.15,0.007445962929929926
P-DOUYIN-472338,海尔 美妆个护 53,母婴用品,1227.63,0.0,1227.63,0.00743675505159653
P-DOUYIN-844730,耐克 运动户外 59,电子产品,2225.81,999.64,1226.17,0.007427910642144715
P-JD-200848,华为 母婴用品 76,图书文具,1812.26,586.22,1226.04,0.007427123126234622
P-DOUYIN-929219,华为 母婴用品 89,图书文具,2324.86,1101.33,1223.5300000000002,0.007411918011355134
P-JD-338537,三星 食品饮料 6,美妆个护,1221.08,0.0,1221.08,0.007397076365357224
P-TAOBAO-278392,华为 食品饮料 23,食品饮料,3493.25,2272.74,1220.5100000000002,0.0073936234109822025
P-JD-715968,优衣库 母婴用品 64,母婴用品,1220.23,0.0,1220.23,0.007391927222868155
P-TAOBAO-685720,耐克 运动户外 35,美妆个护,2412.23,1202.43,1209.8,0.0073287442156199185
P-TAOBAO-543845,Apple 食品饮料 56,服装鞋帽,1925.38,715.82,1209.56,0.007327290340093593
P-JD-975833,ZARA 电子产品 4,母婴用品,1231.5,23.24,1208.26,0.007319415180992663
P-JD-163510,ZARA 服装鞋帽 91,服装鞋帽,1205.37,0.0,1205.37,0.007301908096529824
P-DOUYIN-643878,海尔 图书文具 91,食品饮料,1200.17,0.0,1200.17,0.007270407460126103
P-JD-441353,Apple 电子产品 54,家居用品,1357.18,158.07,1199.1100000000001,0.0072639861765514974
P-TAOBAO-686715,小米 服装鞋帽 57,食品饮料,1194.7,0.0,1194.7,0.0072372712137552635
P-JD-393128,海尔 家居用品 88,食品饮料,3399.55,2206.11,1193.44,0.007229638367242054
P-JD-947297,耐克 家居用品 65,服装鞋帽,2436.72,1245.6599999999999,1191.06,0.007215220768272657
P-JD-383335,华为 家居用品 55,母婴用品,1190.61,0.0,1190.61,0.007212494751660796
P-JD-801201,华为 母婴用品 76,食品饮料,1188.38,0.0,1188.38,0.007198985824895355
P-TAOBAO-858268,ZARA 母婴用品 23,图书文具,1186.75,0.0,1186.75,0.007189111586945725
P-DOUYIN-462292,ZARA 运动户外 16,母婴用品,2193.26,1008.11,1185.15,0.007179419083436889
P-DOUYIN-159720,耐克 食品饮料 15,图书文具,1182.5,0.0,1182.5,0.007163365874500375
P-JD-810902,阿迪达斯 母婴用品 13,图书文具,1180.08,0.0,1180.08,0.007148705962943258
P-DOUYIN-793746,阿迪达斯 服装鞋帽 50,电子产品,4292.59,3114.81,1177.7800000000002,0.007134772989149305
P-TAOBAO-962507,ZARA 运动户外 41,美妆个护,1628.39,455.29,1173.1000000000001,0.007106422416385955
P-JD-504537,优衣库 食品饮料 100,运动户外,1173.05,0.0,1173.05,0.007106119525651302
P-DOUYIN-608024,ZARA 美妆个护 2,母婴用品,2648.9700000000003,1478.65,1170.3200000000002,0.007089581691539349
P-DOUYIN-747149,优衣库 运动户外 46,美妆个护,1168.42,0.0,1168.42,0.007078071843622604
P-TAOBAO-267643,华为 美妆个护 5,食品饮料,1168.06,0.0,1168.06,0.0070758910303331144
P-JD-330784,ZARA 运动户外 51,图书文具,3087.2200000000003,1919.7,1167.5200000000002,0.007072619810398884
P-DOUYIN-450124,耐克 服装鞋帽 1,食品饮料,2462.22,1300.1100000000001,1162.1099999999997,0.007039847032909623
P-DOUYIN-770172,优衣库 运动户外 33,食品饮料,1159.4099999999999,0.0,1159.4099999999999,0.00702349093323846
P-TAOBAO-517280,阿迪达斯 图书文具 67,电子产品,3156.61,1999.87,1156.7400000000002,0.00700731656800809
P-TAOBAO-192377,海尔 美妆个护 98,运动户外,1156.16,0.0,1156.16,0.007003803035486135
P-JD-796217,华为 母婴用品 61,母婴用品,1152.86,0.0,1152.86,0.006983812246999156
P-DOUYIN-173959,三星 母婴用品 31,图书文具,1152.35,0.0,1152.35,0.006980722761505714
P-JD-874586,Apple 食品饮料 23,图书文具,1416.8700000000001,273.6,1143.27,0.006925717804093061
P-JD-562207,小米 食品饮料 97,电子产品,1138.94,0.0,1138.94,0.006899487466472269
P-DOUYIN-117394,优衣库 服装鞋帽 29,母婴用品,1733.54,594.65,1138.8899999999999,0.0068991845757376165
P-JD-478255,耐克 电子产品 64,服装鞋帽,2443.21,1305.33,1137.88,0.006893066182897665
P-TAOBAO-144443,小米 家居用品 59,家居用品,1129.26,0.0,1129.26,0.0068408478202438006
P-JD-869280,ZARA 电子产品 95,图书文具,1904.68,777.51,1127.17,0.006828186987535382
P-DOUYIN-996803,三星 图书文具 70,美妆个护,1124.2,0.0,1124.2,0.006810195277897102
P-DOUYIN-629295,华为 服装鞋帽 5,图书文具,1616.11,492.62,1123.4899999999998,0.006805894229465053
P-TAOBAO-404743,阿迪达斯 母婴用品 32,电子产品,1122.63,0.0,1122.63,0.006800684508829055
P-DOUYIN-527551,耐克 图书文具 74,食品饮料,1246.0,124.6,1121.4,0.0067932333967566354
P-DOUYIN-658916,Apple 运动户外 23,电子产品,1121.22,0.0,1121.22,0.006792142990111891
P-JD-716468,阿迪达斯 食品饮料 32,服装鞋帽,1118.6,0.0,1118.6,0.006776271515616168
P-DOUYIN-119632,格力 图书文具 64,电子产品,2249.7400000000002,1132.44,1117.3000000000002,0.0067683963565152395
P-JD-201525,ZARA 图书文具 79,图书文具,1864.1100000000001,747.91,1116.2000000000003,0.006761732760352915
P-TAOBAO-528243,三星 美妆个护 60,母婴用品,1115.05,0.0,1115.05,0.006754766273455936
P-JD-157169,Apple 食品饮料 90,运动户外,1112.48,0.0,1112.48,0.006739197689694865
P-TAOBAO-950502,三星 家居用品 100,图书文具,1112.13,0.0,1112.13,0.006737077454552307
P-DOUYIN-896459,耐克 图书文具 97,食品饮料,3268.5299999999997,2163.95,1104.58,0.006691340953619979
P-DOUYIN-232918,华为 电子产品 92,运动户外,1100.8600000000001,0.0,1100.8600000000001,0.006668805882961932
P-TAOBAO-223915,华为 家居用品 97,食品饮料,1096.34,0.0,1096.34,0.0066414245605494636
P-TAOBAO-936087,Apple 服装鞋帽 18,运动户外,2864.37,1768.61,1095.76,0.006637911028027511
P-DOUYIN-468395,华为 家居用品 28,电子产品,1092.45,0.0,1092.45,0.006617859661393603
P-DOUYIN-972947,小米 图书文具 67,母婴用品,1091.49,0.0,1091.49,0.0066120441592883005
P-JD-191365,小米 家居用品 72,家居用品,1091.48,0.0,1091.48,0.00661198358114137
P-DOUYIN-435174,耐克 图书文具 44,美妆个护,1648.52,557.37,1091.15,0.006609984502292673
P-DOUYIN-660243,ZARA 食品饮料 69,母婴用品,1756.31,673.26,1083.05,0.006560916203279181
P-TAOBAO-724517,阿迪达斯 服装鞋帽 68,电子产品,1076.9099999999999,0.0,1076.9099999999999,0.006523721221064016
P-JD-792526,小米 图书文具 82,美妆个护,1072.72,0.0,1072.72,0.006498338977500248
P-DOUYIN-180898,三星 运动户外 16,美妆个护,1445.32,374.63,1070.69,0.00648604161367341
P-DOUYIN-518702,海尔 家居用品 11,运动户外,1070.4,0.0,1070.4,0.0064842848474124335
P-DOUYIN-336887,ZARA 美妆个护 61,母婴用品,1639.8799999999999,572.2,1067.6799999999998,0.0064678075914474074
P-DOUYIN-213438,阿迪达斯 家居用品 18,服装鞋帽,1065.75,0.0,1065.75,0.006456116009089873
P-DOUYIN-745204,格力 母婴用品 62,运动户外,1683.43,618.9,1064.5300000000002,0.006448725475164386
P-DOUYIN-701925,三星 母婴用品 46,家居用品,1064.16,0.0,1064.16,0.006446484083727966
P-JD-935994,格力 电子产品 51,食品饮料,1064.11,0.0,1064.11,0.006446181192993314
P-DOUYIN-550097,海尔 服装鞋帽 84,服装鞋帽,1056.58,0.0,1056.58,0.006400565848354847
P-JD-482959,海尔 电子产品 78,运动户外,1056.14,0.0,1056.14,0.006397900409889918
P-JD-182839,优衣库 服装鞋帽 66,运动户外,1793.87,740.95,1052.9199999999998,0.00637839424657838
P-JD-275519,海尔 食品饮料 64,美妆个护,2295.61,1243.08,1052.5300000000002,0.0063760316988481025
P-DOUYIN-278826,小米 食品饮料 60,食品饮料,3665.7,2624.47,1041.23,0.0063075783928169355
P-JD-175758,小米 家居用品 64,家居用品,1040.54,0.0,1040.54,0.0063033985006787484
P-DOUYIN-530402,小米 电子产品 77,图书文具,2405.9700000000003,1370.33,1035.6400000000003,0.0062737152086829355
P-DOUYIN-134539,海尔 美妆个护 12,食品饮料,1771.46,737.05,1034.41,0.006266264096610515
P-TAOBAO-220347,海尔 食品饮料 33,电子产品,4585.59,3551.94,1033.65,0.006261660157443817
P-TAOBAO-123946,小米 服装鞋帽 81,食品饮料,4491.35,3463.43,1027.9200000000005,0.006226948879252795
P-JD-212137,优衣库 美妆个护 56,母婴用品,1027.37,0.0,1027.37,0.006223617081171628
P-DOUYIN-672059,海尔 运动户外 59,服装鞋帽,1026.53,0.0,1026.53,0.006218528516829489
P-TAOBAO-260518,阿迪达斯 美妆个护 19,家居用品,1024.42,0.0,1024.42,0.00620574652782721
P-JD-881155,Apple 家居用品 88,美妆个护,1537.1599999999999,513.57,1023.5899999999998,0.006200718541631998
P-JD-670492,ZARA 母婴用品 26,食品饮料,5120.98,4107.37,1013.6099999999997,0.0061402615509956225
P-DOUYIN-407455,优衣库 母婴用品 25,美妆个护,1007.96,0.0,1007.96,0.006106034897980041
P-JD-688712,格力 运动户外 98,母婴用品,1007.43,0.0,1007.43,0.006102824256192738
P-DOUYIN-136322,耐克 母婴用品 79,服装鞋帽,3692.7,2686.8700000000003,1005.8299999999995,0.006093131752683898
P-TAOBAO-281478,ZARA 母婴用品 75,服装鞋帽,3098.3,2092.53,1005.77,0.0060927682838023195
P-JD-833991,优衣库 服装鞋帽 63,食品饮料,1004.44,0.0,1004.44,0.006084711390260599
P-DOUYIN-782665,阿迪达斯 服装鞋帽 88,电子产品,993.4,0.0,993.4,0.006017833116049618
P-TAOBAO-223837,海尔 母婴用品 89,电子产品,991.43,0.0,991.43,0.006005899221104361
P-DOUYIN-179238,ZARA 图书文具 14,美妆个护,983.76,0.0,983.76,0.00595943578240887
P-DOUYIN-501998,ZARA 母婴用品 3,图书文具,2006.92,1024.13,982.79,0.005953559702156637
P-JD-520851,小米 服装鞋帽 48,图书文具,982.46,0.0,982.46,0.00595156062330794
P-JD-743364,耐克 服装鞋帽 53,家居用品,1962.66,981.65,981.0100000000001,0.005942776792003056
P-JD-286554,格力 图书文具 46,食品饮料,979.65,0.0,979.65,0.005934538164020543
P-TAOBAO-598765,阿迪达斯 电子产品 12,图书文具,977.2,0.0,977.2,0.005919696518022636
P-DOUYIN-601427,华为 母婴用品 90,食品饮料,976.76,0.0,976.76,0.005917031079557706
P-DOUYIN-399960,三星 图书文具 28,电子产品,976.58,0.0,976.58,0.005915940672912961
P-TAOBAO-309676,海尔 图书文具 17,美妆个护,1026.8,50.97,975.8299999999999,0.005911397311893193
P-DOUYIN-607927,格力 母婴用品 90,母婴用品,975.07,0.0,975.07,0.005906793372726496
P-TAOBAO-684315,格力 电子产品 11,母婴用品,3165.43,2191.5499999999997,973.8800000000001,0.005899584573241798
P-JD-986660,耐克 运动户外 30,美妆个护,967.42,0.0,967.42,0.005860451090324865
P-DOUYIN-425170,Apple 母婴用品 3,食品饮料,967.09,0.0,967.09,0.005858452011476167
P-JD-448813,阿迪达斯 图书文具 42,服装鞋帽,963.45,0.0,963.45,0.005836401565993562
P-DOUYIN-467769,格力 图书文具 44,运动户外,962.36,0.0,962.36,0.005829798547978166
P-TAOBAO-140002,小米 服装鞋帽 60,家居用品,958.81,0.0,958.81,0.005808293305817932
P-DOUYIN-675543,阿迪达斯 电子产品 92,服装鞋帽,8062.93,7104.27,958.6599999999999,0.005807384633613978
P-DOUYIN-470715,小米 食品饮料 39,运动户外,958.28,0.0,958.28,0.0058050826640306296
P-TAOBAO-656686,阿迪达斯 服装鞋帽 98,美妆个护,1666.72,708.86,957.86,0.00580253838185956
P-DOUYIN-697541,三星 美妆个护 35,电子产品,1811.51,854.06,957.45,0.00580005467783542
P-DOUYIN-940577,海尔 电子产品 55,食品饮料,951.6,0.0,951.6,0.005764616461881232
P-TAOBAO-914474,耐克 服装鞋帽 89,服装鞋帽,946.18,0.0,946.18,0.005731783106245045
P-JD-517844,优衣库 家居用品 73,图书文具,940.33,0.0,940.33,0.0056963448902908565
P-DOUYIN-280688,ZARA 家居用品 34,家居用品,939.24,0.0,939.24,0.005689741872275461
P-DOUYIN-973940,优衣库 服装鞋帽 2,图书文具,1177.86,241.31,936.55,0.005673446350751227
P-DOUYIN-280383,海尔 美妆个护 73,家居用品,1545.49,613.7,931.79,0.005644611152812435
P-JD-339960,ZARA 美妆个护 36,图书文具,930.69,0.0,930.69,0.00563794755665011
P-DOUYIN-126566,格力 家居用品 74,母婴用品,2277.05,1349.0700000000002,927.98,0.005621530878832015
P-DOUYIN-606232,ZARA 运动户外 96,家居用品,1800.78,873.59,927.1899999999999,0.005616745205224527
P-DOUYIN-302047,ZARA 母婴用品 51,家居用品,923.62,0.0,923.62,0.005595118806770433
P-DOUYIN-871560,耐克 服装鞋帽 82,食品饮料,1567.46,648.66,918.8000000000001,0.00556592013995006
P-JD-588904,华为 服装鞋帽 17,家居用品,918.41,0.0,918.41,0.0055635575922197795
P-JD-761200,ZARA 图书文具 48,图书文具,917.02,0.0,917.02,0.005555137229796477
P-DOUYIN-702714,小米 图书文具 70,运动户外,1316.12,399.73,916.3899999999999,0.0055513208065398716
P-JD-417657,小米 食品饮料 9,图书文具,911.77,0.0,911.77,0.005523333702658104
P-JD-646087,华为 运动户外 34,图书文具,909.87,0.0,909.87,0.005511823854741358
P-JD-972632,ZARA 美妆个护 39,美妆个护,1018.98,112.3,906.6800000000001,0.005492499425870614
P-DOUYIN-458250,小米 运动户外 9,图书文具,904.15,0.0,904.15,0.005477173154697264
P-JD-944294,华为 母婴用品 11,运动户外,901.01,0.0,901.01,0.00545815161656117
P-TAOBAO-162241,耐克 家居用品 45,母婴用品,3510.4700000000003,2614.12,896.3500000000004,0.005429922200091682
P-TAOBAO-266626,海尔 食品饮料 59,美妆个护,894.8199999999999,0.0,894.8199999999999,0.005420653743611353
P-JD-131666,华为 家居用品 43,电子产品,891.15,0.0,891.15,0.005398421563687957
P-JD-947034,格力 食品饮料 32,母婴用品,890.41,0.0,890.41,0.00539393878081512
P-JD-771983,优衣库 食品饮料 12,家居用品,885.9,0.0,885.9,0.005366618036549584
P-JD-514839,小米 运动户外 7,图书文具,883.35,0.0,883.35,0.005351170609082374
P-DOUYIN-740183,格力 家居用品 54,服装鞋帽,878.71,0.0,878.71,0.005323062348906745
P-JD-536145,格力 电子产品 66,美妆个护,1619.1299999999999,746.29,872.8399999999999,0.005287502976658695
P-JD-645490,小米 图书文具 85,运动户外,1557.07,689.51,867.56,0.005255517715079531
P-TAOBAO-983443,Apple 运动户外 99,母婴用品,862.93,0.0,862.93,0.005227470033050832
P-TAOBAO-845889,小米 电子产品 33,母婴用品,1243.29,381.37,861.92,0.005221351640210878
P-JD-848275,华为 电子产品 91,图书文具,1321.62,460.07,861.55,0.005219110248774459
P-DOUYIN-586761,海尔 美妆个护 53,服装鞋帽,1245.82,385.62,860.1999999999999,0.005210932198938877
P-DOUYIN-941066,阿迪达斯 母婴用品 32,母婴用品,854.05,0.0,854.05,0.005173676638576783
P-DOUYIN-704618,Apple 图书文具 43,美妆个护,853.34,0.0,853.34,0.005169375590144736
P-TAOBAO-840437,ZARA 美妆个护 4,家居用品,5489.16,4635.85,853.3099999999995,0.0051691938557039425
P-JD-146245,耐克 电子产品 77,服装鞋帽,2358.41,1512.14,846.2699999999998,0.005126546840265058
P-TAOBAO-661098,华为 电子产品 65,家居用品,3784.17,2938.27,845.9000000000001,0.005124305448828641
P-TAOBAO-657555,小米 食品饮料 93,图书文具,842.7,0.0,842.7,0.005104920441810965
P-TAOBAO-601598,耐克 运动户外 94,运动户外,834.44,0.0,834.44,0.005054882892446591
P-JD-307744,Apple 电子产品 83,食品饮料,827.23,0.0,827.23,0.00501120604850989
P-DOUYIN-782087,阿迪达斯 家居用品 13,母婴用品,1544.32,718.76,825.56,0.005001089497972541
P-DOUYIN-821510,Apple 电子产品 40,美妆个护,2207.29,1383.75,823.54,0.004988852712292633
P-JD-563400,阿迪达斯 电子产品 58,运动户外,813.61,0.0,813.61,0.004928698612390909
P-TAOBAO-225853,华为 美妆个护 47,图书文具,812.59,0.0,812.59,0.004922519641404026
P-DOUYIN-932305,三星 美妆个护 37,电子产品,807.04,0.0,807.04,0.004888898769857744
P-DOUYIN-220322,小米 服装鞋帽 30,家居用品,1903.05,1099.48,803.5699999999999,0.004867878152872952
P-JD-765459,耐克 母婴用品 33,美妆个护,797.8199999999999,0.0,797.8199999999999,0.004833045718388067
P-TAOBAO-936230,海尔 家居用品 59,图书文具,2803.84,2008.6799999999998,795.1600000000003,0.004816931931304626
P-JD-657631,华为 电子产品 10,运动户外,791.64,0.0,791.64,0.0047956084235851815
P-TAOBAO-113106,Apple 电子产品 97,食品饮料,1769.53,979.59,789.9399999999999,0.004785310138607041
P-JD-677791,华为 食品饮料 32,母婴用品,788.11,0.0,788.11,0.004774224337718808
P-DOUYIN-617819,三星 母婴用品 50,服装鞋帽,1189.71,402.1,787.61,0.004771195430372297
P-JD-375736,Apple 美妆个护 35,运动户外,786.42,0.0,786.42,0.004763986630887599
P-TAOBAO-784985,ZARA 服装鞋帽 57,美妆个护,784.21,0.0,784.21,0.004750598860416017
P-JD-135368,阿迪达斯 电子产品 76,服装鞋帽,783.58,0.0,783.58,0.004746782437159412
P-JD-489551,小米 母婴用品 46,电子产品,782.58,0.0,782.58,0.004740724622466388
P-JD-912677,耐克 图书文具 86,食品饮料,777.23,0.0,777.23,0.004708315313858712
P-TAOBAO-505335,ZARA 图书文具 7,运动户外,776.87,0.0,776.87,0.004706134500569223
P-DOUYIN-417760,格力 食品饮料 45,电子产品,3308.92,2532.5,776.4200000000001,0.004703408483957363
P-TAOBAO-726492,Apple 运动户外 70,美妆个护,3267.26,2493.48,773.7800000000002,0.0046874158531677815
P-DOUYIN-316886,ZARA 服装鞋帽 70,食品饮料,771.3399999999999,0.0,771.3399999999999,0.004672634785316802
P-DOUYIN-756765,格力 母婴用品 6,运动户外,769.39,0.0,769.39,0.004660822046665407
P-DOUYIN-553821,三星 服装鞋帽 14,运动户外,768.65,0.0,768.65,0.004656339263792569
P-TAOBAO-831823,Apple 美妆个护 14,电子产品,768.4,0.0,768.4,0.004654824810119314
P-TAOBAO-250103,华为 电子产品 7,运动户外,1509.8000000000002,743.28,766.5200000000002,0.0046434361184964305
P-DOUYIN-717445,小米 食品饮料 58,图书文具,4058.7,3292.2900000000004,766.4099999999994,0.004642769758880193
P-DOUYIN-355017,海尔 运动户外 10,母婴用品,765.62,0.0,765.62,0.0046379840852727085
P-JD-423976,小米 美妆个护 76,家居用品,2448.08,1688.05,760.03,0.004604120901138706
P-JD-167614,耐克 母婴用品 79,家居用品,759.58,0.0,759.58,0.004601394884526846
P-JD-134230,ZARA 服装鞋帽 71,食品饮料,755.1600000000001,0.0,755.1600000000001,0.004574619343583682
P-JD-117626,三星 家居用品 79,美妆个护,1027.0,273.13,753.87,0.0045668047626296815
P-DOUYIN-484587,格力 家居用品 83,图书文具,4242.62,3488.77,753.8499999999999,0.00456668360633582
P-JD-418369,阿迪达斯 母婴用品 41,运动户外,751.61,0.0,751.61,0.004553114101423448
P-DOUYIN-156720,华为 运动户外 94,家居用品,751.07,0.0,751.07,0.004549842881489216
P-JD-325572,三星 美妆个护 86,家居用品,748.19,0.0,748.19,0.0045323963751733075
P-DOUYIN-254041,Apple 运动户外 70,服装鞋帽,1324.26,577.35,746.91,0.004524642372366237
P-DOUYIN-212327,Apple 服装鞋帽 40,家居用品,1726.35,980.64,745.7099999999999,0.0045173729947346085
P-DOUYIN-349761,ZARA 母婴用品 86,电子产品,4133.8099999999995,3389.38,744.4299999999994,0.004509618991927535
P-JD-893627,三星 美妆个护 59,母婴用品,742.32,0.0,742.32,0.004496837002925259
P-DOUYIN-258299,Apple 美妆个护 43,食品饮料,740.53,0.0,740.53,0.004485993514624746
P-TAOBAO-456462,小米 美妆个护 91,母婴用品,1606.74,868.9,737.84,0.004469697993100513
P-JD-583648,格力 美妆个护 10,运动户外,733.48,0.0,733.48,0.004443285921038931
P-TAOBAO-618536,华为 图书文具 71,电子产品,1615.12,881.85,733.2699999999999,0.004442013779953395
P-DOUYIN-314515,海尔 食品饮料 62,图书文具,730.05,0.0,730.05,0.004422507616641859
P-TAOBAO-339342,海尔 服装鞋帽 62,电子产品,727.85,0.0,727.85,0.004409180424317208
P-JD-313385,海尔 服装鞋帽 56,图书文具,722.47,0.0,722.47,0.004376589381268742
P-DOUYIN-319757,三星 母婴用品 21,电子产品,3990.6,3270.56,720.04,0.004361868891564693
P-JD-899977,Apple 家居用品 21,服装鞋帽,717.5,0.0,717.5,0.004346482042244414
P-DOUYIN-516460,阿迪达斯 运动户外 25,图书文具,2421.13,1704.89,716.24,0.004338849195731204
P-TAOBAO-919045,耐克 家居用品 56,图书文具,2162.24,1447.81,714.4299999999998,0.00432788455113683
P-DOUYIN-192524,三星 家居用品 23,家居用品,891.76,180.54,711.22,0.004308438965972226
P-TAOBAO-657908,Apple 母婴用品 83,图书文具,1196.39,485.68,710.71,0.004305349480478784
P-TAOBAO-111829,Apple 运动户外 68,运动户外,1001.61,297.27,704.34,0.004266761200884224
P-JD-950129,华为 家居用品 63,服装鞋帽,697.45,0.0,697.45,0.004225022857649291
P-DOUYIN-431828,海尔 母婴用品 33,服装鞋帽,696.38,0.0,696.38,0.004218540995927756
P-DOUYIN-389433,三星 食品饮料 88,运动户外,693.51,0.0,693.51,0.0042011550677587784
P-DOUYIN-720970,三星 运动户外 61,电子产品,693.33,0.0,693.33,0.004200064661114034
P-JD-822196,海尔 美妆个护 4,美妆个护,689.85,0.0,689.85,0.0041789834659823125
P-DOUYIN-148006,优衣库 美妆个护 10,食品饮料,3230.17,2541.04,689.1300000000001,0.004174621839403336
P-DOUYIN-315436,ZARA 电子产品 80,电子产品,687.1,0.0,687.1,0.004162324475576498
P-DOUYIN-654405,三星 电子产品 56,图书文具,1722.31,1038.99,683.3199999999999,0.004139425936036867
P-JD-109203,优衣库 母婴用品 11,食品饮料,674.24,0.0,674.24,0.004084420978624214
P-JD-537678,ZARA 图书文具 94,家居用品,673.88,0.0,673.88,0.004082240165334726
P-TAOBAO-658901,海尔 运动户外 66,服装鞋帽,1634.76,961.41,673.35,0.004079029523547423
P-DOUYIN-662538,格力 服装鞋帽 65,电子产品,672.24,0.0,672.24,0.004072305349238167
P-DOUYIN-788390,格力 运动户外 69,美妆个护,671.38,0.0,671.38,0.004067095628602167
P-TAOBAO-138916,格力 电子产品 20,服装鞋帽,670.05,0.0,670.05,0.004059038735060445
P-JD-696702,小米 食品饮料 78,图书文具,2869.69,2201.23,668.46,0.0040494068096985384
P-JD-464053,ZARA 美妆个护 25,图书文具,934.1,266.41,667.69,0.00404474229238491
P-JD-796378,耐克 家居用品 66,食品饮料,1099.79,436.61,663.18,0.004017421548119373
P-TAOBAO-852444,阿迪达斯 运动户外 86,运动户外,661.71,0.0,661.71,0.004008516560520629
P-JD-699086,ZARA 电子产品 25,食品饮料,3644.17,2985.03,659.1399999999999,0.003992947976759557
P-TAOBAO-915903,耐克 食品饮料 84,母婴用品,4069.38,3418.09,651.29,0.003945394131419323
P-TAOBAO-393727,ZARA 美妆个护 95,电子产品,1674.49,1023.95,650.54,0.003940850770399555
P-JD-415731,小米 美妆个护 18,运动户外,2028.19,1385.17,643.02,0.003895296003908018
P-JD-429904,阿迪达斯 运动户外 2,服装鞋帽,661.55,18.79,642.76,0.003893720972087832
P-TAOBAO-710135,耐克 电子产品 65,家居用品,3670.13,3030.19,639.94,0.0038766379346535057
P-DOUYIN-483351,格力 母婴用品 50,美妆个护,1763.85,1124.09,639.76,0.0038755475280087613
P-TAOBAO-660537,华为 电子产品 44,图书文具,2111.28,1475.52,635.7600000000002,0.003851316269236668
P-DOUYIN-967008,Apple 家居用品 65,美妆个护,634.05,0.0,634.05,0.0038409574061115965
P-DOUYIN-832355,三星 母婴用品 39,母婴用品,633.05,0.0,633.05,0.0038348995914185727
P-DOUYIN-880530,阿迪达斯 美妆个护 97,服装鞋帽,629.15,0.0,629.15,0.003811274114115781
P-DOUYIN-725653,格力 家居用品 6,运动户外,3987.8599999999997,3359.54,628.3199999999997,0.0038062461279205696
P-DOUYIN-471085,三星 运动户外 95,运动户外,1220.86,593.67,627.1899999999999,0.0037994007973174548
P-DOUYIN-815041,三星 服装鞋帽 82,电子产品,1021.81,402.07,619.74,0.0037542700778544296
P-JD-509560,格力 母婴用品 44,美妆个护,619.02,0.0,619.02,0.003749908451275452
P-DOUYIN-845935,华为 食品饮料 83,美妆个护,1087.49,470.64,616.85,0.0037367629933915915
P-JD-290835,ZARA 母婴用品 17,运动户外,716.27,100.37,615.9,0.003731008069433219
P-JD-138223,小米 食品饮料 99,图书文具,1655.34,1039.69,615.6499999999999,0.003729493615759962
P-JD-726716,三星 服装鞋帽 46,食品饮料,615.01,0.0,615.01,0.003725616614356428
P-JD-911409,海尔 图书文具 44,母婴用品,613.55,0.0,613.55,0.003716772204904613
P-JD-846791,三星 家居用品 1,食品饮料,613.36,0.0,613.36,0.003715621220112939
P-JD-130217,Apple 图书文具 100,母婴用品,611.19,0.0,611.19,0.0037024757622290782
P-TAOBAO-383549,小米 电子产品 62,美妆个护,607.78,0.0,607.78,0.0036818186141258672
P-JD-171115,ZARA 服装鞋帽 1,运动户外,602.01,0.0,602.01,0.0036468650233471215
P-TAOBAO-845665,Apple 电子产品 6,食品饮料,4356.91,3756.17,600.7399999999998,0.0036391715986869803
P-DOUYIN-850372,ZARA 美妆个护 59,图书文具,598.52,0.0,598.52,0.003625723250068469
P-TAOBAO-942993,小米 美妆个护 42,电子产品,593.95,0.0,593.95,0.0035980390369213518
P-JD-465316,华为 图书文具 44,运动户外,586.93,0.0,586.93,0.0035555131777763255
P-DOUYIN-639132,格力 电子产品 84,图书文具,586.8,0.0,586.8,0.0035547256618662327
P-TAOBAO-165737,三星 家居用品 42,运动户外,734.73,149.48,585.25,0.0035453360490920465
P-DOUYIN-739461,海尔 图书文具 68,母婴用品,583.61,0.0,583.61,0.0035354012329954876
P-TAOBAO-643460,ZARA 食品饮料 8,食品饮料,581.63,0.0,581.63,0.003523406759903301
P-DOUYIN-894289,三星 家居用品 72,电子产品,1011.47,430.12,581.35,0.0035217105717892543
P-TAOBAO-976529,三星 图书文具 58,母婴用品,579.15,0.0,579.15,0.0035083833794646024
P-DOUYIN-586439,ZARA 美妆个护 1,家居用品,1366.7800000000002,792.52,574.2600000000002,0.0034787606656157184
P-TAOBAO-105733,海尔 服装鞋帽 99,服装鞋帽,4452.9,3879.02,573.8799999999997,0.0034764586960323663
P-TAOBAO-201634,海尔 家居用品 44,运动户外,1085.94,515.1,570.84,0.003458042939365577
P-JD-929190,华为 母婴用品 21,电子产品,568.38,0.0,568.38,0.0034431407152207385
P-TAOBAO-770502,格力 运动户外 2,食品饮料,567.55,0.0,567.55,0.003438112729025529
P-DOUYIN-743315,华为 服装鞋帽 2,电子产品,561.37,0.0,561.37,0.0034006754342226432
P-DOUYIN-316333,耐克 电子产品 3,电子产品,2337.7,1776.57,561.1299999999999,0.003399221558696317
P-TAOBAO-232262,阿迪达斯 母婴用品 72,母婴用品,1788.37,1228.75,559.6199999999999,0.0033900742585098514
P-JD-896367,小米 电子产品 69,运动户外,556.5699999999999,0.0,556.5699999999999,0.0033715979236961296
P-JD-346229,阿迪达斯 服装鞋帽 54,家居用品,556.25,0.0,556.25,0.0033696594229943627
P-JD-349145,ZARA 食品饮料 5,图书文具,553.97,0.0,553.97,0.003355847605494269
P-TAOBAO-305281,格力 图书文具 51,家居用品,3938.85,3386.32,552.5299999999997,0.0033471243523363133
P-JD-219795,优衣库 服装鞋帽 83,运动户外,551.52,0.0,551.52,0.003341005959496361
P-DOUYIN-336733,格力 食品饮料 89,母婴用品,1512.8799999999999,961.5,551.3799999999999,0.0033401578654393372
P-DOUYIN-467143,华为 服装鞋帽 36,电子产品,550.34,0.0,550.34,0.0033338577381585937
P-JD-401784,海尔 运动户外 28,美妆个护,550.26,0.0,550.26,0.003333373112983151
P-TAOBAO-844749,小米 电子产品 100,服装鞋帽,1483.74,936.64,547.1,0.003314230418553197
P-JD-928877,华为 服装鞋帽 42,食品饮料,683.35,136.39,546.96,0.003313382324496174
P-TAOBAO-956334,阿迪达斯 运动户外 49,图书文具,1027.72,480.95,546.77,0.003312231339704499
P-DOUYIN-745171,华为 美妆个护 89,图书文具,544.21,0.0,544.21,0.003296723334090359
P-TAOBAO-609044,海尔 图书文具 20,图书文具,543.48,0.0,543.48,0.003292301129364452
P-DOUYIN-852138,阿迪达斯 服装鞋帽 40,食品饮料,538.79,0.0,538.79,0.003263889978454171
P-DOUYIN-780543,三星 母婴用品 15,电子产品,531.02,0.0,531.02,0.003216820758289378
P-JD-422917,海尔 美妆个护 3,服装鞋帽,529.44,0.0,529.44,0.003207249411074401
P-TAOBAO-684129,华为 美妆个护 81,服装鞋帽,2657.2200000000003,2128.4900000000002,528.73,0.0032029483626423542
P-DOUYIN-419851,ZARA 食品饮料 50,家居用品,525.19,0.0,525.19,0.003181503698629051
P-JD-748292,ZARA 服装鞋帽 77,美妆个护,1169.9299999999998,646.39,523.5399999999998,0.0031715083043855606
P-TAOBAO-722014,耐克 电子产品 83,运动户外,2866.08,2347.84,518.2399999999998,0.0031394018865125353
P-DOUYIN-149364,耐克 电子产品 6,美妆个护,1392.7,882.47,510.23,0.003090878790821418
P-JD-245153,华为 母婴用品 54,母婴用品,510.07,0.0,510.07,0.003089909540470534
P-TAOBAO-659600,ZARA 电子产品 23,家居用品,508.54,0.0,508.54,0.0030806410839902083
P-DOUYIN-192309,格力 电子产品 15,图书文具,1529.99,1021.91,508.08000000000004,0.003077854489231417
P-DOUYIN-306668,阿迪达斯 电子产品 86,服装鞋帽,3416.46,2908.42,508.03999999999996,0.003077612176643696
P-JD-653500,ZARA 母婴用品 7,家居用品,1313.72,809.68,504.0400000000001,0.0030533809178716026
P-TAOBAO-552323,Apple 美妆个护 79,图书文具,1020.76,523.74,497.02,0.0030108550587265763
P-JD-920837,耐克 家居用品 46,美妆个护,496.43,0.0,496.43,0.0030072809480576924
P-DOUYIN-909297,小米 运动户外 26,食品饮料,495.98,0.0,495.98,0.003004554931445832
P-JD-609226,优衣库 美妆个护 76,食品饮料,2214.2,1718.53,495.66999999999985,0.0030026770088909934
P-JD-170581,小米 美妆个护 25,图书文具,3985.75,3490.15,495.5999999999999,0.0030022529618624824
P-DOUYIN-916418,阿迪达斯 美妆个护 54,服装鞋帽,487.7,0.0,487.7,0.0029543962257875967
P-TAOBAO-247672,ZARA 运动户外 56,美妆个护,487.17,0.0,487.17,0.002951185584000294
P-TAOBAO-993840,ZARA 电子产品 2,电子产品,1066.89,581.23,485.6600000000001,0.0029420382838138293
P-JD-957156,小米 电子产品 50,服装鞋帽,483.57,0.0,483.57,0.0029293774511054095
P-JD-791394,小米 母婴用品 80,服装鞋帽,483.49,0.0,483.49,0.0029288928259299674
P-TAOBAO-152568,海尔 服装鞋帽 2,电子产品,480.91,0.0,480.91,0.002913263664021967
P-DOUYIN-592583,阿迪达斯 美妆个护 50,运动户外,477.32,0.0,477.32,0.002891516109274012
P-DOUYIN-286093,海尔 运动户外 4,运动户外,2368.43,1894.5,473.92999999999984,0.0028709801174646612
P-JD-620325,ZARA 服装鞋帽 39,食品饮料,473.12,0.0,473.12,0.0028660732875633132
P-JD-416163,耐克 运动户外 24,食品饮料,1252.03,781.08,470.94999999999993,0.0028529278296794513
P-TAOBAO-861885,耐克 母婴用品 49,服装鞋帽,465.06,0.0,465.06,0.002817247301137543
P-JD-929247,优衣库 图书文具 64,家居用品,507.54,43.32,464.22,0.0028121587367954033
P-DOUYIN-656756,Apple 电子产品 4,食品饮料,458.43,0.0,458.43,0.002777083989722797
P-TAOBAO-135161,Apple 图书文具 59,电子产品,457.53,0.0,457.53,0.0027716319564990754
P-TAOBAO-241862,格力 运动户外 100,母婴用品,455.52,0.0,455.52,0.002759455748966098
P-TAOBAO-763814,Apple 食品饮料 16,运动户外,1895.85,1444.03,451.81999999999994,0.0027370418346019105
P-DOUYIN-499671,华为 图书文具 53,运动户外,451.56,0.0,451.56,0.002735466802781725
P-DOUYIN-320545,阿迪达斯 美妆个护 69,母婴用品,451.4,0.0,451.4,0.002734497552430841
P-TAOBAO-742391,小米 母婴用品 28,图书文具,888.26,437.84000000000003,450.41999999999996,0.0027285608940316778
P-JD-188293,格力 电子产品 81,食品饮料,450.17,0.0,450.17,0.002727046440358422
P-DOUYIN-808313,耐克 家居用品 40,服装鞋帽,450.10999999999996,0.0,450.10999999999996,0.00272668297147684
P-JD-793483,优衣库 家居用品 1,运动户外,444.63,0.0,444.63,0.0026934861469590714
P-JD-167013,Apple 电子产品 16,食品饮料,443.92,0.0,443.92,0.002689185098527025
P-TAOBAO-681859,格力 美妆个护 100,服装鞋帽,2244.91,1801.36,443.54999999999995,0.0026869437070906055
P-DOUYIN-127505,耐克 美妆个护 72,服装鞋帽,443.51,0.0,443.51,0.002686701394502885
P-TAOBAO-980040,海尔 食品饮料 59,运动户外,984.1,542.62,441.48,0.0026744040306760472
P-DOUYIN-995260,格力 服装鞋帽 88,母婴用品,439.28,0.0,439.28,0.0026610768383513953
P-TAOBAO-977112,华为 家居用品 33,家居用品,2680.52,2244.24,436.2800000000002,0.002642903394272326
P-DOUYIN-981767,阿迪达斯 食品饮料 96,运动户外,434.29,0.0,434.29,0.0026308483430332076
P-TAOBAO-526765,耐克 运动户外 95,家居用品,433.36,0.0,433.36,0.0026252145753686957
P-JD-627545,Apple 电子产品 94,运动户外,1642.16,1209.52,432.6400000000001,0.0026208529487897194
P-JD-217091,优衣库 运动户外 7,图书文具,432.51,0.0,432.51,0.002620065432879626
P-DOUYIN-631481,格力 图书文具 53,电子产品,944.73,516.24,428.49,0.002595713017813671
P-DOUYIN-213172,阿迪达斯 母婴用品 35,母婴用品,1095.48,668.5,426.98,0.0025865657176272054
P-JD-695054,小米 美妆个护 20,运动户外,426.23,0.0,426.23,0.002582022356607438
P-DOUYIN-394825,耐克 运动户外 20,母婴用品,425.61,0.0,425.61,0.002578266511497763
P-DOUYIN-211109,优衣库 美妆个护 49,电子产品,425.58,0.0,425.58,0.002578084777056972
P-JD-229121,华为 家居用品 53,电子产品,424.99,0.0,424.99,0.0025745106663880883
P-TAOBAO-878641,阿迪达斯 母婴用品 9,家居用品,422.92,0.0,422.92,0.0025619709899735296
P-JD-773149,优衣库 电子产品 26,电子产品,422.19,0.0,422.19,0.0025575487852476223
P-DOUYIN-248953,格力 母婴用品 24,美妆个护,2634.17,2212.12,422.0500000000002,0.0025567006911906003
P-TAOBAO-238042,优衣库 家居用品 66,美妆个护,421.09,0.0,421.09,0.002550885189085296
P-DOUYIN-913103,耐克 美妆个护 95,母婴用品,419.62,0.0,419.62,0.002541980201486552
P-DOUYIN-765315,华为 家居用品 64,母婴用品,417.69,0.0,417.69,0.002530288619129016
P-TAOBAO-478989,Apple 图书文具 4,图书文具,2702.3199999999997,2285.55,416.7699999999995,0.002524715429611432
P-JD-689434,Apple 图书文具 95,母婴用品,722.12,309.78,412.34000000000003,0.0024978793105213406
P-JD-178711,海尔 食品饮料 80,服装鞋帽,1045.1399999999999,636.01,409.1299999999999,0.002478433725356734
P-TAOBAO-431341,三星 美妆个护 22,食品饮料,408.36,0.0,408.36,0.0024737692080431064
P-DOUYIN-605882,三星 美妆个护 40,运动户外,457.61,50.33,407.28000000000003,0.002467226768174641
P-JD-604956,小米 图书文具 42,母婴用品,406.59,0.0,406.59,0.0024630468760364547
P-DOUYIN-599245,ZARA 食品饮料 48,电子产品,1160.3300000000002,754.37,405.96000000000015,0.0024592304527798507
P-JD-433328,耐克 母婴用品 45,服装鞋帽,1496.03,1091.92,404.1099999999999,0.0024480234955977557
P-TAOBAO-693774,华为 美妆个护 97,美妆个护,2767.55,2364.9700000000003,402.5799999999999,0.0024387550391174297
P-TAOBAO-867768,阿迪达斯 母婴用品 21,服装鞋帽,689.47,287.25,402.22,0.002436574225827942
P-JD-742673,三星 母婴用品 55,电子产品,400.97,0.0,400.97,0.0024290019574616625
P-DOUYIN-212189,小米 食品饮料 3,图书文具,2649.94,2249.2,400.74000000000024,0.0024276086600822683
P-JD-347820,华为 食品饮料 79,食品饮料,396.95,0.0,396.95,0.0024046495423957074
P-TAOBAO-957887,ZARA 食品饮料 24,电子产品,813.61,419.4,394.21000000000004,0.002388051130136823
P-JD-318489,耐克 母婴用品 91,运动户外,388.51,0.0,388.51,0.0023535215863865885
P-JD-805780,耐克 电子产品 4,家居用品,384.29,0.0,384.29,0.002327957608382029
P-JD-610908,海尔 美妆个护 75,食品饮料,1420.3100000000002,1036.46,383.85000000000014,0.0023252921699170996
P-TAOBAO-190213,耐克 母婴用品 66,母婴用品,1329.22,945.59,383.63,0.0023239594506846333
P-JD-221644,优衣库 母婴用品 68,图书文具,834.11,451.21,382.90000000000003,0.0023195372459587265
P-JD-136465,海尔 家居用品 6,食品饮料,868.01,488.13,379.88,0.002301242645585795
P-DOUYIN-847823,格力 美妆个护 93,美妆个护,378.47,0.0,378.47,0.0022927011268686318
P-JD-348124,Apple 服装鞋帽 38,服装鞋帽,376.87,0.0,376.87,0.002283008623359794
P-TAOBAO-156948,格力 电子产品 14,电子产品,3803.66,3427.3,376.3599999999997,0.00227991913786635
P-JD-836924,ZARA 服装鞋帽 38,食品饮料,374.4,0.0,374.4,0.002268045821068026
P-DOUYIN-126053,格力 服装鞋帽 56,母婴用品,1780.59,1409.8,370.78999999999996,0.0022461771100262106
P-TAOBAO-363689,海尔 母婴用品 16,运动户外,1663.0,1292.57,370.43000000000006,0.0022439962967367227
P-DOUYIN-534026,华为 电子产品 37,图书文具,1340.16,973.17,366.9900000000001,0.002223157414192722
P-DOUYIN-888849,小米 母婴用品 70,食品饮料,362.21,0.0,362.21,0.0021942010599600684
P-JD-816428,海尔 电子产品 30,美妆个护,2632.0699999999997,2281.46,350.6099999999997,0.002123930409520993
P-DOUYIN-456275,华为 图书文具 96,食品饮料,349.96,0.0,349.96,0.0021199928299705296
P-TAOBAO-254005,优衣库 母婴用品 58,食品饮料,341.53,0.0,341.53,0.002068925452108341
P-DOUYIN-729025,三星 图书文具 59,电子产品,339.47,0.0,339.47,0.0020564463538407128
P-JD-623695,ZARA 图书文具 38,家居用品,2642.95,2305.2300000000005,337.71999999999935,0.002045845178127917
P-JD-521771,小米 美妆个护 1,运动户外,1192.59,854.96,337.6299999999999,0.0020452999748055483
P-TAOBAO-680924,三星 食品饮料 19,服装鞋帽,692.69,356.65,336.0400000000001,0.002035668049443642
P-JD-507964,华为 运动户外 57,食品饮料,336.03,0.0,336.03,0.0020356074712967113
P-TAOBAO-124850,海尔 家居用品 62,美妆个护,475.93,144.75,331.18,0.002006227070035547
P-JD-150317,阿迪达斯 电子产品 44,图书文具,1219.67,890.0799999999999,329.59000000000015,0.0019965951446736406
P-DOUYIN-952514,格力 图书文具 60,电子产品,4586.69,4257.59,329.09999999999945,0.0019936268154740547
P-JD-927459,格力 家居用品 40,服装鞋帽,327.61,0.0,327.61,0.0019846006715814528
P-DOUYIN-435604,优衣库 图书文具 68,图书文具,1213.81,888.95,324.8599999999999,0.0019679416811756376
P-TAOBAO-925145,海尔 食品饮料 94,美妆个护,324.32,0.0,324.32,0.0019646704612414053
P-DOUYIN-399841,Apple 食品饮料 73,运动户外,322.25,0.0,322.25,0.0019521307848268466
P-DOUYIN-351887,阿迪达斯 食品饮料 78,家居用品,317.91,0.0,317.91,0.0019258398690591243
P-DOUYIN-817495,海尔 服装鞋帽 14,食品饮料,317.41,0.0,317.41,0.0019228109617126126
P-TAOBAO-158367,耐克 图书文具 84,食品饮料,1158.47,842.52,315.95000000000005,0.0019139665522607983
P-TAOBAO-187388,优衣库 美妆个护 1,美妆个护,311.55,0.0,311.55,0.0018873121676114943
P-DOUYIN-516678,ZARA 图书文具 5,家居用品,310.85,0.0,310.85,0.001883071697326378
P-TAOBAO-991872,海尔 家居用品 98,图书文具,767.53,457.18,310.34999999999997,0.0018800427899798658
P-TAOBAO-900912,阿迪达斯 食品饮料 83,运动户外,1007.15,697.16,309.99,0.0018778619766903776
P-DOUYIN-248672,ZARA 母婴用品 91,电子产品,308.52,0.0,308.52,0.0018689569890916328
P-TAOBAO-917896,优衣库 服装鞋帽 85,服装鞋帽,306.35,0.0,306.35,0.0018558115312077717
P-JD-190075,三星 母婴用品 14,美妆个护,845.93,539.73,306.19999999999993,0.0018549028590038178
P-DOUYIN-867882,ZARA 家居用品 15,美妆个护,304.75,0.0,304.75,0.0018461190276989339
P-DOUYIN-911194,华为 食品饮料 94,食品饮料,303.36,0.0,303.36,0.0018376986652756313
P-DOUYIN-734890,阿迪达斯 图书文具 42,母婴用品,303.35,0.0,303.35,0.0018376380871287011
P-DOUYIN-476082,小米 食品饮料 53,运动户外,303.1,0.0,303.1,0.0018361236334554453
P-JD-819490,耐克 图书文具 73,服装鞋帽,301.48,0.0,301.48,0.001826309973652747
P-DOUYIN-463808,ZARA 家居用品 35,母婴用品,1531.5800000000002,1235.42,296.1600000000001,0.001794082399485862
P-TAOBAO-527743,耐克 图书文具 98,食品饮料,291.2,0.0,291.2,0.0017640356386084645
P-TAOBAO-368586,优衣库 美妆个护 6,美妆个护,1026.29,735.76,290.53,0.0017599769027641385
P-DOUYIN-741865,小米 食品饮料 38,图书文具,288.93,0.0,288.93,0.001750284399255301
P-JD-260007,耐克 母婴用品 5,家居用品,286.88,0.0,286.88,0.0017378658791346027
P-JD-944033,格力 图书文具 51,食品饮料,285.78,0.0,285.78,0.0017312022829722767
P-DOUYIN-888437,耐克 家居用品 15,家居用品,285.44,0.0,285.44,0.0017291426259766487
P-JD-741546,ZARA 服装鞋帽 50,运动户外,285.01,0.0,285.01,0.0017265377656586487
P-JD-695573,海尔 电子产品 28,食品饮料,540.13,255.18,284.95,0.0017261742967770671
P-TAOBAO-283693,Apple 美妆个护 31,运动户外,325.11,42.22,282.89,0.0017136951985094386
P-JD-506037,耐克 图书文具 78,服装鞋帽,282.25,0.0,282.25,0.0017098181971059035
P-JD-732389,华为 母婴用品 36,运动户外,1017.6,736.45,281.15,0.0017031546009435776
P-TAOBAO-194419,海尔 家居用品 91,食品饮料,277.7,0.0,277.7,0.0016822551402526462
P-TAOBAO-426865,阿迪达斯 图书文具 41,图书文具,3553.9900000000002,3276.63,277.3600000000001,0.001680195483257019
P-TAOBAO-462390,格力 美妆个护 85,电子产品,1108.26,831.8,276.46000000000004,0.0016747434500332973
P-DOUYIN-765906,三星 家居用品 30,运动户外,276.3,0.0,276.3,0.0016737741996824135
P-TAOBAO-623115,阿迪达斯 美妆个护 82,美妆个护,274.43,0.0,274.43,0.0016624460862064592
P-DOUYIN-532293,海尔 运动户外 19,运动户外,268.03,0.0,268.03,0.0016236760721711082
P-DOUYIN-613020,华为 家居用品 81,美妆个护,267.58,0.0,267.58,0.0016209500555592476
P-DOUYIN-270138,格力 食品饮料 67,家居用品,1307.27,1040.27,267.0,0.0016174365230372941
P-JD-193933,阿迪达斯 电子产品 97,家居用品,254.41,0.0,254.41,0.0015411686360521273
P-JD-478593,Apple 美妆个护 79,美妆个护,254.32,0.0,254.32,0.001540623432729755
P-TAOBAO-216962,优衣库 美妆个护 76,家居用品,251.71,0.0,251.71,0.0015248125363809637
P-JD-271194,海尔 电子产品 46,母婴用品,248.96,0.0,248.96,0.001508153545975149
P-DOUYIN-742988,阿迪达斯 运动户外 51,美妆个护,247.18,0.0,247.18,0.0014973706358215669
P-TAOBAO-525792,优衣库 图书文具 84,美妆个护,3214.24,2973.34,240.89999999999964,0.0014593275595493765
P-JD-290587,华为 运动户外 56,母婴用品,2526.0,2287.77,238.23000000000002,0.001443153194319006
P-DOUYIN-805644,海尔 运动户外 4,家居用品,1064.15,828.55,235.60000000000014,0.0014272211416763547
P-JD-184254,ZARA 家居用品 26,服装鞋帽,1039.71,805.69,234.01999999999998,0.0014176497944613765
P-DOUYIN-613481,格力 运动户外 68,母婴用品,232.64,0.0,232.64,0.001409290010185004
P-DOUYIN-136378,华为 母婴用品 76,运动户外,229.43,0.0,229.43,0.0013898444250203985
P-JD-289042,海尔 食品饮料 66,服装鞋帽,227.97,0.0,227.97,0.001381000015568584
P-DOUYIN-946133,优衣库 运动户外 87,服装鞋帽,227.9,0.0,227.9,0.0013805759685400724
P-JD-449191,华为 食品饮料 72,美妆个护,226.56,0.0,226.56,0.0013724584968514207
P-DOUYIN-735006,Apple 家居用品 85,美妆个护,226.0,0.0,226.0,0.0013690661206233277
P-JD-615019,华为 美妆个护 29,服装鞋帽,221.45,0.0,221.45,0.0013415030637700704
P-DOUYIN-635481,ZARA 食品饮料 90,服装鞋帽,220.46,0.0,220.46,0.001335505827223977
P-JD-209775,华为 服装鞋帽 59,食品饮料,1173.83,953.78,220.04999999999995,0.001333022123199837
P-DOUYIN-636439,格力 美妆个护 85,电子产品,1200.98,982.29,218.69000000000005,0.0013247834952173256
P-DOUYIN-722199,华为 美妆个护 41,家居用品,214.92,0.0,214.92,0.0013019455338246263
P-JD-746648,小米 运动户外 28,电子产品,274.92,61.35,213.57000000000002,0.0012937674839890447
P-JD-818385,格力 母婴用品 17,美妆个护,2374.99,2162.19,212.79999999999973,0.0012891029666754147
P-JD-231697,耐克 电子产品 60,电子产品,212.43,0.0,212.43,0.0012868615752389977
P-JD-971315,ZARA 母婴用品 67,食品饮料,1399.56,1187.55,212.01,0.0012843172930679277
P-TAOBAO-471044,格力 家居用品 24,食品饮料,3465.9,3260.82,205.07999999999993,0.001242336637245274
P-TAOBAO-722029,ZARA 食品饮料 78,食品饮料,198.26999999999998,0.0,198.26999999999998,0.0012010829191857837
P-JD-177228,华为 运动户外 21,服装鞋帽,197.02,0.0,197.02,0.0011935106508195045
P-DOUYIN-927475,小米 家居用品 64,家居用品,1361.09,1167.42,193.66999999999985,0.0011732169715978746
P-TAOBAO-589950,耐克 电子产品 58,电子产品,192.52,0.0,192.52,0.0011662504847008983
P-TAOBAO-219590,华为 电子产品 52,图书文具,1895.2800000000002,1702.93,192.35000000000014,0.0011652206562030852
P-TAOBAO-591929,海尔 运动户外 71,图书文具,192.23,0.0,192.23,0.0011644937184399214
P-TAOBAO-214527,优衣库 运动户外 90,母婴用品,1031.2,840.71,190.49,0.0011539531208740606
P-TAOBAO-706182,优衣库 母婴用品 62,电子产品,786.16,598.39,187.76999999999998,0.0011374758649090363
P-JD-343401,Apple 电子产品 97,美妆个护,184.86,0.0,184.86,0.0011198476241523379
P-TAOBAO-397697,Apple 家居用品 51,食品饮料,184.65,0.0,184.65,0.0011185754830668028
P-TAOBAO-664501,海尔 图书文具 80,服装鞋帽,2693.42,2510.08,183.34000000000015,0.001110639745818943
P-DOUYIN-626980,耐克 图书文具 12,服装鞋帽,179.1,0.0,179.1,0.0010849546115205219
P-TAOBAO-220979,ZARA 食品饮料 55,运动户外,640.72,462.73,177.99,0.0010782304372112658
P-TAOBAO-765029,阿迪达斯 图书文具 13,食品饮料,708.4,530.46,177.93999999999994,0.0010779275464766142
P-TAOBAO-739195,海尔 电子产品 20,运动户外,714.64,551.99,162.64999999999998,0.000985303559820284
P-JD-446119,ZARA 图书文具 8,运动户外,162.44,0.0,162.44,0.0009840314187347491
P-JD-551696,Apple 家居用品 9,电子产品,422.37,260.69,161.68,0.0009794274795680514
P-TAOBAO-179797,小米 食品饮料 42,电子产品,160.45,0.0,160.45,0.0009719763674956323
P-JD-718552,华为 服装鞋帽 17,服装鞋帽,157.46,0.0,157.46,0.0009538635015634919
P-JD-972467,优衣库 食品饮料 8,运动户外,2639.9,2482.55,157.3499999999999,0.0009531971419472587
P-DOUYIN-561862,格力 美妆个护 32,电子产品,1683.59,1526.64,156.94999999999982,0.0009507740160700488
P-DOUYIN-344360,耐克 美妆个护 33,图书文具,153.79,0.0,153.79,0.0009316313216400953
P-DOUYIN-517356,三星 电子产品 44,家居用品,2613.58,2460.49,153.09000000000015,0.0009273908513549797
P-JD-728274,三星 母婴用品 12,电子产品,1734.23,1584.69,149.53999999999996,0.0009058856091947449
P-DOUYIN-608005,Apple 母婴用品 51,服装鞋帽,146.57,0.0,146.57,0.0008878938995564651
P-DOUYIN-230004,格力 美妆个护 35,图书文具,331.36,184.82,146.54000000000002,0.0008877121651156745
P-TAOBAO-228353,阿迪达斯 电子产品 36,服装鞋帽,1524.84,1379.07,145.76999999999998,0.0008830476478020461
P-DOUYIN-119058,海尔 图书文具 2,食品饮料,142.42,0.0,142.42,0.0008627539685804172
P-TAOBAO-723684,海尔 电子产品 71,服装鞋帽,538.7,396.95,141.75000000000006,0.0008586952327360918
P-TAOBAO-814960,三星 家居用品 92,服装鞋帽,139.65,0.0,139.65,0.000845973821880742
P-JD-324693,Apple 母婴用品 26,母婴用品,137.55,0.0,137.55,0.0008332524110253926
P-TAOBAO-894667,三星 电子产品 34,食品饮料,743.3,606.69,136.6099999999999,0.0008275580652139497
P-JD-994658,耐克 运动户外 36,母婴用品,1050.9,918.35,132.55000000000007,0.000802963337560275
P-DOUYIN-340358,阿迪达斯 服装鞋帽 70,家居用品,1330.97,1202.96,128.01,0.0007754608588539475
P-DOUYIN-103124,优衣库 服装鞋帽 61,图书文具,125.41,0.0,125.41,0.0007597105406520863
P-DOUYIN-338448,小米 美妆个护 74,家居用品,2620.35,2496.45,123.90000000000009,0.0007505632404656213
P-JD-110027,格力 运动户外 83,服装鞋帽,121.56,0.0,121.56,0.0007363879540839456
P-JD-897890,华为 食品饮料 77,食品饮料,1399.21,1282.03,117.18000000000006,0.0007098547257285027
P-TAOBAO-833693,耐克 美妆个护 88,运动户外,1691.12,1576.11,115.00999999999999,0.0006967092678446411
P-JD-245215,华为 服装鞋帽 7,家居用品,111.38,0.0,111.38,0.0006747194005089656
P-DOUYIN-131240,优衣库 食品饮料 1,家居用品,109.9,0.0,109.9,0.0006657538347632908
P-DOUYIN-280096,ZARA 电子产品 28,母婴用品,1312.6399999999999,1204.13,108.50999999999976,0.0006573334723399865
P-JD-977182,阿迪达斯 母婴用品 78,母婴用品,97.99,0.0,97.99,0.0005936052617693799
P-TAOBAO-841570,优衣库 食品饮料 56,美妆个护,403.83,308.13,95.69999999999999,0.0005797328661223559
P-TAOBAO-692515,Apple 食品饮料 16,电子产品,94.95,0.0,94.95,0.0005751895051025883
P-JD-225641,ZARA 美妆个护 46,电子产品,94.7,0.0,94.7,0.0005736750514293324
P-JD-502307,格力 食品饮料 43,母婴用品,93.2,0.0,93.2,0.0005645883293897971
P-DOUYIN-435779,格力 服装鞋帽 1,电子产品,672.54,579.69,92.84999999999991,0.0005624680942472383
P-DOUYIN-692778,华为 电子产品 42,图书文具,92.26,0.0,92.26,0.0005588939835783549
P-TAOBAO-667873,华为 母婴用品 61,美妆个护,2411.08,2320.21,90.86999999999989,0.0005504736211550514
P-DOUYIN-797667,海尔 家居用品 89,家居用品,89.5,0.0,89.5,0.0005421744150256098
P-JD-275829,格力 家居用品 72,家居用品,1010.3,923.78,86.51999999999998,0.0005241221272403994
P-JD-720382,Apple 电子产品 67,服装鞋帽,433.11,350.42,82.69,0.0005009206969661192
P-DOUYIN-229572,海尔 服装鞋帽 30,食品饮料,81.84,0.0,81.84,0.0004957715544770492
P-TAOBAO-246100,优衣库 母婴用品 5,母婴用品,81.54,0.0,81.54,0.0004939542100691422
P-DOUYIN-463487,优衣库 母婴用品 38,家居用品,257.41,176.96,80.45000000000002,0.00048735119205374657
P-TAOBAO-806706,Apple 母婴用品 58,食品饮料,78.32,0.0,78.32,0.00047444804675760623
P-DOUYIN-781163,小米 家居用品 65,家居用品,508.15,430.76,77.38999999999999,0.00046881427909309424
P-JD-259729,三星 美妆个护 57,食品饮料,254.97,178.8,76.16999999999999,0.0004614237451676055
P-TAOBAO-836366,优衣库 图书文具 41,服装鞋帽,74.66,0.0,74.66,0.00045227644498114
P-TAOBAO-283285,耐克 食品饮料 27,电子产品,1031.13,959.82,71.31000000000006,0.0004319827657595114
P-TAOBAO-538995,优衣库 母婴用品 73,服装鞋帽,691.88,621.7,70.17999999999995,0.00042513743515639406
P-TAOBAO-926237,三星 家居用品 94,运动户外,67.25,0.0,67.25,0.0004073880381058353
P-DOUYIN-659305,Apple 电子产品 75,服装鞋帽,67.17,0.0,67.17,0.00040690341293039345
P-DOUYIN-310063,华为 电子产品 80,运动户外,66.14,0.0,66.14,0.00040066386379657913
P-DOUYIN-343655,Apple 电子产品 80,食品饮料,949.5,890.47,59.02999999999997,0.00035759280132918134
P-DOUYIN-846808,小米 运动户外 59,图书文具,1362.84,1310.84,52.0,0.0003150063640372258
P-TAOBAO-517761,ZARA 运动户外 6,母婴用品,3099.84,3048.2799999999997,51.5600000000004,0.0003123409255722979
P-JD-396320,小米 运动户外 88,服装鞋帽,396.5,345.29,51.20999999999998,0.0003102206904297371
P-JD-226184,格力 母婴用品 36,服装鞋帽,470.74,433.79999999999995,36.940000000000055,0.00022377567476029113
P-JD-929851,小米 服装鞋帽 51,母婴用品,586.4,562.78,23.620000000000005,0.00014308558304921683
P-DOUYIN-155288,耐克 家居用品 55,食品饮料,2088.02,2067.18,20.840000000000146,0.00012624485820261216
P-DOUYIN-601354,三星 美妆个护 66,母婴用品,231.88,211.58,20.299999999999983,0.00012297363826837843
P-TAOBAO-991655,华为 家居用品 83,家居用品,3598.97,3585.02,13.949999999999818,8.450651496767775e-05
P-DOUYIN-892044,格力 母婴用品 10,家居用品,761.0,750.11,10.889999999999986,6.596960200702663e-05
P-DOUYIN-397650,优衣库 图书文具 91,电子产品,634.28,635.38,-1.1000000000000227,-6.663596162326068e-06
P-DOUYIN-399646,三星 服装鞋帽 38,母婴用品,293.14,300.24,-7.100000000000023,-4.301048432046751e-05
P-JD-192651,ZARA 服装鞋帽 24,食品饮料,1009.12,1017.32,-8.200000000000045,-4.967408048279358e-05
P-DOUYIN-945136,阿迪达斯 母婴用品 78,美妆个护,0.0,15.48,-15.48,-9.377497144800492e-05
P-TAOBAO-703937,Apple 运动户外 69,家居用品,954.98,970.93,-15.949999999999932,-9.662214435372559e-05
P-DOUYIN-307408,三星 食品饮料 3,母婴用品,997.55,1014.54,-16.99000000000001,-0.00010292227163447056
P-DOUYIN-610278,格力 运动户外 4,电子产品,1843.63,1863.09,-19.45999999999981,-0.00011788507392623758
P-DOUYIN-391229,华为 图书文具 89,母婴用品,1733.63,1758.22,-24.589999999999918,-0.00014896166330144917
P-TAOBAO-985840,海尔 运动户外 79,电子产品,222.88,248.3,-25.420000000000016,-0.00015398964949665933
P-JD-625474,耐克 服装鞋帽 41,运动户外,2650.25,2676.26,-26.01000000000022,-0.00015756376016554447
P-JD-771937,优衣库 美妆个护 33,运动户外,501.58,530.15,-28.569999999999993,-0.00017307176577968344
P-DOUYIN-393479,耐克 服装鞋帽 91,服装鞋帽,1054.97,1083.55,-28.579999999999927,-0.00017313234392661329
P-JD-540776,三星 运动户外 27,电子产品,1068.75,1100.41,-31.660000000000082,-0.00019179041318112682
P-DOUYIN-143882,Apple 图书文具 23,图书文具,717.41,749.5799999999999,-32.16999999999996,-0.0001948798986745681
P-TAOBAO-791184,海尔 图书文具 51,服装鞋帽,678.68,714.57,-35.8900000000001,-0.00021741496933261664
P-TAOBAO-713031,优衣库 运动户外 39,母婴用品,1797.88,1837.7,-39.819999999999936,-0.0002412221810761983
P-TAOBAO-497791,华为 食品饮料 55,图书文具,467.43,508.93,-41.5,-0.0002513993097604783
P-JD-639048,阿迪达斯 电子产品 43,服装鞋帽,0.0,44.61,-44.61,-0.0002702391134557816
P-JD-312939,三星 食品饮料 81,电子产品,0.0,45.87,-45.87,-0.0002778719599689913
P-JD-273267,阿迪达斯 运动户外 50,美妆个护,482.72,529.5600000000001,-46.84000000000003,-0.00028374804022122436
P-TAOBAO-256753,ZARA 图书文具 100,美妆个护,1992.49,2041.02,-48.52999999999997,-0.00029398574705243383
P-DOUYIN-581195,小米 图书文具 98,运动户外,0.0,51.84,-51.84,-0.00031403711368634205
P-TAOBAO-380758,格力 美妆个护 9,电子产品,2306.42,2361.5099999999998,-55.08999999999969,-0.0003337250114386668
P-DOUYIN-934051,Apple 家居用品 22,母婴用品,0.0,55.35,-55.35,-0.0003353000432588548
P-JD-827646,格力 母婴用品 76,图书文具,0.0,57.74,-57.74,-0.00034977822037518113
P-DOUYIN-951347,华为 电子产品 100,美妆个护,0.0,57.82,-57.82,-0.000350262845550623
P-TAOBAO-956362,耐克 图书文具 67,美妆个护,616.38,678.82,-62.440000000000055,-0.00037824994943239223
P-DOUYIN-949457,小米 美妆个护 93,电子产品,0.0,65.27,-65.27,-0.0003953935650136486
P-DOUYIN-228426,海尔 图书文具 47,美妆个护,0.0,65.9,-65.9,-0.00039920998827025353
P-JD-424502,小米 美妆个护 85,家居用品,194.87,263.13,-68.25999999999999,-0.00041350643094578904
P-DOUYIN-527944,华为 运动户外 51,服装鞋帽,873.4100000000001,943.82,-70.40999999999997,-0.0004265307325357896
P-JD-783830,小米 美妆个护 94,母婴用品,0.0,71.56,-71.56,-0.0004334972194327669
P-TAOBAO-578223,格力 服装鞋帽 42,运动户外,3088.64,3162.92,-74.2800000000002,-0.0004499744753977922
P-DOUYIN-637117,海尔 母婴用品 17,家居用品,0.0,74.47,-74.47,-0.0004511254601894655
P-DOUYIN-457712,阿迪达斯 电子产品 6,母婴用品,1156.9499999999998,1231.43,-74.48000000000025,-0.0004511860383363972
P-TAOBAO-285913,海尔 母婴用品 58,食品饮料,974.18,1049.98,-75.80000000000007,-0.0004591823537311873
P-JD-991240,ZARA 运动户外 92,图书文具,1971.57,2047.4499999999998,-75.87999999999988,-0.000459666978906628
P-TAOBAO-156498,Apple 家居用品 21,美妆个护,0.0,78.46,-78.46,-0.00047529614081462954
P-TAOBAO-679147,阿迪达斯 服装鞋帽 75,服装鞋帽,1355.71,1435.57,-79.8599999999999,-0.00048377708138486197
P-DOUYIN-807328,Apple 服装鞋帽 94,图书文具,712.91,792.88,-79.97000000000003,-0.0004844434410010953
P-DOUYIN-513089,耐克 电子产品 100,电子产品,0.0,82.53,-82.53,-0.0004999514466152355
P-TAOBAO-729396,耐克 食品饮料 65,电子产品,0.0,85.67,-85.67,-0.0005189729847513296
P-JD-330226,阿迪达斯 美妆个护 83,家居用品,0.0,90.92,-90.92,-0.0005507765118897033
P-DOUYIN-699725,优衣库 图书文具 48,服装鞋帽,1633.65,1724.6,-90.94999999999982,-0.0005509582463304929
P-JD-899658,华为 图书文具 4,美妆个护,0.0,94.72,-94.72,-0.0005737962077231928
P-TAOBAO-786646,Apple 母婴用品 59,电子产品,1215.22,1310.94,-95.72000000000003,-0.0005798540224162167
P-DOUYIN-326451,小米 美妆个护 32,图书文具,0.0,96.99,-96.99,-0.0005875474470763563
P-DOUYIN-393581,阿迪达斯 食品饮料 39,母婴用品,0.0,101.34,-101.34,-0.0006138989409910089
P-DOUYIN-278184,三星 电子产品 100,食品饮料,901.71,1004.18,-102.46999999999991,-0.000620744271594125
P-TAOBAO-542761,阿迪达斯 家居用品 55,电子产品,4350.95,4454.48,-103.52999999999975,-0.000627165555168729
P-JD-924276,耐克 家居用品 41,图书文具,1572.01,1678.45,-106.44000000000005,-0.0006447937959254295
P-JD-272095,ZARA 运动户外 24,食品饮料,3135.76,3243.7200000000003,-107.96000000000004,-0.0006540016742588252
P-JD-850266,格力 图书文具 43,服装鞋帽,413.0,526.78,-113.77999999999997,-0.000689258155772222
P-JD-280875,华为 服装鞋帽 10,食品饮料,188.82,304.15,-115.32999999999998,-0.0006986477685464086
P-DOUYIN-352708,优衣库 服装鞋帽 67,家居用品,1433.25,1548.97,-115.72000000000003,-0.0007010103162766881
P-TAOBAO-694315,Apple 母婴用品 66,美妆个护,0.0,119.43,-119.43,-0.0007234848087878054
P-TAOBAO-189289,Apple 食品饮料 39,母婴用品,0.0,120.51,-120.51,-0.0007300272486562709
P-TAOBAO-998964,Apple 电子产品 75,家居用品,0.0,125.79,-125.79,-0.0007620125102354353
P-JD-322114,华为 母婴用品 34,家居用品,0.0,127.57,-127.57,-0.0007727954203890172
P-JD-453634,格力 服装鞋帽 34,图书文具,143.2,274.6,-131.40000000000003,-0.0007959968506632977
P-TAOBAO-561911,耐克 服装鞋帽 49,食品饮料,0.0,136.26,-136.26,-0.0008254378300713921
P-DOUYIN-135138,小米 图书文具 63,服装鞋帽,0.0,138.1,-138.1,-0.0008365842091065554
P-DOUYIN-720607,格力 图书文具 37,美妆个护,0.0,138.4,-138.4,-0.0008384015535144626
P-TAOBAO-329795,Apple 服装鞋帽 96,食品饮料,0.0,138.72,-138.72,-0.0008403400542162301
P-DOUYIN-719005,海尔 服装鞋帽 87,图书文具,309.88,451.75,-141.87,-0.0008594221704992543
P-DOUYIN-995250,阿迪达斯 电子产品 99,运动户外,0.0,143.95,-143.95,-0.0008720224250607433
P-JD-199812,格力 食品饮料 24,美妆个护,939.04,1083.82,-144.77999999999997,-0.0008770504112559528
P-JD-170608,耐克 家居用品 80,美妆个护,0.0,145.68,-145.68,-0.0008825024444796742
P-DOUYIN-408020,格力 运动户外 2,运动户外,0.0,149.55,-149.55,-0.0009059461873416755
P-JD-581818,ZARA 母婴用品 38,母婴用品,0.0,150.09,-150.09,-0.0009092174072759081
P-DOUYIN-164384,阿迪达斯 母婴用品 79,电子产品,0.0,156.22,-156.22,-0.0009463518113441426
P-TAOBAO-357784,Apple 电子产品 93,母婴用品,565.25,722.18,-156.92999999999995,-0.000950652859776189
P-JD-846294,优衣库 运动户外 29,食品饮料,0.0,160.22,-160.22,-0.0009705830701162369
P-TAOBAO-717967,小米 运动户外 77,图书文具,2051.66,2213.23,-161.57000000000016,-0.0009787611199518198
P-DOUYIN-447134,优衣库 电子产品 71,图书文具,2389.14,2551.25,-162.11000000000013,-0.0009820323398860523
P-TAOBAO-339621,耐克 食品饮料 49,运动户外,1575.1699999999998,1738.3000000000002,-163.13000000000034,-0.0009882113108729375
P-JD-506444,耐克 服装鞋帽 29,家居用品,0.0,163.3,-163.3,-0.0009892411393707496
P-TAOBAO-726393,华为 电子产品 33,食品饮料,0.0,164.96,-164.96,-0.0009992971117611688
P-TAOBAO-161904,海尔 电子产品 73,家居用品,1605.01,1771.62,-166.6099999999999,-0.001009292506004657
P-TAOBAO-144086,小米 电子产品 54,图书文具,0.0,167.02,-167.02,-0.0010117762100287973
P-DOUYIN-793334,阿迪达斯 服装鞋帽 72,电子产品,0.0,169.4,-169.4,-0.0010261938089981934
P-JD-665399,ZARA 服装鞋帽 59,运动户外,2225.62,2396.05,-170.4300000000003,-0.0010324333581320094
P-TAOBAO-648246,华为 电子产品 93,母婴用品,191.5,363.15,-171.64999999999998,-0.0010398238920574963
P-JD-589574,Apple 母婴用品 26,服装鞋帽,475.44,649.45,-174.01000000000005,-0.0010541203347330323
P-JD-820997,华为 运动户外 27,服装鞋帽,1757.12,1934.45,-177.33000000000015,-0.0010742322795138713
P-DOUYIN-198741,阿迪达斯 服装鞋帽 100,服装鞋帽,0.0,178.85,-178.85,-0.001083440157847266
P-JD-797181,阿迪达斯 食品饮料 86,母婴用品,0.0,183.62,-183.62,-0.0011123359339329886
P-TAOBAO-585212,格力 母婴用品 71,美妆个护,1706.36,1890.54,-184.18000000000006,-0.0011157283101610822
P-TAOBAO-735688,Apple 家居用品 52,服装鞋帽,0.0,187.14,-187.14,-0.0011336594416524314
P-TAOBAO-817924,ZARA 电子产品 53,食品饮料,2407.51,2595.21,-187.69999999999982,-0.0011370518178805235
P-JD-858738,ZARA 电子产品 34,美妆个护,0.0,196.33,-196.33,-0.0011893307586813182
P-TAOBAO-219587,阿迪达斯 家居用品 75,母婴用品,1011.46,1207.85,-196.38999999999987,-0.001189694227562899
P-DOUYIN-412875,ZARA 美妆个护 31,服装鞋帽,0.0,199.48,-199.48,-0.0012084128749643424
P-DOUYIN-822572,ZARA 家居用品 97,家居用品,789.62,990.59,-200.97000000000003,-0.0012174390188569478
P-DOUYIN-919460,小米 图书文具 66,电子产品,0.0,203.92,-203.92,-0.001235309572201367
P-TAOBAO-923011,耐克 图书文具 63,美妆个护,0.0,208.93,-208.93,-0.0012656592238134152
P-JD-925790,ZARA 图书文具 72,食品饮料,1504.47,1715.21,-210.74,-0.001276623868407788
P-TAOBAO-372681,小米 美妆个护 69,母婴用品,1685.68,1901.3200000000002,-215.6400000000001,-0.001306307160403604
P-JD-129218,华为 家居用品 85,家居用品,0.0,215.76,-215.76,-0.001307034098166766
P-DOUYIN-620053,Apple 电子产品 35,食品饮料,996.01,1212.87,-216.8599999999999,-0.0013136976943290916
P-DOUYIN-793794,三星 运动户外 80,家居用品,1029.5700000000002,1246.56,-216.98999999999978,-0.001314485210239184
P-JD-398845,海尔 食品饮料 91,服装鞋帽,1341.6799999999998,1559.71,-218.0300000000002,-0.001320785337519931
P-JD-888570,Apple 电子产品 76,家居用品,0.0,220.4,-220.4,-0.0013351423583423956
P-DOUYIN-953747,华为 运动户外 24,图书文具,0.0,221.96,-221.96,-0.0013445925492635124
P-TAOBAO-723483,格力 图书文具 22,母婴用品,0.0,228.36,-228.36,-0.0013833625632988632
P-TAOBAO-599304,Apple 家居用品 28,图书文具,1108.06,1339.22,-231.16000000000008,-0.0014003244444393296
P-TAOBAO-291803,三星 母婴用品 92,母婴用品,0.0,231.31,-231.31,-0.0014012331166432827
P-TAOBAO-300600,三星 服装鞋帽 100,图书文具,0.0,232.18,-232.18,-0.0014065034154262133
P-DOUYIN-752388,耐克 食品饮料 45,家居用品,0.0,232.67,-232.67,-0.0014094717446257946
P-DOUYIN-617220,耐克 图书文具 88,图书文具,33.49,266.51,-233.01999999999998,-0.001411591979768353
P-DOUYIN-436609,阿迪达斯 食品饮料 34,电子产品,0.0,237.68,-237.68,-0.0014398213962378429
P-JD-785326,ZARA 家居用品 52,家居用品,1663.42,1902.62,-239.19999999999982,-0.0014490292745712376
P-TAOBAO-265922,华为 食品饮料 37,美妆个护,0.0,239.79,-239.79,-0.0014526033852401226
P-TAOBAO-177190,Apple 食品饮料 60,母婴用品,1339.56,1580.46,-240.9000000000001,-0.0014593275595493793
P-DOUYIN-351164,Apple 美妆个护 13,运动户外,0.0,243.92,-243.92,-0.00147762215992231
P-TAOBAO-719015,优衣库 电子产品 13,美妆个护,2026.55,2270.89,-244.33999999999992,-0.0014801664420933795
P-JD-684543,海尔 图书文具 98,食品饮料,0.0,245.22,-245.22,-0.0014854973190232407
P-JD-477961,格力 运动户外 2,图书文具,4258.5,4503.87,-245.3699999999999,-0.0014864059912271935
P-TAOBAO-421796,耐克 母婴用品 22,图书文具,0.0,251.43,-251.43,-0.0015231163482669172
P-JD-275960,Apple 食品饮料 27,图书文具,0.0,251.82,-251.82,-0.0015254788959971962
P-TAOBAO-784054,华为 食品饮料 80,家居用品,1205.12,1458.95,-253.83000000000015,-0.0015376551035301746
P-JD-240679,华为 运动户外 90,美妆个护,4204.02,4458.49,-254.46999999999935,-0.0015415321049337047
P-JD-662608,Apple 食品饮料 83,图书文具,303.9,560.34,-256.44000000000005,-0.0015534659998789654
P-JD-373051,小米 运动户外 3,家居用品,0.0,260.42,-260.42,-0.0015775761023571991
P-TAOBAO-639650,Apple 食品饮料 29,母婴用品,0.0,269.63,-269.63,-0.001633368575679946
P-JD-826999,ZARA 美妆个护 49,电子产品,1612.76,1882.58,-269.81999999999994,-0.0016345195604716201
P-TAOBAO-551911,三星 图书文具 10,服装鞋帽,245.7,518.51,-272.81,-0.001652632426403761
P-JD-742967,ZARA 食品饮料 63,运动户外,543.32,823.7,-280.38,-0.0016984900836299495
P-TAOBAO-849572,阿迪达斯 图书文具 24,电子产品,1025.01,1306.0,-280.99,-0.001702185350592694
P-TAOBAO-980861,ZARA 母婴用品 64,家居用品,595.03,882.69,-287.6600000000001,-0.0017425909745951615
P-TAOBAO-855941,ZARA 图书文具 56,食品饮料,2299.7,2590.05,-290.35000000000036,-0.0017588864961193967
P-TAOBAO-634499,海尔 母婴用品 85,家居用品,149.87,440.49,-290.62,-0.001760522106086511
P-TAOBAO-642302,小米 食品饮料 17,电子产品,1309.16,1600.47,-291.30999999999995,-0.0017647019982246967
P-JD-724857,阿迪达斯 家居用品 17,电子产品,0.0,294.23,-294.23,-0.0017823908171283262
P-TAOBAO-824031,ZARA 食品饮料 80,美妆个护,0.0,294.86,-294.86,-0.0017862072403849309
P-JD-392917,华为 服装鞋帽 99,家居用品,0.0,296.32,-296.32,-0.0017950516498367452
P-DOUYIN-182938,海尔 运动户外 86,母婴用品,2665.21,2966.24,-301.02999999999975,-0.0018235839570408848
P-TAOBAO-568011,三星 运动户外 33,食品饮料,2308.59,2619.19,-310.5999999999999,-0.0018815572436531214
P-DOUYIN-106213,华为 母婴用品 54,电子产品,688.48,999.23,-310.75,-0.0018824659158570753
P-JD-574732,优衣库 母婴用品 76,运动户外,0.0,312.58,-312.58,-0.0018935517167453085
P-DOUYIN-638314,格力 服装鞋帽 6,美妆个护,0.0,313.49,-313.49,-0.00189906432811596
P-TAOBAO-941775,海尔 服装鞋帽 43,美妆个护,425.49,744.0,-318.51,-0.0019294745578749383
P-JD-462755,海尔 食品饮料 73,美妆个护,111.54,430.92,-319.38,-0.0019347448566578687
P-DOUYIN-125486,ZARA 食品饮料 77,电子产品,105.6,427.59,-321.99,-0.0019505557530066604
P-JD-605128,格力 食品饮料 32,家居用品,0.0,322.59,-322.59,-0.001954190441822474
P-TAOBAO-852876,三星 图书文具 57,母婴用品,2619.86,2944.82,-324.96000000000004,-0.0019685474626449408
P-DOUYIN-230504,阿迪达斯 母婴用品 7,运动户外,0.0,326.01,-326.01,-0.001974908168072615
P-TAOBAO-556872,格力 服装鞋帽 70,美妆个护,1080.36,1407.04,-326.68000000000006,-0.0019789669039169413
P-DOUYIN-824857,小米 运动户外 3,母婴用品,0.0,327.15,-327.15,-0.001981814076822662
P-DOUYIN-586208,优衣库 图书文具 86,图书文具,1555.59,1886.72,-331.1300000000001,-0.0020059241793008967
P-JD-644866,优衣库 美妆个护 35,美妆个护,1890.1100000000001,2222.5,-332.3899999999999,-0.0020135570258141048
P-DOUYIN-929293,海尔 图书文具 31,美妆个护,3705.3,4038.06,-332.75999999999976,-0.002015798417250523
P-TAOBAO-299548,华为 电子产品 45,运动户外,2142.0299999999997,2477.55,-335.52000000000044,-0.002032517985803272
P-TAOBAO-921894,阿迪达斯 家居用品 18,食品饮料,2106.65,2444.73,-338.0799999999999,-0.0020480259914174093
P-JD-975054,ZARA 母婴用品 86,运动户外,0.0,343.98,-343.98,-0.002083767098106249
P-TAOBAO-630808,三星 食品饮料 88,食品饮料,0.0,347.98,-347.98,-0.002107998356878343
P-DOUYIN-439279,三星 家居用品 37,美妆个护,2284.77,2633.69,-348.9200000000001,-0.0021136927026897856
P-DOUYIN-669808,华为 电子产品 22,母婴用品,365.81,719.92,-354.10999999999996,-0.002145132760946577
P-JD-953330,阿迪达斯 家居用品 86,家居用品,1279.32,1634.73,-355.4100000000001,-0.002153007920047509
P-TAOBAO-494476,格力 运动户外 32,食品饮料,1449.69,1807.3700000000001,-357.68000000000006,-0.0021667591594006722
P-JD-480121,Apple 母婴用品 37,食品饮料,552.51,917.77,-365.26,-0.00221267739477379
P-DOUYIN-321761,优衣库 美妆个护 94,家居用品,0.0,367.35,-367.35,-0.0022253382274822096
P-TAOBAO-675468,耐克 母婴用品 71,母婴用品,1356.69,1725.9299999999998,-369.2399999999998,-0.002236787497252023
P-DOUYIN-807813,阿迪达斯 食品饮料 81,美妆个护,1682.88,2054.3,-371.4200000000001,-0.002249993533282816
P-JD-531165,Apple 图书文具 78,家居用品,0.0,373.96,-373.96,-0.0022653803826030955
P-TAOBAO-549776,华为 图书文具 56,电子产品,1340.23,1715.3,-375.06999999999994,-0.0022721045569123514
P-TAOBAO-685944,耐克 母婴用品 52,美妆个护,1642.17,2019.58,-377.40999999999985,-0.0022862798432940258
P-DOUYIN-900546,三星 运动户外 45,家居用品,0.0,379.72,-379.72,-0.0023002733952349115
P-TAOBAO-110224,Apple 服装鞋帽 94,运动户外,628.16,1012.12,-383.96000000000004,-0.0023259585295333316
P-TAOBAO-989554,优衣库 图书文具 40,家居用品,0.0,384.53,-384.53,-0.0023294114839083543
P-JD-190083,ZARA 食品饮料 65,家居用品,0.0,388.05,-388.05,-0.002350734991627798
P-DOUYIN-770844,ZARA 服装鞋帽 87,运动户外,0.0,391.87,-391.87,-0.002373875843755148
P-JD-636312,优衣库 运动户外 17,电子产品,829.7,1222.35,-392.64999999999986,-0.0023786009392157055
P-TAOBAO-927661,阿迪达斯 美妆个护 38,食品饮料,3037.4700000000003,3432.76,-395.28999999999996,-0.002394593570005288
P-JD-698844,海尔 服装鞋帽 61,家居用品,0.0,398.38,-398.38,-0.002413312217406731
P-JD-652582,小米 母婴用品 91,母婴用品,1239.0,1638.54,-399.53999999999996,-0.0024203392824506385
P-JD-933246,优衣库 母婴用品 34,母婴用品,0.0,400.9,-400.9,-0.00242857791043315
P-TAOBAO-495605,华为 运动户外 42,电子产品,1123.94,1525.77,-401.8299999999999,-0.002434211678097662
P-TAOBAO-264657,三星 服装鞋帽 18,食品饮料,53.68,455.78999999999996,-402.10999999999996,-0.002435907866211709
P-JD-898660,ZARA 服装鞋帽 58,图书文具,0.0,403.79,-403.79,-0.002446084994895989
P-DOUYIN-736452,小米 运动户外 1,电子产品,0.0,407.5,-407.5,-0.002468559487407106
P-JD-515623,ZARA 母婴用品 81,服装鞋帽,0.0,408.14,-408.14,-0.002472436488810641
P-TAOBAO-564058,耐克 母婴用品 66,美妆个护,2163.77,2573.7799999999997,-410.00999999999976,-0.0024837646022865937
P-TAOBAO-137968,三星 食品饮料 7,家居用品,2068.87,2479.5299999999997,-410.65999999999985,-0.00248770218183706
P-JD-301164,耐克 美妆个护 87,美妆个护,0.0,414.14,-414.14,-0.0025087833769687827
P-JD-630674,小米 母婴用品 38,运动户外,0.0,418.11,-418.11,-0.0025328329013000863
P-DOUYIN-356518,耐克 电子产品 34,图书文具,0.0,418.84,-418.84,-0.0025372551060259935
P-TAOBAO-757138,三星 电子产品 28,运动户外,0.0,419.44,-419.44,-0.0025408897948418076
P-TAOBAO-831749,海尔 美妆个护 91,运动户外,0.0,420.06,-420.06,-0.0025446456399514823
P-DOUYIN-634455,三星 美妆个护 53,美妆个护,936.77,1356.94,-420.1700000000001,-0.0025453119995677152
P-TAOBAO-952871,小米 美妆个护 65,图书文具,0.0,420.46,-420.46,-0.0025470687658286917
P-DOUYIN-180363,格力 食品饮料 20,美妆个护,0.0,421.73,-421.73,-0.0025547621904888317
P-JD-712028,耐克 服装鞋帽 78,美妆个护,1103.69,1530.18,-426.49,-0.002583597388427624
P-DOUYIN-397581,耐克 美妆个护 53,运动户外,0.0,427.26,-427.26,-0.002588261905741252
P-DOUYIN-127874,ZARA 运动户外 80,图书文具,839.2,1267.0900000000001,-427.8900000000001,-0.0025920783289978574
P-TAOBAO-312020,三星 家居用品 53,食品饮料,1869.85,2297.97,-428.1199999999999,-0.0025934716263772517
P-DOUYIN-540573,优衣库 运动户外 5,服装鞋帽,0.0,438.16,-438.16,-0.002654292085895209
P-TAOBAO-487478,小米 母婴用品 31,图书文具,0.0,440.33,-440.33,-0.00266743754377907
P-DOUYIN-962628,Apple 运动户外 87,母婴用品,1181.19,1623.4,-442.21000000000004,-0.0026788262354019545
P-DOUYIN-985863,Apple 家居用品 8,电子产品,2029.7,2473.89,-444.1899999999998,-0.00269082070849414
P-TAOBAO-107365,ZARA 电子产品 72,服装鞋帽,1385.47,1831.53,-446.05999999999995,-0.002702148821970095
P-TAOBAO-356669,耐克 图书文具 1,食品饮料,0.0,446.56,-446.56,-0.002705177729316607
P-DOUYIN-665794,三星 食品饮料 47,母婴用品,0.0,446.85,-446.85,-0.002706934495577584
P-TAOBAO-100889,三星 美妆个护 71,母婴用品,0.0,447.55,-447.55,-0.0027111749658627004
P-DOUYIN-872259,海尔 服装鞋帽 70,食品饮料,490.18,938.12,-447.94,-0.0027135375135929796
P-JD-109398,华为 图书文具 45,电子产品,0.0,449.39,-449.39,-0.0027223213448978635
P-JD-292264,阿迪达斯 电子产品 79,美妆个护,895.62,1346.88,-451.2600000000001,-0.0027336494583738184
P-JD-475900,耐克 食品饮料 22,运动户外,0.0,452.08,-452.08,-0.002738616866422097
P-JD-704861,ZARA 图书文具 90,运动户外,0.0,458.3,-458.3,-0.0027762964738127036
P-JD-978953,Apple 家居用品 86,母婴用品,0.0,463.35,-463.35,-0.0028068884380124727
P-DOUYIN-182789,Apple 食品饮料 54,家居用品,1448.31,1912.76,-464.45000000000005,-0.002813552034174799
P-TAOBAO-668441,海尔 母婴用品 44,美妆个护,621.77,1088.71,-466.94000000000005,-0.0028286359927604276
P-TAOBAO-112777,耐克 图书文具 65,运动户外,439.63,907.1400000000001,-467.5100000000001,-0.002832088947135451
P-TAOBAO-400901,华为 母婴用品 4,家居用品,0.0,468.33000000000004,-468.33000000000004,-0.00283705635518373
P-DOUYIN-833323,格力 美妆个护 67,食品饮料,3784.16,4260.7,-476.53999999999996,-0.0028867910138134535
P-DOUYIN-877417,耐克 服装鞋帽 39,美妆个护,0.0,476.72,-476.72,-0.002887881420458198
P-TAOBAO-477231,Apple 美妆个护 73,家居用品,554.83,1032.79,-477.9599999999999,-0.0028953931106775466
P-DOUYIN-248861,华为 家居用品 35,电子产品,2830.28,3308.9300000000003,-478.6500000000001,-0.002899573002815734
P-DOUYIN-789866,ZARA 母婴用品 25,运动户外,2676.29,3158.1,-481.80999999999995,-0.0029187156972456875
P-TAOBAO-512617,三星 家居用品 53,运动户外,0.0,483.45,-483.45,-0.0029286505133422464
P-TAOBAO-236578,海尔 食品饮料 77,母婴用品,0.0,483.94,-483.94,-0.002931618842541828
P-JD-486660,Apple 图书文具 79,电子产品,326.49,811.81,-485.31999999999994,-0.0029399786268182004
P-JD-555354,小米 美妆个护 74,电子产品,542.52,1032.16,-489.6400000000001,-0.002966148386292063
P-JD-411854,海尔 运动户外 12,母婴用品,0.0,491.23,-491.23,-0.00297578031165397
P-DOUYIN-987610,ZARA 美妆个护 16,食品饮料,265.96,757.41,-491.45,-0.002977113030886435
P-DOUYIN-589998,ZARA 电子产品 70,运动户外,467.72,961.56,-493.8399999999999,-0.002991591208002761
P-DOUYIN-704810,阿迪达斯 运动户外 85,图书文具,1668.5900000000001,2162.54,-493.9499999999998,-0.002992257567618993
P-TAOBAO-461421,优衣库 运动户外 17,母婴用品,1448.83,1945.9,-497.07000000000016,-0.003011157949461229
P-TAOBAO-812867,三星 运动户外 6,服装鞋帽,2052.37,2549.83,-497.46000000000004,-0.003013520497191507
P-TAOBAO-216699,格力 家居用品 4,电子产品,749.53,1247.74,-498.21000000000004,-0.0030180638582112747
P-JD-394473,阿迪达斯 运动户外 67,电子产品,1069.42,1571.31,-501.8899999999999,-0.0030403566162816005
P-DOUYIN-453252,三星 母婴用品 85,电子产品,0.0,502.06,-502.06,-0.003041386444779415
P-DOUYIN-562995,Apple 图书文具 70,电子产品,0.0,504.62,-504.62,-0.0030568944503935555
P-DOUYIN-476749,格力 电子产品 42,电子产品,0.0,504.68,-504.68,-0.003057257919275137
P-TAOBAO-720152,阿迪达斯 服装鞋帽 54,运动户外,115.89,622.05,-506.15999999999997,-0.0030662234850208116
P-JD-692514,优衣库 图书文具 12,母婴用品,0.0,507.66,-507.66,-0.0030753102070603475
P-TAOBAO-166816,ZARA 家居用品 19,食品饮料,2165.66,2676.82,-511.1600000000003,-0.0030965125584859316
P-DOUYIN-910199,Apple 服装鞋帽 45,服装鞋帽,0.0,511.19,-511.19,-0.0030966942929267203
P-DOUYIN-523309,阿迪达斯 母婴用品 17,图书文具,962.03,1475.6399999999999,-513.6099999999999,-0.0031113542044838368
P-TAOBAO-200203,海尔 母婴用品 96,母婴用品,288.88,803.98,-515.1,-0.0031203803483764426
P-DOUYIN-896319,小米 电子产品 79,电子产品,0.0,519.95,-519.95,-0.0031497607496376073
P-JD-816755,优衣库 家居用品 96,图书文具,0.0,521.86,-521.86,-0.003161331175701282
P-DOUYIN-744443,ZARA 美妆个护 8,电子产品,0.0,523.71,-523.71,-0.0031725381328833757
P-TAOBAO-341372,耐克 图书文具 56,母婴用品,649.54,1173.55,-524.01,-0.0031743554772912827
P-DOUYIN-195711,华为 美妆个护 33,家居用品,1713.7,2238.25,-524.55,-0.003177626697225515
P-DOUYIN-291324,Apple 图书文具 46,美妆个护,620.18,1148.08,-527.9,-0.0031979203764471442
P-TAOBAO-647511,优衣库 图书文具 20,图书文具,0.0,528.5,-528.5,-0.0032015550652629587
P-TAOBAO-403719,耐克 家居用品 76,服装鞋帽,1463.72,1994.67,-530.95,-0.0032163967112608664
P-DOUYIN-785397,Apple 图书文具 12,家居用品,0.0,531.51,-531.51,-0.0032197890874889595
P-DOUYIN-823391,华为 家居用品 41,食品饮料,0.0,534.79,-534.79,-0.0032396587196820764
P-DOUYIN-300437,小米 运动户外 5,服装鞋帽,0.0,537.15,-537.15,-0.0032539551623576124
P-JD-988419,华为 运动户外 11,服装鞋帽,0.0,540.52,-540.52,-0.003274369997873102
P-TAOBAO-823526,格力 家居用品 35,家居用品,0.0,542.58,-542.58,-0.0032868490961407305
P-DOUYIN-764997,小米 服装鞋帽 56,电子产品,0.0,545.77,-545.77,-0.0033061735250114756
P-TAOBAO-960148,阿迪达斯 母婴用品 54,图书文具,1287.19,1834.85,-547.6599999999999,-0.0033176227947812895
P-JD-990618,华为 母婴用品 96,运动户外,0.0,549.36,-549.36,-0.00332792107975943
P-JD-116366,小米 食品饮料 74,母婴用品,0.0,551.81,-551.81,-0.0033427627257573375
P-TAOBAO-783127,耐克 服装鞋帽 82,电子产品,214.99,766.82,-551.83,-0.0033428838820511986
P-TAOBAO-247685,格力 图书文具 80,电子产品,0.0,551.9,-551.9,-0.00334330792907971
P-DOUYIN-397610,小米 图书文具 34,美妆个护,0.0,559.25,-559.25,-0.0033878328670734334
P-TAOBAO-202929,Apple 电子产品 91,电子产品,0.0,561.77,-561.77,-0.0034030985600998526
P-JD-793335,ZARA 美妆个护 91,食品饮料,0.0,563.25,-563.25,-0.003412064125845528
P-JD-392886,优衣库 电子产品 86,家居用品,0.0,565.39,-565.39,-0.003425027849288598
P-TAOBAO-202455,耐克 运动户外 65,母婴用品,0.0,569.66,-569.66,-0.0034508947180278086
P-JD-714789,三星 家居用品 73,美妆个护,0.0,570.74,-570.74,-0.0034574371578962745
P-JD-767137,阿迪达斯 图书文具 14,电子产品,1822.8,2395.45,-572.6499999999999,-0.0034690075839599486
P-DOUYIN-836765,Apple 美妆个护 38,图书文具,0.0,577.92,-577.92,-0.003500932267392183
P-DOUYIN-457363,小米 电子产品 87,美妆个护,1278.79,1860.05,-581.26,-0.003521165368466882
P-DOUYIN-382598,华为 母婴用品 75,服装鞋帽,0.0,583.09,-583.09,-0.0035322511693551156
P-DOUYIN-659640,海尔 运动户外 74,运动户外,0.0,583.16,-583.16,-0.003532675216383627
P-DOUYIN-259096,小米 食品饮料 13,美妆个护,0.0,584.76,-584.76,-0.0035423677198924645
P-JD-116334,耐克 运动户外 38,母婴用品,579.1700000000001,1163.98,-584.81,-0.0035426706106271156
P-DOUYIN-499870,海尔 家居用品 95,图书文具,0.0,586.09,-586.09,-0.003550424613434186
P-TAOBAO-116307,优衣库 图书文具 72,母婴用品,0.0,586.9200000000001,-586.9200000000001,-0.0035554525996293962
P-JD-895849,华为 图书文具 51,美妆个护,0.0,588.94,-588.94,-0.0035676893853093038
P-TAOBAO-726566,ZARA 食品饮料 68,图书文具,0.0,590.06,-590.06,-0.0035744741377654893
P-TAOBAO-993995,海尔 母婴用品 52,母婴用品,0.0,590.65,-590.65,-0.0035780482484343732
P-DOUYIN-216610,格力 美妆个护 49,服装鞋帽,382.22,977.43,-595.2099999999999,-0.0036056718834345607
P-TAOBAO-657736,华为 服装鞋帽 62,电子产品,476.74,1073.29,-596.55,-0.0036137893551232126
P-JD-579022,Apple 运动户外 3,美妆个护,0.0,602.52,-602.52,-0.0036499545088405634
P-TAOBAO-116677,耐克 服装鞋帽 66,食品饮料,0.0,604.2,-604.2,-0.0036601316375248433
P-TAOBAO-286283,阿迪达斯 母婴用品 12,图书文具,563.77,1169.62,-605.8499999999999,-0.0036701270317683315
P-TAOBAO-878512,海尔 食品饮料 46,食品饮料,2500.3199999999997,3106.7400000000002,-606.4200000000005,-0.0036735799861433585
P-TAOBAO-103640,华为 运动户外 96,食品饮料,0.0,612.91,-612.91,-0.0037128952035010783
P-TAOBAO-915865,三星 服装鞋帽 15,图书文具,316.98,932.75,-615.77,-0.0037302205535231256
P-DOUYIN-232241,优衣库 图书文具 70,食品饮料,292.89,912.78,-619.89,-0.0037551787500583827
P-DOUYIN-435427,耐克 食品饮料 42,服装鞋帽,0.0,620.62,-620.62,-0.00375960095478429
P-JD-433005,优衣库 食品饮料 71,运动户外,0.0,622.18,-622.18,-0.0037690511457054068
P-TAOBAO-683457,Apple 家居用品 87,服装鞋帽,534.82,1159.74,-624.92,-0.0037856495579642914
P-DOUYIN-603475,耐克 家居用品 6,家居用品,2013.5,2638.57,-625.0700000000002,-0.0037865582301682458
P-JD-308525,耐克 美妆个护 81,食品饮料,734.52,1364.81,-630.29,-0.0038181800228658277
P-JD-188655,海尔 母婴用品 25,美妆个护,0.0,631.25,-631.25,-0.0038239955249711305
P-JD-337872,耐克 美妆个护 27,美妆个护,0.0,631.31,-631.31,-0.003824358993852712
P-TAOBAO-129223,Apple 食品饮料 84,母婴用品,2348.12,2980.51,-632.3900000000003,-0.0038309014337211795
P-DOUYIN-636686,三星 美妆个护 66,母婴用品,0.0,645.58,-645.58,-0.003910804009522159
P-TAOBAO-884893,三星 食品饮料 13,运动户外,441.6,1089.25,-647.65,-0.003923343685936717
P-TAOBAO-937081,耐克 服装鞋帽 97,电子产品,0.0,648.97,-648.97,-0.003931340001331509
P-JD-597872,阿迪达斯 运动户外 84,家居用品,522.67,1173.44,-650.7700000000001,-0.003942244067778951
P-DOUYIN-438193,三星 美妆个护 8,家居用品,0.0,651.08,-651.08,-0.003944121990333788
P-TAOBAO-670354,阿迪达斯 运动户外 96,服装鞋帽,0.0,653.48,-653.48,-0.003958660745597045
P-JD-690566,耐克 图书文具 20,母婴用品,0.0,656.09,-656.09,-0.003974471641945836
P-JD-799218,阿迪达斯 电子产品 14,图书文具,0.0,657.6,-657.6,-0.003983618942132302
P-TAOBAO-550718,海尔 家居用品 31,母婴用品,2118.8599999999997,2786.33,-667.4700000000003,-0.004043409573152446
P-TAOBAO-581088,海尔 美妆个护 80,家居用品,0.0,671.4399999999999,-671.4399999999999,-0.0040674590974837475
P-TAOBAO-703061,耐克 家居用品 8,美妆个护,0.0,673.0,-673.0,-0.004076909288404865
P-TAOBAO-577423,华为 运动户外 19,电子产品,0.0,673.83,-673.83,-0.004081937274600074
P-TAOBAO-681239,优衣库 食品饮料 82,电子产品,5190.97,5865.47,-674.5,-0.0040859960104444
P-TAOBAO-632030,海尔 图书文具 24,食品饮料,2714.6400000000003,3394.58,-679.9399999999996,-0.004118950522374446
P-JD-270239,Apple 图书文具 41,食品饮料,351.73,1031.92,-680.19,-0.004120464976047704
P-DOUYIN-724718,耐克 电子产品 77,美妆个护,0.0,683.98,-683.98,-0.004143424093734264
P-DOUYIN-660410,优衣库 母婴用品 60,图书文具,0.0,686.58,-686.58,-0.004159174411936125
P-DOUYIN-426113,格力 家居用品 33,运动户外,1006.18,1698.83,-692.65,-0.004195945347122778
P-TAOBAO-850307,三星 美妆个护 84,图书文具,0.0,696.3,-696.3,-0.004218056370752314
P-TAOBAO-279529,华为 母婴用品 84,家居用品,849.0799999999999,1546.58,-697.5,-0.004225325748383943
P-DOUYIN-422837,Apple 电子产品 83,美妆个护,0.0,701.56,-701.56,-0.004249920476037618
P-TAOBAO-922203,三星 母婴用品 89,电子产品,1129.98,1835.05,-705.0699999999999,-0.00427118340561013
P-JD-853090,耐克 美妆个护 67,母婴用品,782.79,1488.86,-706.0699999999999,-0.004277241220303154
P-TAOBAO-114972,优衣库 食品饮料 1,图书文具,0.0,706.31,-706.31,-0.00427869509582948
P-JD-738607,华为 家居用品 82,美妆个护,0.0,710.0799999999999,-710.0799999999999,-0.004301533057222178
P-TAOBAO-137366,海尔 运动户外 34,美妆个护,1146.3899999999999,1856.94,-710.5500000000002,-0.004304380230127901
P-JD-571817,ZARA 母婴用品 82,母婴用品,1564.6200000000001,2276.29,-711.6699999999998,-0.004311164982584085
P-DOUYIN-280768,ZARA 服装鞋帽 49,运动户外,0.0,712.24,-712.24,-0.00431461793695911
P-TAOBAO-651472,小米 电子产品 72,母婴用品,4793.83,5507.93,-714.1000000000004,-0.004325885472288136
P-JD-205620,优衣库 食品饮料 68,食品饮料,972.65,1687.78,-715.13,-0.004332125021421948
P-TAOBAO-128050,阿迪达斯 美妆个护 85,运动户外,0.0,716.17,-716.17,-0.0043384251487026924
P-JD-948590,华为 食品饮料 10,图书文具,0.0,716.35,-716.35,-0.004339515555347437
P-TAOBAO-642317,Apple 服装鞋帽 56,图书文具,2678.6800000000003,3397.01,-718.3299999999999,-0.004351510028439623
P-JD-880501,Apple 美妆个护 25,运动户外,0.0,719.21,-719.21,-0.004356840905369484
P-DOUYIN-503461,ZARA 运动户外 9,运动户外,787.38,1506.6,-719.2199999999999,-0.004356901483516414
P-DOUYIN-150273,优衣库 服装鞋帽 51,家居用品,290.16,1009.75,-719.5899999999999,-0.004359142874952832
P-TAOBAO-668898,耐克 图书文具 84,运动户外,0.0,719.82,-719.82,-0.004360536172332229
P-JD-613601,三星 家居用品 48,母婴用品,0.0,720.51,-720.51,-0.0043647160644704145
P-TAOBAO-377630,ZARA 图书文具 28,美妆个护,4931.709999999999,5652.32,-720.6100000000006,-0.00436532184593972
P-JD-843864,优衣库 美妆个护 50,美妆个护,0.0,720.73,-720.73,-0.00436604878370288
P-JD-918707,ZARA 母婴用品 92,运动户外,0.0,722.83,-722.83,-0.0043787701945582295
P-TAOBAO-730983,海尔 运动户外 73,运动户外,791.98,1515.31,-723.3299999999999,-0.004381799101904741
P-DOUYIN-122214,格力 食品饮料 37,运动户外,234.12,963.91,-729.79,-0.0044209325848216735
P-DOUYIN-245379,Apple 运动户外 84,美妆个护,0.0,730.43,-730.43,-0.004424809586225208
P-TAOBAO-271082,Apple 图书文具 57,运动户外,0.0,733.2,-733.2,-0.004441589732924884
P-JD-631730,小米 图书文具 55,家居用品,0.0,733.59,-733.59,-0.004443952280655163
P-DOUYIN-903494,华为 电子产品 3,食品饮料,0.0,739.29,-739.29,-0.0044784818244053975
P-DOUYIN-122097,格力 服装鞋帽 72,电子产品,0.0,740.16,-740.16,-0.004483752123188328
P-TAOBAO-988666,三星 食品饮料 63,食品饮料,0.0,748.75,-748.75,-0.004535788751401401
P-JD-790000,优衣库 电子产品 98,美妆个护,0.0,754.2,-754.2,-0.004568803841478379
P-DOUYIN-166728,ZARA 母婴用品 96,电子产品,0.0,755.81,-755.81,-0.0045785569231341465
P-JD-838848,耐克 食品饮料 89,美妆个护,0.0,757.5,-757.5,-0.004588794629965357
P-TAOBAO-654068,Apple 图书文具 56,电子产品,1553.06,2310.74,-757.6799999999998,-0.0045898850366101
P-JD-792041,华为 电子产品 88,家居用品,0.0,758.79,-758.79,-0.004596609210919357
P-DOUYIN-949592,格力 食品饮料 1,电子产品,1387.58,2147.1,-759.52,-0.004601031415645264
P-JD-894444,三星 食品饮料 72,服装鞋帽,704.04,1466.58,-762.54,-0.0046193260160181954
P-DOUYIN-182220,小米 图书文具 65,母婴用品,0.0,764.0699999999999,-764.0699999999999,-0.004628594472498521
P-DOUYIN-503952,优衣库 美妆个护 89,运动户外,0.0,765.78,-765.78,-0.004638953335623592
P-DOUYIN-499866,格力 电子产品 61,电子产品,0.0,767.08,-767.08,-0.004646828494724523
P-DOUYIN-387590,优衣库 家居用品 96,电子产品,424.5,1196.87,-772.3699999999999,-0.004678874334450617
P-JD-284992,优衣库 美妆个护 74,服装鞋帽,1649.12,2422.22,-773.0999999999999,-0.004683296539176524
P-JD-770109,ZARA 食品饮料 17,家居用品,0.0,777.9,-777.9,-0.004712374049703038
P-TAOBAO-939702,阿迪达斯 母婴用品 55,家居用品,2046.51,2831.32,-784.8100000000002,-0.004754233549231832
P-DOUYIN-976464,Apple 图书文具 84,服装鞋帽,0.0,791.67,-791.67,-0.004795790158025972
P-TAOBAO-996041,华为 食品饮料 94,母婴用品,0.0,795.42,-795.42,-0.00481850696312481
P-JD-102342,海尔 运动户外 53,运动户外,0.0,796.72,-796.72,-0.004826382122225741
P-DOUYIN-133847,优衣库 母婴用品 37,母婴用品,0.0,796.94,-796.94,-0.004827714841458207
P-JD-867515,格力 美妆个护 33,美妆个护,0.0,797.8,-797.8,-0.004832924562094207
P-JD-631547,ZARA 电子产品 72,美妆个护,3912.16,4710.01,-797.8500000000004,-0.00483322745282886
P-TAOBAO-485445,Apple 服装鞋帽 18,电子产品,0.0,801.08,-801.08,-0.004852794194287325
P-DOUYIN-549571,格力 美妆个护 48,母婴用品,303.58,1105.44,-801.8600000000001,-0.004857519289747883
P-JD-420532,格力 美妆个护 60,家居用品,0.0,804.39,-804.39,-0.004872845560921232
P-TAOBAO-248496,小米 电子产品 94,图书文具,0.0,805.13,-805.13,-0.00487732834379407
P-TAOBAO-992699,Apple 食品饮料 90,母婴用品,0.0,809.94,-809.94,-0.004906466432467513
P-DOUYIN-651223,格力 服装鞋帽 12,运动户外,489.75,1303.3,-813.55,-0.0049283351435093275
P-TAOBAO-302811,华为 图书文具 73,食品饮料,1100.33,1927.33,-827.0,-0.005009812751130495
P-TAOBAO-423694,Apple 电子产品 45,美妆个护,301.53,1133.19,-831.6600000000001,-0.0050380421675999855
P-DOUYIN-873778,Apple 美妆个护 33,图书文具,0.0,836.04,-836.04,-0.005064575395955428
P-DOUYIN-822233,三星 电子产品 49,图书文具,1428.88,2266.72,-837.8399999999997,-0.0050754794624028685
P-JD-469357,小米 食品饮料 69,食品饮料,1647.51,2485.53,-838.0200000000002,-0.005076569869047616
P-TAOBAO-323674,优衣库 服装鞋帽 31,运动户外,1796.91,2645.66,-848.7499999999998,-0.005141570220703756
P-TAOBAO-810566,阿迪达斯 母婴用品 80,运动户外,0.0,849.0,-849.0,-0.0051430846743770135
P-JD-215934,Apple 电子产品 85,家居用品,0.0,855.81,-855.81,-0.005184338392436504
P-JD-477260,阿迪达斯 电子产品 58,美妆个护,5193.48,6052.94,-859.46,-0.00520644941606604
P-TAOBAO-876277,格力 食品饮料 57,母婴用品,1651.54,2511.04,-859.5,-0.005206691728653761
P-DOUYIN-774779,三星 图书文具 18,图书文具,0.0,864.48,-864.48,-0.005236859645825018
P-DOUYIN-877807,优衣库 美妆个护 62,运动户外,1558.11,2426.85,-868.74,-0.005262665936417299
P-TAOBAO-691485,三星 美妆个护 56,家居用品,851.08,1726.56,-875.4799999999999,-0.0053034956074482775
P-JD-351650,格力 家居用品 37,电子产品,653.72,1529.21,-875.49,-0.0053035561855952085
P-DOUYIN-206690,小米 图书文具 91,图书文具,0.0,881.2,-881.2,-0.005338146307492373
P-DOUYIN-947431,阿迪达斯 母婴用品 33,母婴用品,196.45,1078.92,-882.47,-0.005345839732152513
P-JD-646532,小米 电子产品 23,运动户外,3121.3,4008.92,-887.6199999999999,-0.005377037477821584
P-JD-154364,三星 家居用品 47,运动户外,0.0,889.54,-889.54,-0.0053886684820321894
P-JD-338183,华为 图书文具 3,服装鞋帽,0.0,891.1,-891.1,-0.005398118672953306
P-DOUYIN-581646,小米 运动户外 7,运动户外,0.0,894.8399999999999,-894.8399999999999,-0.0054207748999052134
P-DOUYIN-637081,ZARA 母婴用品 38,母婴用品,889.34,1786.56,-897.2199999999999,-0.00543519249887461
P-JD-972120,ZARA 服装鞋帽 38,食品饮料,0.0,900.32,-900.32,-0.005453971724422984
P-TAOBAO-966588,优衣库 图书文具 24,家居用品,3741.31,4643.700000000001,-902.3900000000008,-0.0054665114008375475
P-TAOBAO-939149,海尔 运动户外 5,家居用品,0.0,903.76,-903.76,-0.005474810606966985
P-DOUYIN-134816,阿迪达斯 母婴用品 11,母婴用品,0.0,904.14,-904.14,-0.005477112576550334
P-TAOBAO-377840,优衣库 食品饮料 76,图书文具,1471.0300000000002,2376.36,-905.3299999999999,-0.005484321376035032
P-TAOBAO-390372,优衣库 食品饮料 58,家居用品,1338.79,2244.47,-905.6799999999998,-0.005486441611177589
P-DOUYIN-968337,格力 母婴用品 6,图书文具,0.0,907.21,-907.21,-0.005495710067657917
P-DOUYIN-403089,格力 运动户外 18,电子产品,0.0,910.77,-910.77,-0.005517275887965079
P-JD-870978,三星 图书文具 57,运动户外,0.0,911.8,-911.8,-0.005523515437098894
P-DOUYIN-114925,三星 图书文具 72,电子产品,0.0,915.57,-915.57,-0.005546353398491593
P-TAOBAO-855693,华为 电子产品 37,母婴用品,0.0,918.22,-918.22,-0.005562406607428106
P-TAOBAO-841547,格力 家居用品 22,运动户外,0.0,920.06,-920.06,-0.0055735529864632686
P-DOUYIN-601450,海尔 家居用品 49,食品饮料,0.0,924.36,-924.36,-0.00559960158964327
P-DOUYIN-565039,格力 食品饮料 15,运动户外,98.65,1024.96,-926.3100000000001,-0.005611414328294667
P-JD-143381,小米 图书文具 12,美妆个护,0.0,928.18,-928.18,-0.00562274244177062
P-JD-281939,Apple 家居用品 17,电子产品,0.0,928.33,-928.33,-0.005623651113974574
P-JD-567610,格力 美妆个护 26,电子产品,1062.15,1990.5099999999998,-928.3599999999997,-0.005623832848415363
P-DOUYIN-377011,格力 运动户外 34,运动户外,0.0,929.87,-929.87,-0.005632980148601831
P-JD-930847,华为 母婴用品 28,家居用品,0.0,933.3,-933.3,-0.005653758452998901
P-JD-638655,优衣库 家居用品 49,服装鞋帽,0.0,936.2,-936.2,-0.005671326115608669
P-JD-193299,Apple 食品饮料 32,图书文具,0.0,939.71,-939.71,-0.005692589045181182
P-DOUYIN-243393,三星 图书文具 29,服装鞋帽,0.0,942.32,-942.32,-0.005708399941529974
P-DOUYIN-868965,三星 食品饮料 81,电子产品,0.0,942.91,-942.91,-0.005711974052198857
P-TAOBAO-520335,阿迪达斯 图书文具 37,美妆个护,117.63,1060.59,-942.9599999999999,-0.005712276942933508
P-JD-863029,华为 服装鞋帽 23,美妆个护,0.0,946.84,-946.84,-0.0057357812639424405
P-JD-895366,ZARA 食品饮料 58,家居用品,450.71,1399.18,-948.47,-0.005745655501892068
P-DOUYIN-462212,优衣库 电子产品 29,电子产品,0.0,951.75,-951.75,-0.005765525134085186
P-DOUYIN-181553,Apple 服装鞋帽 18,运动户外,0.0,951.83,-951.83,-0.005766009759260628
P-TAOBAO-986022,Apple 图书文具 76,电子产品,0.0,962.03,-962.03,-0.005827799469129468
P-TAOBAO-216482,三星 图书文具 19,运动户外,0.0,963.62,-963.62,-0.005837431394491376
P-DOUYIN-276568,华为 母婴用品 47,母婴用品,0.0,967.24,-967.24,-0.005859360683680121
P-TAOBAO-686034,华为 电子产品 84,家居用品,0.0,973.79,-973.79,-0.005899039369919425
P-TAOBAO-162799,优衣库 家居用品 15,食品饮料,979.9,1955.96,-976.0600000000001,-0.005912790609272589
P-TAOBAO-146347,Apple 运动户外 61,图书文具,0.0,976.61,-976.61,-0.005916122407353752
P-TAOBAO-438583,华为 图书文具 40,运动户外,0.0,981.32,-981.32,-0.0059446547145578935
P-DOUYIN-588940,ZARA 母婴用品 60,图书文具,935.65,1918.73,-983.08,-0.005955316468417615
P-TAOBAO-582873,华为 母婴用品 34,母婴用品,0.0,984.53,-984.53,-0.0059641002997224985
P-DOUYIN-719265,三星 母婴用品 25,家居用品,1614.7,2603.1099999999997,-988.4099999999996,-0.005987604620731428
P-JD-703267,ZARA 图书文具 72,图书文具,1622.1100000000001,2621.71,-999.5999999999999,-0.006055391567146363
P-DOUYIN-928884,华为 运动户外 51,美妆个护,0.0,1000.9,-1000.9,-0.006063266726247294
P-JD-645125,阿迪达斯 家居用品 54,家居用品,0.0,1004.57,-1004.57,-0.006085498906170691
P-DOUYIN-370213,阿迪达斯 食品饮料 67,电子产品,0.0,1005.73,-1005.73,-0.006092525971214599
P-DOUYIN-254078,海尔 母婴用品 87,母婴用品,0.0,1007.69,-1007.69,-0.006104399288012925
P-DOUYIN-805526,耐克 服装鞋帽 21,家居用品,1172.82,2182.07,-1009.2500000000002,-0.006113849478934043
P-DOUYIN-813370,阿迪达斯 母婴用品 39,美妆个护,747.23,1757.37,-1010.1399999999999,-0.006119240934010832
P-DOUYIN-226939,格力 运动户外 12,食品饮料,618.09,1628.65,-1010.5600000000001,-0.0061217852161819025
P-DOUYIN-611659,优衣库 美妆个护 84,图书文具,0.0,1012.09,-1012.09,-0.006131053672662229
P-TAOBAO-519876,小米 图书文具 15,图书文具,1682.63,2696.66,-1014.0299999999997,-0.006142805833166692
P-JD-851643,优衣库 母婴用品 42,运动户外,0.0,1017.1,-1017.1,-0.006161403324274277
P-JD-788278,小米 食品饮料 39,母婴用品,0.0,1018.04,-1018.04,-0.0061670976700857185
P-DOUYIN-657462,阿迪达斯 服装鞋帽 68,美妆个护,0.0,1018.87,-1018.87,-0.006172125656280929
P-JD-637073,海尔 家居用品 52,图书文具,890.1,1916.17,-1026.0700000000002,-0.006215741922070699
P-JD-549734,Apple 母婴用品 36,母婴用品,0.0,1028.48,-1028.48,-0.006230341255480885
P-TAOBAO-353331,阿迪达斯 电子产品 38,食品饮料,786.27,1816.6,-1030.33,-0.006241548212662978
P-TAOBAO-455231,三星 家居用品 54,家居用品,0.0,1031.48,-1031.48,-0.006248514699559955
P-DOUYIN-156748,Apple 运动户外 26,食品饮料,144.83,1179.19,-1034.3600000000001,-0.006265961205875864
P-JD-313660,海尔 服装鞋帽 72,图书文具,0.0,1036.66,-1036.66,-0.006279894179669818
P-TAOBAO-155306,华为 食品饮料 11,食品饮料,1085.79,2122.72,-1036.9299999999998,-0.006281529789636933
P-TAOBAO-107423,优衣库 食品饮料 62,家居用品,930.13,1968.44,-1038.31,-0.0062898895739133065
P-DOUYIN-152235,三星 电子产品 67,食品饮料,167.0,1211.03,-1044.03,-0.006324540273957401
P-TAOBAO-880253,耐克 电子产品 80,图书文具,0.0,1045.59,-1045.59,-0.006333990464878518
P-DOUYIN-734270,小米 美妆个护 68,母婴用品,0.0,1046.83,-1046.83,-0.006341502155097867
P-TAOBAO-845978,阿迪达斯 家居用品 6,食品饮料,1248.16,2296.38,-1048.22,-0.00634992251752117
P-TAOBAO-131989,海尔 母婴用品 35,母婴用品,3381.83,4430.11,-1048.2799999999997,-0.00635028598640275
P-TAOBAO-952544,阿迪达斯 电子产品 73,家居用品,0.0,1048.38,-1048.38,-0.006350891767872054
P-TAOBAO-972997,耐克 母婴用品 81,图书文具,0.0,1050.78,-1050.78,-0.00636543052313531
P-TAOBAO-261332,海尔 食品饮料 15,母婴用品,1915.95,2969.62,-1053.6699999999998,-0.006382937607598148
P-JD-411379,Apple 电子产品 63,服装鞋帽,0.0,1055.34,-1055.34,-0.006393054158135497
P-DOUYIN-131134,华为 电子产品 76,电子产品,552.81,1612.1999999999998,-1059.3899999999999,-0.0064175883076422425
P-TAOBAO-650906,海尔 图书文具 75,食品饮料,4842.41,5905.5,-1063.0900000000001,-0.006440002222006432
P-JD-979965,耐克 母婴用品 94,美妆个护,0.0,1064.93,-1064.93,-0.006451148601041594
P-JD-405094,Apple 服装鞋帽 57,电子产品,1360.06,2426.31,-1066.25,-0.006459144916436385
P-TAOBAO-323544,小米 图书文具 63,美妆个护,0.0,1067.41,-1067.41,-0.006466171981480293
P-DOUYIN-475781,阿迪达斯 家居用品 91,美妆个护,1458.48,2526.3,-1067.8200000000002,-0.006468655685504433
P-JD-412267,小米 运动户外 66,美妆个护,0.0,1068.48,-1068.48,-0.006472653843201828
P-DOUYIN-894165,Apple 家居用品 92,运动户外,0.0,1073.68,-1073.68,-0.00650415447960555
P-TAOBAO-822356,ZARA 美妆个护 44,运动户外,969.86,2044.6499999999999,-1074.79,-0.006510878653914806
P-TAOBAO-115065,小米 家居用品 38,电子产品,3732.19,4807.71,-1075.52,-0.006515300858640713
P-JD-168796,ZARA 食品饮料 5,图书文具,0.0,1077.82,-1077.82,-0.006529233832434668
P-JD-396133,阿迪达斯 图书文具 81,母婴用品,3637.04,4721.27,-1084.2300000000005,-0.006568064424616952
P-JD-604332,三星 运动户外 66,美妆个护,0.0,1086.8600000000001,-1086.8600000000001,-0.006583996477259602
P-JD-119751,华为 美妆个护 49,家居用品,0.0,1091.99,-1091.99,-0.006615073066634812
P-DOUYIN-149847,Apple 运动户外 4,食品饮料,0.0,1092.43,-1092.43,-0.006617738505099743
P-TAOBAO-415994,小米 电子产品 61,家居用品,1081.64,2175.95,-1094.3099999999997,-0.006629127196722625
P-DOUYIN-467596,耐克 家居用品 77,电子产品,0.0,1095.88,-1095.88,-0.006638637965790674
P-DOUYIN-105738,华为 图书文具 20,电子产品,800.24,1900.23,-1099.99,-0.006663535584179
P-TAOBAO-336993,Apple 运动户外 4,家居用品,0.0,1101.62,-1101.62,-0.006673409822128628
P-JD-655185,ZARA 母婴用品 50,家居用品,0.0,1105.25,-1105.25,-0.0066953996894643045
P-DOUYIN-549973,优衣库 母婴用品 5,图书文具,1912.87,3023.59,-1110.7200000000003,-0.0067285359358351445
P-JD-188950,阿迪达斯 母婴用品 68,图书文具,0.0,1110.92,-1110.92,-0.006729747498773748
P-JD-482944,Apple 美妆个护 70,图书文具,0.0,1111.2,-1111.2,-0.006731443686887795
P-DOUYIN-485262,格力 母婴用品 36,美妆个护,0.0,1113.08,-1113.08,-0.006742832378510678
P-TAOBAO-694717,耐克 电子产品 10,服装鞋帽,1631.05,2744.55,-1113.5000000000002,-0.006745376660681751
P-DOUYIN-518695,耐克 母婴用品 4,图书文具,1116.3,2230.81,-1114.51,-0.006751495053521702
P-DOUYIN-497574,海尔 服装鞋帽 61,食品饮料,0.0,1123.52,-1123.52,-0.006806075963905845
P-JD-501944,阿迪达斯 服装鞋帽 100,美妆个护,0.0,1124.51,-1124.51,-0.006812073200451938
P-JD-506778,阿迪达斯 美妆个护 3,运动户外,0.0,1126.35,-1126.35,-0.006823219579487102
P-DOUYIN-864186,ZARA 运动户外 50,服装鞋帽,3606.8100000000004,4736.28,-1129.4699999999993,-0.006842119961329331
P-DOUYIN-217661,ZARA 电子产品 24,服装鞋帽,176.59,1309.73,-1133.14,-0.006864352141252732
P-TAOBAO-246901,耐克 母婴用品 72,食品饮料,187.52,1329.31,-1141.79,-0.006916752238347385
P-DOUYIN-426437,华为 母婴用品 31,服装鞋帽,0.0,1146.11,-1146.11,-0.006942921997821247
P-TAOBAO-970443,三星 电子产品 50,图书文具,2490.05,3636.7,-1146.6499999999996,-0.006946193217755478
P-TAOBAO-591290,格力 服装鞋帽 59,服装鞋帽,67.76,1222.08,-1154.32,-0.006992656656450971
P-JD-974298,华为 运动户外 62,美妆个护,700.01,1858.79,-1158.78,-0.007019674509981856
P-TAOBAO-117754,Apple 图书文具 96,电子产品,3277.88,4441.34,-1163.46,-0.007048025082745207
P-TAOBAO-461880,格力 运动户外 30,家居用品,844.4,2012.1,-1167.6999999999998,-0.007073710217043626
P-JD-688616,优衣库 美妆个护 37,美妆个护,0.0,1169.96,-1169.96,-0.00708740087824986
P-JD-880460,耐克 美妆个护 77,食品饮料,596.88,1767.39,-1170.5100000000002,-0.007090732676331024
P-DOUYIN-546689,三星 家居用品 22,家居用品,523.77,1694.46,-1170.69,-0.0070918230829757675
P-JD-283245,耐克 母婴用品 53,食品饮料,1763.28,2937.3199999999997,-1174.0399999999997,-0.0071121167621973945
P-JD-999389,ZARA 运动户外 42,母婴用品,534.39,1713.34,-1178.9499999999998,-0.007141860632340141
P-JD-651200,阿迪达斯 运动户外 48,图书文具,337.65,1517.24,-1179.5900000000001,-0.007145737633743677
P-TAOBAO-939364,海尔 美妆个护 83,母婴用品,408.67,1589.81,-1181.1399999999999,-0.007155127246517862
P-DOUYIN-780311,ZARA 食品饮料 80,食品饮料,0.0,1186.81,-1186.81,-0.007189475055827307
P-TAOBAO-701393,阿迪达斯 美妆个护 58,服装鞋帽,0.0,1190.9,-1190.9,-0.007214251517921774
P-DOUYIN-678510,优衣库 家居用品 86,母婴用品,0.0,1193.04,-1193.04,-0.007227215241364843
P-DOUYIN-778315,小米 运动户外 51,电子产品,0.0,1194.47,-1194.47,-0.0072358779163758675
P-DOUYIN-302890,三星 电子产品 45,图书文具,0.0,1201.57,-1201.57,-0.0072788884006963345
P-TAOBAO-783513,耐克 服装鞋帽 63,电子产品,0.0,1208.74,-1208.74,-0.007322322932045314
P-DOUYIN-820840,耐克 运动户外 43,美妆个护,1044.52,2257.42,-1212.9,-0.007347523441168293
P-DOUYIN-308333,ZARA 服装鞋帽 35,图书文具,0.0,1215.07,-1215.07,-0.007360668899052153
P-DOUYIN-702531,Apple 图书文具 92,电子产品,1835.71,3058.2,-1222.4899999999998,-0.007405617884074387
P-JD-508383,格力 母婴用品 82,图书文具,1492.77,2719.6,-1226.83,-0.00743190879984211
P-DOUYIN-824115,海尔 图书文具 44,电子产品,2358.5299999999997,3588.9700000000003,-1230.4400000000005,-0.007453777510883929
P-JD-795466,耐克 食品饮料 56,家居用品,95.15,1327.1399999999999,-1231.9899999999998,-0.00746316712365811
P-TAOBAO-633513,ZARA 电子产品 11,母婴用品,0.0,1234.86,-1234.86,-0.0074805530518270895
P-DOUYIN-176719,耐克 家居用品 68,图书文具,0.0,1236.86,-1236.86,-0.007492668681213136
P-TAOBAO-116785,小米 图书文具 22,电子产品,2310.62,3549.33,-1238.71,-0.007503875638395231
P-TAOBAO-353292,Apple 母婴用品 14,电子产品,0.0,1247.2600000000002,-1247.2600000000002,-0.007555669954020583
P-TAOBAO-387291,阿迪达斯 服装鞋帽 32,食品饮料,696.82,1944.1,-1247.2799999999997,-0.007555791110314441
P-JD-690065,华为 运动户外 39,家居用品,944.52,2191.97,-1247.4499999999998,-0.007556820938812255
P-TAOBAO-130610,格力 母婴用品 58,美妆个护,1092.48,2341.95,-1249.4699999999998,-0.007569057724492163
P-DOUYIN-448199,格力 母婴用品 65,服装鞋帽,406.92,1658.94,-1252.02,-0.007584505151959374
P-DOUYIN-863925,华为 食品饮料 37,服装鞋帽,0.0,1252.26,-1252.26,-0.0075859590274857
P-TAOBAO-331369,格力 家居用品 67,服装鞋帽,2182.06,3434.92,-1252.8600000000001,-0.007589593716301515
P-TAOBAO-605816,优衣库 家居用品 57,家居用品,4965.360000000001,6218.99,-1253.6299999999992,-0.007594258233615137
P-DOUYIN-146570,耐克 食品饮料 61,图书文具,77.74,1333.99,-1256.25,-0.007610129708110864
P-JD-903489,优衣库 食品饮料 30,食品饮料,0.0,1256.31,-1256.31,-0.007610493176992445
P-DOUYIN-584781,三星 美妆个护 3,食品饮料,405.01,1664.76,-1259.75,-0.007631332059536446
P-DOUYIN-586369,华为 运动户外 78,美妆个护,0.0,1261.84,-1261.84,-0.007643992892244865
P-JD-973025,小米 图书文具 89,美妆个护,1051.3,2314.31,-1263.01,-0.007651080535435703
P-DOUYIN-299683,格力 服装鞋帽 50,图书文具,0.0,1266.5,-1266.5,-0.0076722223087143555
P-JD-445902,三星 食品饮料 45,图书文具,0.0,1270.96,-1270.96,-0.007699240162245241
P-TAOBAO-335445,华为 运动户外 4,运动户外,0.0,1273.51,-1273.51,-0.007714687589712451
P-JD-884120,阿迪达斯 美妆个护 54,图书文具,0.0,1274.99,-1274.99,-0.007723653155458126
P-JD-980544,华为 运动户外 30,母婴用品,0.0,1277.3,-1277.3,-0.00773764670739901
P-JD-164729,海尔 电子产品 87,电子产品,0.0,1287.47,-1287.47,-0.00779925468282706
P-DOUYIN-367752,ZARA 美妆个护 6,电子产品,0.0,1289.03,-1289.03,-0.007808704873748177
P-DOUYIN-469793,三星 母婴用品 79,食品饮料,2650.95,3940.18,-1289.23,-0.0078099164366867814
P-JD-719553,华为 母婴用品 48,电子产品,0.0,1289.39,-1289.39,-0.0078108856870376655
P-DOUYIN-368686,耐克 母婴用品 74,图书文具,0.0,1293.64,-1293.64,-0.007836631399483016
P-TAOBAO-682467,阿迪达斯 运动户外 34,美妆个护,1434.23,2738.42,-1304.19,-0.007900541344494414
P-JD-352578,ZARA 食品饮料 68,母婴用品,32.57,1340.46,-1307.89,-0.007922955258858602
P-DOUYIN-990557,耐克 美妆个护 85,美妆个护,1548.44,2856.8900000000003,-1308.4500000000003,-0.007926347635086697
P-TAOBAO-757216,阿迪达斯 家居用品 53,食品饮料,0.0,1314.23,-1314.23,-0.00796136180401237
P-DOUYIN-795123,Apple 美妆个护 52,美妆个护,1075.48,2390.42,-1314.94,-0.007965662852444417
P-JD-766944,三星 家居用品 93,美妆个护,71.57,1389.22,-1317.65,-0.007982079530262512
P-TAOBAO-973803,海尔 电子产品 70,运动户外,210.75,1531.8999999999999,-1321.1499999999999,-0.008003281881688093
P-JD-360976,三星 家居用品 51,美妆个护,0.0,1327.9,-1327.9,-0.008044172130866004
P-JD-181294,小米 美妆个护 82,家居用品,0.0,1330.15,-1330.15,-0.008057802213925307
P-DOUYIN-103867,Apple 食品饮料 13,食品饮料,0.0,1332.36,-1332.36,-0.008071189984396888
P-DOUYIN-428114,阿迪达斯 母婴用品 55,母婴用品,424.6,1759.78,-1335.1799999999998,-0.008088273021831214
P-TAOBAO-295460,优衣库 美妆个护 53,食品饮料,372.97,1709.58,-1336.61,-0.008096935696842238
P-TAOBAO-965290,ZARA 运动户外 80,美妆个护,0.0,1337.33,-1337.33,-0.008101297323421216
P-TAOBAO-364850,耐克 图书文具 44,食品饮料,1462.84,2800.3,-1337.4600000000003,-0.00810208483933131
P-DOUYIN-836203,海尔 电子产品 1,食品饮料,626.44,1965.22,-1338.78,-0.0081100811547261
P-DOUYIN-999415,Apple 美妆个护 41,服装鞋帽,0.0,1340.5,-1340.5,-0.0081205005959981
P-JD-773270,三星 电子产品 83,母婴用品,1217.87,2558.8300000000004,-1340.9600000000005,-0.008123287190756895
P-DOUYIN-465341,格力 母婴用品 23,食品饮料,0.0,1341.16,-1341.16,-0.008124498753695496
P-JD-925369,优衣库 母婴用品 61,母婴用品,3211.04,4555.58,-1344.54,-0.008144974167357915
P-JD-864712,Apple 家居用品 86,图书文具,0.0,1346.02,-1346.02,-0.00815393973310359
P-DOUYIN-958386,ZARA 电子产品 52,图书文具,0.0,1347.31,-1347.31,-0.008161754314057591
P-DOUYIN-115336,优衣库 食品饮料 91,运动户外,0.0,1349.75,-1349.75,-0.008176535381908568
P-DOUYIN-721980,格力 母婴用品 19,食品饮料,1998.9,3349.01,-1350.1100000000001,-0.008178716195198058
P-JD-988215,格力 服装鞋帽 45,电子产品,338.38,1688.99,-1350.6100000000001,-0.008181745102544569
P-TAOBAO-296518,优衣库 美妆个护 94,运动户外,441.81,1796.13,-1354.3200000000002,-0.008204219595055687
P-TAOBAO-209863,小米 家居用品 36,母婴用品,0.0,1357.79,-1357.79,-0.008225240212040477
P-TAOBAO-914075,优衣库 美妆个护 60,食品饮料,0.0,1361.64,-1361.64,-0.00824856279860862
P-TAOBAO-504380,Apple 食品饮料 35,家居用品,215.56,1578.57,-1363.01,-0.00825686200473806
P-TAOBAO-392116,ZARA 家居用品 14,母婴用品,0.0,1363.82,-1363.82,-0.008261768834639409
P-DOUYIN-569921,华为 运动户外 4,母婴用品,0.0,1366.94,-1366.94,-0.008280669216481644
P-DOUYIN-528450,ZARA 服装鞋帽 88,服装鞋帽,2750.62,4120.63,-1370.0100000000002,-0.008299266707589226
P-JD-868812,小米 食品饮料 57,电子产品,0.0,1372.47,-1372.47,-0.008314168931734063
P-DOUYIN-245779,格力 母婴用品 65,电子产品,0.0,1373.97,-1373.97,-0.0083232556537736
P-TAOBAO-191039,华为 家居用品 18,服装鞋帽,1285.53,2671.85,-1386.32,-0.00839806966523244
P-DOUYIN-866916,耐克 美妆个护 2,家居用品,0.0,1387.26,-1387.26,-0.008403764011043882
P-DOUYIN-192874,华为 图书文具 44,食品饮料,0.0,1389.67,-1389.67,-0.00841836334445407
P-DOUYIN-139181,Apple 母婴用品 89,电子产品,0.0,1391.27,-1391.27,-0.008428055847962907
P-JD-804778,小米 运动户外 90,服装鞋帽,1065.34,2458.16,-1392.82,-0.008437445460737093
P-JD-709746,优衣库 母婴用品 88,美妆个护,1077.51,2479.31,-1401.8,-0.008491844636680445
P-JD-628814,阿迪达斯 电子产品 79,美妆个护,383.95,1788.1799999999998,-1404.2299999999998,-0.00850656512638449
P-JD-299109,小米 图书文具 43,美妆个护,1490.06,2905.08,-1415.02,-0.008571928946922217
P-DOUYIN-381063,格力 食品饮料 23,食品饮料,0.0,1415.72,-1415.72,-0.008576169417207333
P-JD-763015,Apple 图书文具 43,食品饮料,1206.95,2624.35,-1417.3999999999999,-0.008586346545891611
P-JD-730575,ZARA 家居用品 86,家居用品,1130.36,2548.59,-1418.2300000000002,-0.008591374532086823
P-TAOBAO-373497,ZARA 电子产品 81,图书文具,0.0,1427.31,-1427.31,-0.008646379489499477
P-DOUYIN-170822,华为 食品饮料 47,母婴用品,0.0,1430.84,-1430.84,-0.008667763575365849
P-DOUYIN-206657,华为 母婴用品 16,母婴用品,0.0,1433.76,-1433.76,-0.008685452394269478
P-DOUYIN-930293,三星 食品饮料 38,家居用品,209.66,1659.05,-1449.3899999999999,-0.008780136037921436
P-DOUYIN-869806,优衣库 运动户外 44,运动户外,0.0,1451.27,-1451.27,-0.008791524729544321
P-JD-806898,小米 食品饮料 98,家居用品,0.0,1452.63,-1452.63,-0.008799763357526833
P-TAOBAO-712090,耐克 母婴用品 31,母婴用品,0.0,1454.6,-1454.6,-0.008811697252472089
P-JD-443701,Apple 电子产品 62,服装鞋帽,0.0,1459.37,-1459.37,-0.008840593028557811
P-JD-356982,小米 母婴用品 53,家居用品,323.97,1789.67,-1465.7,-0.008878938995564651
P-JD-229718,小米 电子产品 83,家居用品,1389.22,2856.9399999999996,-1467.7199999999996,-0.008891175781244556
P-TAOBAO-844533,海尔 母婴用品 31,家居用品,1859.83,3336.2,-1476.37,-0.008943575878339213
P-DOUYIN-838237,海尔 运动户外 100,食品饮料,0.0,1483.82,-1483.82,-0.008988706597802237
P-JD-708643,Apple 食品饮料 69,母婴用品,831.58,2319.16,-1487.58,-0.009011483981048007
P-JD-101291,三星 食品饮料 79,电子产品,0.0,1492.38,-1492.38,-0.009040561491574521
P-TAOBAO-873900,华为 母婴用品 32,食品饮料,2772.03,4267.03,-1494.9999999999995,-0.009056432966070239
P-JD-213578,Apple 电子产品 2,运动户外,0.0,1507.89,-1507.89,-0.009134518197463316
P-JD-845994,海尔 家居用品 94,美妆个护,172.56,1681.73,-1509.17,-0.009142272200270387
P-JD-750244,格力 食品饮料 81,图书文具,832.79,2345.76,-1512.9700000000003,-0.009165291896103878
P-TAOBAO-821599,格力 运动户外 28,母婴用品,4673.82,6191.04,-1517.2200000000003,-0.009191037608549227
P-JD-376441,小米 图书文具 3,图书文具,0.0,1522.5,-1522.5,-0.00922302287012839
P-JD-388581,优衣库 家居用品 25,家居用品,244.83,1767.6100000000001,-1522.7800000000002,-0.009224719058242438
P-TAOBAO-433412,华为 食品饮料 6,运动户外,51.33,1575.39,-1524.0600000000002,-0.009232473061049509
P-DOUYIN-680821,海尔 图书文具 70,食品饮料,0.0,1526.65,-1526.65,-0.009248162801104439
P-DOUYIN-535244,优衣库 食品饮料 89,运动户外,263.92,1804.23,-1540.31,-0.00933091254981114
P-JD-170035,海尔 运动户外 38,美妆个护,0.0,1546.45,-1546.45,-0.009368107532026305
P-JD-647478,小米 图书文具 77,运动户外,0.0,1548.57,-1548.57,-0.009380950099175514
P-TAOBAO-380863,Apple 食品饮料 71,图书文具,0.0,1556.75,-1556.75,-0.009430503023364447
P-DOUYIN-202220,三星 家居用品 91,图书文具,420.98,1978.3,-1557.32,-0.00943395597773947
P-JD-524810,华为 母婴用品 48,母婴用品,0.0,1558.07,-1558.07,-0.009438499338759239
P-DOUYIN-192853,耐克 图书文具 81,家居用品,0.0,1559.18,-1559.18,-0.009445223513068495
P-TAOBAO-330766,耐克 母婴用品 20,图书文具,1632.75,3192.93,-1560.1799999999998,-0.009451281327761518
P-DOUYIN-656934,格力 母婴用品 65,服装鞋帽,0.0,1563.88,-1563.88,-0.009473695242125707
P-TAOBAO-226007,阿迪达斯 母婴用品 75,家居用品,0.0,1568.52,-1568.52,-0.009501803502301336
P-JD-754163,海尔 服装鞋帽 65,食品饮料,0.0,1579.15,-1579.15,-0.009566198072488177
P-DOUYIN-778868,Apple 美妆个护 26,食品饮料,0.0,1583.69,-1583.69,-0.009593700551194503
P-JD-393347,优衣库 电子产品 96,运动户外,0.0,1597.54,-1597.54,-0.00967760128469288
P-TAOBAO-743125,小米 服装鞋帽 82,图书文具,0.0,1600.38,-1600.38,-0.009694805478421067
P-TAOBAO-381314,三星 运动户外 33,食品饮料,0.0,1602.1799999999998,-1602.1799999999998,-0.009705709544868508
P-TAOBAO-222837,三星 食品饮料 39,电子产品,0.0,1605.32,-1605.32,-0.009724731083004602
P-TAOBAO-686737,小米 美妆个护 59,家居用品,0.0,1605.9099999999999,-1605.9099999999999,-0.009728305193673487
P-DOUYIN-511474,阿迪达斯 图书文具 55,食品饮料,0.0,1607.69,-1607.69,-0.009739088103827068
P-JD-883511,华为 图书文具 91,运动户外,1568.26,3178.54,-1610.28,-0.009754777843882
P-TAOBAO-203027,三星 母婴用品 52,美妆个护,456.69,2074.25,-1617.56,-0.009798878734847211
P-TAOBAO-780530,格力 美妆个护 33,食品饮料,0.0,1617.69,-1617.69,-0.009799666250757304
P-TAOBAO-631658,耐克 图书文具 66,图书文具,2619.18,4244.57,-1625.3899999999999,-0.009846311423893585
P-TAOBAO-666196,阿迪达斯 图书文具 59,食品饮料,0.0,1627.33,-1627.33,-0.009858063584398051
P-JD-233810,优衣库 服装鞋帽 95,食品饮料,0.0,1628.18,-1628.18,-0.009863212726887121
P-TAOBAO-425247,阿迪达斯 食品饮料 89,食品饮料,0.0,1628.5,-1628.5,-0.00986515122758889
P-JD-975064,格力 服装鞋帽 39,母婴用品,0.0,1631.6,-1631.6,-0.009883930453137261
P-DOUYIN-514218,Apple 图书文具 25,食品饮料,0.0,1635.71,-1635.71,-0.009908828071525589
P-DOUYIN-406499,耐克 食品饮料 79,图书文具,911.1800000000001,2557.08,-1645.8999999999999,-0.009970557203247498
P-JD-319139,耐克 食品饮料 83,电子产品,315.13,1963.18,-1648.0500000000002,-0.009983581504837502
P-TAOBAO-518838,耐克 食品饮料 84,母婴用品,0.0,1648.23,-1648.23,-0.009984671911482244
P-DOUYIN-371837,阿迪达斯 服装鞋帽 25,图书文具,0.0,1650.42,-1650.42,-0.009997938525659967
P-JD-330649,华为 家居用品 49,图书文具,601.97,2255.8,-1653.8300000000002,-0.010018595673763177
P-DOUYIN-897180,阿迪达斯 美妆个护 80,服装鞋帽,926.07,2580.68,-1654.6099999999997,-0.010023320769223732
P-TAOBAO-417540,小米 美妆个护 58,图书文具,0.0,1655.3899999999999,-1655.3899999999999,-0.010028045864684292
P-JD-954753,Apple 电子产品 80,家居用品,2205.77,3870.84,-1665.0700000000002,-0.010086685510912761
P-JD-519884,三星 美妆个护 68,运动户外,0.0,1665.6,-1665.6,-0.010089896152700064
P-TAOBAO-812738,Apple 运动户外 58,食品饮料,0.0,1673.38,-1673.38,-0.010137025951011788
P-JD-627392,Apple 家居用品 26,服装鞋帽,722.53,2396.87,-1674.34,-0.010142841453117089
P-DOUYIN-984501,格力 食品饮料 84,电子产品,594.06,2269.14,-1675.08,-0.010147324235989926
P-DOUYIN-162264,Apple 母婴用品 45,图书文具,1383.31,3060.0600000000004,-1676.7500000000005,-0.01015744078652728
P-DOUYIN-734449,阿迪达斯 图书文具 75,美妆个护,0.0,1689.83,-1689.83,-0.010236677002712025
P-JD-961118,ZARA 服装鞋帽 21,家居用品,0.0,1690.21,-1690.21,-0.010238978972295374
P-JD-973577,ZARA 图书文具 71,图书文具,547.96,2255.11,-1707.15,-0.010341598353195194
P-DOUYIN-572449,优衣库 食品饮料 79,图书文具,1270.04,2981.83,-1711.79,-0.010369706613370822
P-DOUYIN-830479,优衣库 家居用品 79,食品饮料,261.39,1977.12,-1715.73,-0.010393574403261335
P-TAOBAO-140189,三星 运动户外 100,美妆个护,0.0,1717.33,-1717.33,-0.010403266906770172
P-JD-655835,小米 食品饮料 64,美妆个护,0.0,1718.3899999999999,-1718.3899999999999,-0.010409688190344777
P-DOUYIN-406098,ZARA 服装鞋帽 24,电子产品,114.87,1840.76,-1725.8899999999999,-0.010455121800542455
P-TAOBAO-162178,优衣库 美妆个护 27,食品饮料,0.0,1726.68,-1726.68,-0.010459907474149944
P-TAOBAO-787566,华为 运动户外 30,运动户外,1576.01,3307.21,-1731.2,-0.01048728879656241
P-TAOBAO-192165,海尔 图书文具 49,运动户外,402.03,2138.0699999999997,-1736.0399999999997,-0.010516608619676642
P-JD-701579,阿迪达斯 美妆个护 8,家居用品,0.0,1736.5,-1736.5,-0.010519395214435436
P-DOUYIN-886282,Apple 食品饮料 14,服装鞋帽,0.0,1739.76,-1739.76,-0.010539143690334691
P-TAOBAO-827252,海尔 母婴用品 94,家居用品,0.0,1743.41,-1743.41,-0.010561254713964229
P-DOUYIN-752564,小米 图书文具 93,图书文具,0.0,1752.99,-1752.99,-0.010619288578723393
P-TAOBAO-848218,优衣库 家居用品 87,图书文具,0.0,1755.1,-1755.1,-0.010632070567725672
P-TAOBAO-786285,海尔 电子产品 93,电子产品,30.98,1791.99,-1761.01,-0.010667872252561442
P-TAOBAO-253690,海尔 运动户外 6,母婴用品,0.0,1762.85,-1762.85,-0.010679018631596605
P-JD-651555,耐克 电子产品 50,家居用品,0.0,1766.1,-1766.1,-0.010698706529348932
P-DOUYIN-463707,耐克 美妆个护 91,母婴用品,0.0,1766.93,-1766.93,-0.010703734515544143
P-TAOBAO-183656,优衣库 美妆个护 50,运动户外,2249.19,4026.4500000000003,-1777.2600000000002,-0.010766311741323076
P-TAOBAO-948133,格力 美妆个护 31,美妆个护,0.0,1782.2599999999998,-1782.2599999999998,-0.010796600814788192
P-DOUYIN-834807,ZARA 母婴用品 4,图书文具,829.29,2612.04,-1782.75,-0.010799569143987775
P-DOUYIN-773726,小米 图书文具 97,运动户外,474.72,2259.46,-1784.74,-0.010811624195226893
P-JD-132008,优衣库 服装鞋帽 77,家居用品,0.0,1785.56,-1785.56,-0.010816591603275172
P-DOUYIN-209027,阿迪达斯 运动户外 53,家居用品,0.0,1785.79,-1785.79,-0.010817984900654568
P-DOUYIN-590431,优衣库 服装鞋帽 46,母婴用品,0.0,1786.52,-1786.52,-0.010822407105380474
P-TAOBAO-129544,华为 电子产品 11,美妆个护,690.77,2478.97,-1788.1999999999998,-0.010832584234064753
P-DOUYIN-551421,ZARA 电子产品 90,电子产品,0.0,1788.27,-1788.27,-0.010833008281093265
P-TAOBAO-222930,Apple 美妆个护 14,服装鞋帽,1517.32,3311.04,-1793.72,-0.010866023371170245
P-TAOBAO-167445,耐克 图书文具 25,食品饮料,0.0,1799.73,-1799.73,-0.010902430837475316
P-TAOBAO-550439,耐克 运动户外 91,服装鞋帽,3466.41,5270.29,-1803.88,-0.010927570768451364
P-TAOBAO-666852,格力 电子产品 13,家居用品,0.0,1804.72,-1804.72,-0.010932659332793504
P-DOUYIN-654687,海尔 运动户外 10,运动户外,0.0,1809.14,-1809.14,-0.010959434873736669
P-TAOBAO-973646,海尔 运动户外 88,运动户外,155.71,1967.01,-1811.3,-0.010972519753473598
P-JD-750726,海尔 母婴用品 17,服装鞋帽,0.0,1814.0,-1814.0,-0.010988875853144762
P-JD-889648,三星 美妆个护 52,食品饮料,297.1,2124.21,-1827.1100000000001,-0.011068293803770302
P-DOUYIN-395627,海尔 母婴用品 59,美妆个护,0.0,1830.42,-1830.42,-0.01108834517040421
P-DOUYIN-824239,优衣库 电子产品 41,图书文具,0.0,1833.02,-1833.02,-0.01110409548860607
P-DOUYIN-893076,华为 电子产品 55,母婴用品,0.0,1850.12,-1850.12,-0.011207684119856773
P-JD-492732,优衣库 家居用品 81,食品饮料,867.63,2725.77,-1858.1399999999999,-0.011256267793694822
P-TAOBAO-247732,海尔 食品饮料 68,家居用品,199.68,2058.09,-1858.41,-0.011257903403661939
P-DOUYIN-536911,阿迪达斯 食品饮料 40,美妆个护,0.0,1859.05,-1859.05,-0.011261780405065473
P-TAOBAO-545808,耐克 食品饮料 78,电子产品,0.0,1861.98,-1861.98,-0.011279529802116033
P-DOUYIN-763436,格力 母婴用品 77,服装鞋帽,0.0,1862.33,-1862.33,-0.011281650037258591
P-TAOBAO-446158,耐克 服装鞋帽 52,图书文具,0.0,1868.03,-1868.03,-0.011316179581008825
P-TAOBAO-358137,格力 运动户外 74,服装鞋帽,547.46,2416.88,-1869.42,-0.011324599943432129
P-DOUYIN-768201,海尔 食品饮料 44,美妆个护,0.0,1872.41,-1872.41,-0.01134271280936427
P-DOUYIN-270017,阿迪达斯 母婴用品 78,母婴用品,84.82,1959.37,-1874.55,-0.011355676532807338
P-DOUYIN-966871,耐克 运动户外 61,美妆个护,0.0,1882.81,-1882.81,-0.011405714082171713
P-JD-870909,优衣库 电子产品 47,母婴用品,0.0,1883.4,-1883.4,-0.011409288192840598
P-JD-590682,耐克 电子产品 25,食品饮料,0.0,1887.75,-1887.75,-0.01143563968675525
P-JD-379977,耐克 母婴用品 13,服装鞋帽,893.33,2782.2,-1888.87,-0.011442424439211436
P-DOUYIN-859343,ZARA 家居用品 85,母婴用品,0.0,1889.85,-1889.85,-0.011448361097610599
P-DOUYIN-396930,小米 图书文具 83,美妆个护,0.0,1889.92,-1889.92,-0.011448785144639113
P-TAOBAO-594137,格力 食品饮料 78,运动户外,424.09,2320.73,-1896.64,-0.01148949365937623
P-DOUYIN-418296,ZARA 运动户外 68,图书文具,1200.25,3104.87,-1904.62,-0.011537835020626558
P-JD-422791,小米 母婴用品 63,电子产品,0.0,1905.3400000000001,-1905.3400000000001,-0.011542196647205537
P-DOUYIN-282226,优衣库 家居用品 58,服装鞋帽,0.0,1916.77,-1916.77,-0.011611437469146795
P-DOUYIN-496117,三星 家居用品 39,服装鞋帽,0.0,1919.7,-1919.7,-0.011629186866197355
P-TAOBAO-325250,格力 图书文具 83,母婴用品,1314.91,3236.56,-1921.6499999999999,-0.011640999604848748
P-TAOBAO-204355,阿迪达斯 电子产品 12,运动户外,0.0,1930.4,-1930.4,-0.011694005483412706
P-JD-271233,阿迪达斯 图书文具 38,电子产品,1398.0,3330.89,-1932.8899999999999,-0.011709089441998334
P-JD-613807,华为 电子产品 84,母婴用品,0.0,1939.6599999999999,-1939.6599999999999,-0.011750100847470104
P-DOUYIN-746677,小米 运动户外 49,母婴用品,0.0,1943.08,-1943.08,-0.011770818573720244
P-JD-100160,Apple 服装鞋帽 89,运动户外,320.95,2283.02,-1962.07,-0.011885856474740763
P-TAOBAO-957434,优衣库 服装鞋帽 99,母婴用品,1770.46,3734.75,-1964.29,-0.011899304823359274
P-DOUYIN-564378,耐克 图书文具 24,服装鞋帽,0.0,1968.5500000000002,-1968.5500000000002,-0.011925111113951557
P-TAOBAO-549972,三星 美妆个护 33,运动户外,0.0,1971.48,-1971.48,-0.011942860511002115
P-JD-528149,格力 食品饮料 70,图书文具,884.53,2862.73,-1978.2,-0.011983569025739233
P-DOUYIN-742791,海尔 电子产品 37,食品饮料,0.0,1980.62,-1980.62,-0.01199822893729635
P-DOUYIN-554025,Apple 运动户外 88,家居用品,3741.37,5724.030000000001,-1982.6600000000008,-0.012010586879270122
P-TAOBAO-308711,阿迪达斯 服装鞋帽 2,图书文具,0.0,1994.35,-1994.35,-0.012081402733031562
P-TAOBAO-156949,Apple 运动户外 28,家居用品,2588.79,4593.389999999999,-2004.5999999999995,-0.012143495333635053
P-JD-925077,ZARA 运动户外 96,服装鞋帽,400.84,2406.14,-2005.3,-0.012147735803920172
P-TAOBAO-640190,Apple 电子产品 94,食品饮料,1699.59,3713.81,-2014.22,-0.012201771510981943
P-DOUYIN-305216,耐克 运动户外 28,图书文具,0.0,2014.77,-2014.77,-0.012205103309063105
P-TAOBAO-774200,三星 家居用品 20,美妆个护,1866.01,3885.26,-2019.2500000000002,-0.012232242318887853
P-DOUYIN-337559,Apple 图书文具 91,图书文具,0.0,2022.61,-2022.61,-0.01225259657625641
P-TAOBAO-710524,小米 服装鞋帽 31,家居用品,762.86,2786.33,-2023.4699999999998,-0.01225780629689241
P-DOUYIN-297597,ZARA 服装鞋帽 32,母婴用品,367.89,2396.06,-2028.17,-0.01228627802594962
P-DOUYIN-347363,海尔 母婴用品 19,母婴用品,0.0,2033.46,-2033.46,-0.012318323865675716
P-TAOBAO-920034,耐克 运动户外 65,家居用品,0.0,2036.25,-2036.25,-0.01233522516866925
P-JD-292785,耐克 美妆个护 42,运动户外,0.0,2050.39,-2050.39,-0.012420882668428604
P-DOUYIN-953024,小米 图书文具 48,运动户外,325.37,2378.41,-2053.04,-0.012436935877365116
P-TAOBAO-270781,小米 服装鞋帽 61,运动户外,123.75,2182.74,-2058.99,-0.012472979874788606
P-JD-814284,阿迪达斯 图书文具 42,图书文具,0.0,2060.1,-2060.1,-0.012479704049097862
P-JD-179925,华为 食品饮料 77,运动户外,0.0,2063.72,-2063.72,-0.012501633338286607
P-DOUYIN-583960,海尔 家居用品 54,母婴用品,1211.9499999999998,3280.9,-2068.9500000000003,-0.012533315709131123
P-JD-428137,耐克 服装鞋帽 30,美妆个护,0.0,2069.6800000000003,-2069.6800000000003,-0.01253773791385703
P-DOUYIN-434976,海尔 电子产品 69,运动户外,0.0,2074.87,-2074.87,-0.01256917797211382
P-JD-455698,小米 电子产品 54,家居用品,0.0,2077.28,-2077.28,-0.01258377730552401
P-DOUYIN-554287,耐克 电子产品 10,食品饮料,0.0,2079.89,-2079.89,-0.0125995882018728
P-JD-877473,ZARA 服装鞋帽 65,食品饮料,0.0,2081.94,-2081.94,-0.012612006721993498
P-TAOBAO-944783,海尔 图书文具 50,运动户外,120.76,2207.69,-2086.93,-0.012642235217311684
P-DOUYIN-755411,格力 家居用品 51,食品饮料,0.0,2092.46,-2092.46,-0.012675734932564107
P-DOUYIN-809614,华为 图书文具 40,服装鞋帽,57.28,2161.34,-2104.06,-0.01274600558300318
P-TAOBAO-954007,华为 图书文具 53,母婴用品,0.0,2105.19,-2105.19,-0.012752850913606296
P-JD-653641,华为 电子产品 90,服装鞋帽,0.0,2111.0,-2111.0,-0.012788046816972763
P-JD-878120,耐克 图书文具 93,食品饮料,0.0,2149.49,-2149.49,-0.013021212104507239
P-JD-755055,ZARA 运动户外 82,家居用品,0.0,2158.51,-2158.51,-0.013075853593038315
P-TAOBAO-161185,小米 母婴用品 73,服装鞋帽,2147.43,4307.72,-2160.2900000000004,-0.013086636503191898
P-DOUYIN-884407,华为 美妆个护 74,电子产品,0.0,2163.07,-2163.07,-0.013103477228038502
P-TAOBAO-419466,三星 服装鞋帽 1,食品饮料,17.82,2184.94,-2167.12,-0.013128011377545245
P-DOUYIN-839155,Apple 运动户外 56,运动户外,973.96,3154.0,-2180.04,-0.01320627834337911
P-TAOBAO-643143,耐克 服装鞋帽 97,运动户外,0.0,2180.54,-2180.54,-0.013209307250725623
P-DOUYIN-835947,海尔 图书文具 63,服装鞋帽,0.0,2182.61,-2182.61,-0.013221846927140183
P-DOUYIN-617025,格力 图书文具 31,母婴用品,0.0,2183.6,-2183.6,-0.013227844163686274
P-DOUYIN-378046,华为 食品饮料 61,美妆个护,246.08,2435.08,-2189.0,-0.013260556363028602
P-TAOBAO-419179,耐克 母婴用品 20,电子产品,1167.63,3356.98,-2189.35,-0.01326267659817116
P-DOUYIN-195492,耐克 电子产品 63,图书文具,1466.28,3665.91,-2199.63,-0.013324950933215443
P-DOUYIN-537827,小米 家居用品 69,食品饮料,0.0,2207.42,-2207.42,-0.013372141309674096
P-TAOBAO-646540,优衣库 母婴用品 16,母婴用品,3385.31,5605.13,-2219.82,-0.01344725821186759
P-DOUYIN-522897,海尔 美妆个护 63,运动户外,1002.98,3224.16,-2221.18,-0.0134554968398501
P-DOUYIN-603739,三星 图书文具 100,服装鞋帽,379.92,2603.2799999999997,-2223.3599999999997,-0.01346870287588089
P-TAOBAO-316157,华为 食品饮料 70,服装鞋帽,1320.28,3545.38,-2225.1000000000004,-0.013479243473446756
P-TAOBAO-613192,耐克 服装鞋帽 97,电子产品,148.44,2375.31,-2226.87,-0.013489965805453405
P-DOUYIN-465588,小米 家居用品 88,母婴用品,2596.94,4827.48,-2230.5399999999995,-0.013512197985376798
P-DOUYIN-932236,Apple 美妆个护 78,运动户外,0.0,2238.8,-2238.8,-0.013562235534741177
P-JD-545731,耐克 家居用品 41,母婴用品,162.72,2422.84,-2260.1200000000003,-0.01369138814399644
P-DOUYIN-419595,海尔 图书文具 82,运动户外,372.04,2636.28,-2264.2400000000002,-0.013716346340531697
P-JD-503092,Apple 家居用品 83,电子产品,1501.54,3779.52,-2277.98,-0.01379958071441384
P-JD-537088,格力 家居用品 25,食品饮料,0.0,2297.09,-2297.09,-0.013915345553197522
P-DOUYIN-206810,耐克 母婴用品 94,母婴用品,1113.77,3411.58,-2297.81,-0.013919707179776497
P-JD-347657,华为 服装鞋帽 31,服装鞋帽,0.0,2299.0,-2299.0,-0.013926915979261194
P-TAOBAO-395142,海尔 食品饮料 26,食品饮料,272.35,2573.73,-2301.38,-0.013941333578230592
P-DOUYIN-766660,耐克 电子产品 4,美妆个护,0.0,2303.99,-2303.99,-0.013957144474579382
P-DOUYIN-435851,耐克 运动户外 5,家居用品,0.0,2309.21,-2309.21,-0.013988766267276966
P-JD-192857,耐克 食品饮料 49,图书文具,0.0,2309.67,-2309.67,-0.013991552862035758
P-JD-470512,三星 母婴用品 78,服装鞋帽,0.0,2310.91,-2310.91,-0.013999064552255105
P-JD-984869,海尔 电子产品 12,美妆个护,1625.85,3939.45,-2313.6,-0.01401536007377934
P-DOUYIN-243088,ZARA 母婴用品 69,食品饮料,137.96,2452.16,-2314.2,-0.014018994762595152
P-JD-935373,格力 电子产品 32,服装鞋帽,0.0,2314.54,-2314.54,-0.014021054419590782
P-TAOBAO-736028,优衣库 运动户外 48,电子产品,67.84,2382.8,-2314.96,-0.014023598701761852
P-DOUYIN-640829,阿迪达斯 运动户外 90,运动户外,0.0,2316.34,-2316.34,-0.014031958486038224
P-DOUYIN-420237,三星 电子产品 29,电子产品,0.0,2317.24,-2317.24,-0.014037410519261944
P-TAOBAO-660001,格力 运动户外 1,运动户外,0.0,2320.87,-2320.87,-0.01405940038659762
P-JD-360030,格力 服装鞋帽 31,电子产品,2783.8100000000004,5105.54,-2321.7299999999996,-0.014064610107233618
P-DOUYIN-700164,华为 图书文具 34,食品饮料,2148.5,4473.04,-2324.54,-0.014081632566521018
P-DOUYIN-817737,ZARA 图书文具 34,食品饮料,0.0,2325.9,-2325.9,-0.01408987119450353
P-DOUYIN-563585,三星 电子产品 50,电子产品,0.0,2334.15,-2334.15,-0.014139848165720973
P-JD-840840,Apple 母婴用品 43,电子产品,278.45,2619.03,-2340.5800000000004,-0.014178799914197118
P-TAOBAO-135537,优衣库 美妆个护 95,服装鞋帽,1720.5,4063.21,-2342.71,-0.014191703059493256
P-DOUYIN-883214,Apple 美妆个护 60,电子产品,0.0,2343.9,-2343.9,-0.014198911858977955
P-TAOBAO-363628,三星 图书文具 90,食品饮料,608.54,2955.88,-2347.34,-0.014219750741521955
P-TAOBAO-199271,小米 运动户外 80,食品饮料,0.0,2353.1,-2353.1,-0.01425464375415377
P-TAOBAO-747775,海尔 电子产品 15,图书文具,117.85,2473.52,-2355.67,-0.014270212337914841
P-JD-802323,三星 运动户外 89,电子产品,0.0,2357.17,-2357.17,-0.014279299059954377
P-DOUYIN-774529,优衣库 母婴用品 14,家居用品,0.0,2368.88,-2368.88,-0.014350236070009683
P-TAOBAO-137081,华为 母婴用品 10,食品饮料,1703.9099999999999,4077.94,-2374.03,-0.014381433815678754
P-JD-504960,耐克 美妆个护 79,美妆个护,0.0,2377.05,-2377.05,-0.014399728416051687
P-JD-811007,ZARA 家居用品 14,食品饮料,0.0,2399.38,-2399.38,-0.014534999418146902
P-JD-706010,小米 美妆个护 58,母婴用品,0.0,2409.65,-2409.65,-0.014597213175044255
P-TAOBAO-385919,格力 服装鞋帽 30,运动户外,0.0,2425.94,-2425.94,-0.014695894976393608
P-DOUYIN-964746,Apple 食品饮料 61,服装鞋帽,0.0,2441.97,-2441.97,-0.014793001745922775
P-DOUYIN-609054,ZARA 图书文具 73,服装鞋帽,0.0,2443.76,-2443.76,-0.01480384523422329
P-TAOBAO-410163,耐克 服装鞋帽 9,图书文具,0.0,2457.3,-2457.3,-0.014885868045166829
P-DOUYIN-995226,ZARA 食品饮料 88,运动户外,2288.8199999999997,4757.15,-2468.33,-0.014952685741230876
P-DOUYIN-113601,阿迪达斯 运动户外 15,服装鞋帽,0.0,2474.43,-2474.43,-0.01498963841085832
P-DOUYIN-824101,阿迪达斯 母婴用品 96,图书文具,0.0,2482.5,-2482.5,-0.01503852497543102
P-DOUYIN-309101,格力 图书文具 99,图书文具,2633.9700000000003,5121.59,-2487.62,-0.0150695409866593
P-TAOBAO-230879,阿迪达斯 家居用品 96,服装鞋帽,433.19,2947.04,-2513.85,-0.01522843746605731
P-DOUYIN-314391,ZARA 服装鞋帽 77,电子产品,71.74,2587.84,-2516.1000000000004,-0.015242067549116615
P-TAOBAO-870809,小米 运动户外 16,食品饮料,0.0,2518.39,-2518.39,-0.015255939944763637
P-DOUYIN-220370,Apple 家居用品 25,运动户外,0.0,2530.95,-2530.95,-0.015332026097308013
P-TAOBAO-279199,优衣库 食品饮料 39,图书文具,1171.99,3714.5499999999997,-2542.5599999999995,-0.015402357325894013
P-JD-619454,华为 食品饮料 45,美妆个护,0.0,2564.76,-2564.76,-0.015536840812079141
P-DOUYIN-487883,格力 家居用品 76,家居用品,0.0,2569.33,-2569.33,-0.015564525025226258
P-DOUYIN-185710,Apple 美妆个护 21,服装鞋帽,1604.02,4177.38,-2573.36,-0.015588938018439143
P-TAOBAO-687586,格力 食品饮料 78,电子产品,0.0,2582.49,-2582.49,-0.015644245866586446
P-TAOBAO-746735,Apple 家居用品 73,电子产品,0.0,2596.04,-2596.04,-0.015726329255676918
P-TAOBAO-971800,Apple 服装鞋帽 50,家居用品,0.0,2604.96,-2604.96,-0.01578036496273869
P-JD-914128,三星 美妆个护 44,母婴用品,0.0,2609.31,-2609.31,-0.01580671645665334
P-DOUYIN-765179,华为 图书文具 64,美妆个护,0.0,2613.3,-2613.3,-0.015830887137278506
P-TAOBAO-691964,Apple 运动户外 86,服装鞋帽,637.44,3251.33,-2613.89,-0.015834461247947386
P-JD-425967,海尔 服装鞋帽 63,美妆个护,0.0,2621.24,-2621.24,-0.01587898618594111
P-TAOBAO-699532,格力 食品饮料 26,母婴用品,4772.38,7394.91,-2622.5299999999997,-0.01588680076689511
P-JD-683243,海尔 母婴用品 88,食品饮料,0.0,2627.1,-2627.1,-0.015914484980042228
P-DOUYIN-383638,耐克 运动户外 76,家居用品,0.0,2633.79,-2633.79,-0.015955011760338558
P-JD-139387,耐克 母婴用品 94,食品饮料,762.59,3414.96,-2652.37,-0.016067565957334936
P-JD-428431,海尔 运动户外 60,运动户外,252.68,2920.4100000000003,-2667.7300000000005,-0.01616061399101978
P-DOUYIN-626127,华为 服装鞋帽 10,食品饮料,2647.38,5331.01,-2683.63,-0.016256933244638852
P-JD-652780,三星 服装鞋帽 27,电子产品,0.0,2685.87,-2685.87,-0.016270502749551226
P-DOUYIN-931366,优衣库 服装鞋帽 99,母婴用品,0.0,2700.8199999999997,-2700.8199999999997,-0.016361067079211925
P-JD-651416,小米 食品饮料 86,母婴用品,0.0,2704.42,-2704.42,-0.016382875212106813
P-TAOBAO-653845,耐克 运动户外 84,美妆个护,0.0,2708.21,-2708.21,-0.01640583432979337
P-TAOBAO-923318,小米 电子产品 70,美妆个护,413.47,3121.77,-2708.3,-0.016406379533115745
P-DOUYIN-708665,阿迪达斯 运动户外 51,家居用品,1150.17,3869.95,-2719.7799999999997,-0.016475923245791654
P-DOUYIN-796903,三星 服装鞋帽 61,家居用品,327.77,3048.6000000000004,-2720.8300000000004,-0.016482283951219333
P-DOUYIN-143026,优衣库 图书文具 8,食品饮料,0.0,2725.25,-2725.25,-0.016509059492162494
P-TAOBAO-951847,阿迪达斯 电子产品 95,服装鞋帽,161.84,2892.8,-2730.96,-0.016543649614059658
P-JD-446597,格力 服装鞋帽 34,电子产品,1260.92,4003.3500000000004,-2742.4300000000003,-0.01661313274858864
P-JD-625519,优衣库 电子产品 31,服装鞋帽,0.0,2754.96,-2754.96,-0.016689037166692223
P-DOUYIN-581241,优衣库 母婴用品 34,母婴用品,0.0,2763.25,-2763.25,-0.01673925645049739
P-JD-392744,阿迪达斯 母婴用品 7,家居用品,1982.66,4756.02,-2773.3600000000006,-0.01680050095704386
P-JD-964794,三星 运动户外 33,服装鞋帽,0.0,2773.62,-2773.62,-0.016802075988864042
P-DOUYIN-189953,华为 服装鞋帽 80,家居用品,0.0,2797.72,-2797.72,-0.01694806932296591
P-JD-220610,优衣库 家居用品 100,服装鞋帽,0.0,2803.3199999999997,-2803.3199999999997,-0.01698199308524684
P-TAOBAO-763655,耐克 母婴用品 51,食品饮料,1239.64,4043.04,-2803.3999999999996,-0.016982477710422283
P-DOUYIN-193938,三星 食品饮料 86,食品饮料,0.0,2820.19,-2820.19,-0.01708418841911815
P-TAOBAO-129957,海尔 服装鞋帽 37,母婴用品,0.0,2824.07,-2824.07,-0.017107692740127085
P-DOUYIN-703583,ZARA 母婴用品 58,美妆个护,1203.06,4052.61,-2849.55,-0.017262045858505326
P-TAOBAO-450797,海尔 图书文具 19,食品饮料,2047.4099999999999,4903.74,-2856.33,-0.017303117842124023
P-TAOBAO-979120,ZARA 母婴用品 31,家居用品,1221.76,4082.14,-2860.38,-0.01732765199163077
P-TAOBAO-771242,小米 美妆个护 90,运动户外,0.0,2871.54,-2871.54,-0.01739525720360491
P-DOUYIN-855345,Apple 美妆个护 99,服装鞋帽,0.0,2872.71,-2872.71,-0.017402344846795748
P-TAOBAO-937833,华为 家居用品 17,服装鞋帽,0.0,2892.52,-2892.52,-0.017522350155864546
P-JD-274666,ZARA 图书文具 90,食品饮料,77.47,2983.5,-2906.03,-0.017604191232367297
P-DOUYIN-213457,Apple 食品饮料 4,图书文具,0.0,2914.16,-2914.16,-0.017653441265821575
P-TAOBAO-906590,小米 图书文具 6,食品饮料,797.95,3714.21,-2916.26,-0.01766616267667693
P-DOUYIN-713306,ZARA 母婴用品 11,服装鞋帽,163.88,3081.07,-2917.19,-0.01767179644434144
P-DOUYIN-668446,Apple 电子产品 63,服装鞋帽,0.0,2927.0,-2927.0,-0.01773122360648
P-TAOBAO-231806,华为 美妆个护 14,电子产品,538.44,3487.92,-2949.48,-0.017867403280779168
P-JD-720567,ZARA 家居用品 77,美妆个护,0.0,2956.5699999999997,-2956.5699999999997,-0.017910353186952704
P-DOUYIN-785443,小米 电子产品 81,美妆个护,510.82,3476.98,-2966.16,-0.017968447629858803
P-JD-696355,优衣库 食品饮料 3,食品饮料,0.0,2984.1,-2984.1,-0.018077124825451645
P-JD-805163,Apple 母婴用品 90,图书文具,879.78,3868.33,-2988.55,-0.0181040821008356
P-JD-701266,耐克 电子产品 11,食品饮料,0.0,2992.72,-2992.72,-0.018129343188105506
P-TAOBAO-177130,格力 美妆个护 70,家居用品,474.58,3475.34,-3000.76,-0.01817804801823742
P-TAOBAO-194981,耐克 图书文具 46,母婴用品,1112.42,4118.09,-3005.67,-0.018207791888380166
P-DOUYIN-506410,阿迪达斯 运动户外 30,家居用品,0.0,3013.13,-3013.13,-0.01825298318599012
P-DOUYIN-681912,耐克 家居用品 42,服装鞋帽,0.0,3014.12,-3014.12,-0.018258980422536212
P-JD-885276,海尔 运动户外 49,服装鞋帽,0.0,3032.5,-3032.5,-0.018370323056593987
P-TAOBAO-662853,耐克 食品饮料 81,家居用品,757.0,3792.08,-3035.08,-0.018385952218501988
P-DOUYIN-579620,小米 食品饮料 56,母婴用品,0.0,3036.9300000000003,-3036.9300000000003,-0.01839715917568408
P-JD-684550,优衣库 美妆个护 39,家居用品,2361.84,5402.27,-3040.4300000000003,-0.018418361527109666
P-DOUYIN-776518,三星 服装鞋帽 96,运动户外,0.0,3043.09,-3043.09,-0.018434475314193108
P-TAOBAO-500291,华为 图书文具 96,家居用品,548.9100000000001,3592.7400000000007,-3043.830000000001,-0.018438958097065947
P-TAOBAO-417868,华为 运动户外 26,运动户外,0.0,3056.79,-3056.79,-0.01851746737548753
P-DOUYIN-860042,格力 图书文具 57,服装鞋帽,410.29999999999995,3501.17,-3090.87,-0.018723917700225773
P-TAOBAO-238337,阿迪达斯 运动户外 100,食品饮料,0.0,3113.6800000000003,-3113.6800000000003,-0.018862096453373643
P-DOUYIN-498388,海尔 母婴用品 36,服装鞋帽,1133.0,4248.25,-3115.25,-0.018871607222441685
P-TAOBAO-532754,ZARA 母婴用品 43,家居用品,240.63,3355.9300000000003,-3115.3,-0.01887191011317634
P-JD-694775,三星 服装鞋帽 7,美妆个护,0.0,3132.91,-3132.91,-0.018978588229920483
P-JD-577037,ZARA 食品饮料 95,运动户外,1390.53,4524.49,-3133.96,-0.018984948935348158
P-DOUYIN-186967,格力 家居用品 43,电子产品,0.0,3148.25,-3148.25,-0.019071515107311466
P-JD-767786,格力 食品饮料 32,服装鞋帽,0.0,3153.23,-3153.23,-0.019101683024482723
P-JD-429808,Apple 运动户外 97,运动户外,0.0,3160.81,-3160.81,-0.019147601259855842
P-JD-730412,ZARA 图书文具 27,母婴用品,0.0,3183.88,-3183.88,-0.019287355044823894
P-JD-979808,Apple 服装鞋帽 36,电子产品,0.0,3219.13,-3219.13,-0.019500893012752978
P-TAOBAO-378251,Apple 服装鞋帽 23,母婴用品,620.47,3844.8900000000003,-3224.42,-0.01953293885247907
P-DOUYIN-242356,小米 母婴用品 55,运动户外,0.0,3233.3199999999997,-3233.3199999999997,-0.01958685340324698
P-TAOBAO-316598,耐克 服装鞋帽 64,食品饮料,974.3499999999999,4210.82,-3236.47,-0.019605935519530004
P-JD-356308,华为 食品饮料 100,服装鞋帽,0.0,3246.87,-3246.87,-0.01966893679233745
P-TAOBAO-361849,ZARA 电子产品 25,图书文具,0.0,3264.34,-3264.34,-0.01977476681502457
P-TAOBAO-861690,Apple 运动户外 22,图书文具,133.07,3398.13,-3265.06,-0.01977912844160355
P-TAOBAO-720259,优衣库 服装鞋帽 56,母婴用品,4063.1099999999997,7335.92,-3272.8100000000004,-0.019826076505474483
P-DOUYIN-576770,海尔 食品饮料 73,家居用品,0.0,3308.32,-3308.32,-0.02004118950522375
P-JD-561643,海尔 服装鞋帽 51,图书文具,924.06,4241.79,-3317.73,-0.0200981935414851
P-JD-843273,小米 食品饮料 51,电子产品,0.0,3320.06,-3320.06,-0.020112308249719844
P-DOUYIN-291515,华为 图书文具 29,食品饮料,0.0,3322.3,-3322.3,-0.020125877754632218
P-JD-752772,小米 图书文具 99,运动户外,0.0,3347.28,-3347.28,-0.020277201965663946
P-TAOBAO-630623,阿迪达斯 服装鞋帽 19,家居用品,170.05,3523.73,-3353.68,-0.020315971979699296
P-TAOBAO-295494,格力 服装鞋帽 16,图书文具,360.21000000000004,3768.27,-3408.06,-0.02064539594270592
P-DOUYIN-893752,格力 图书文具 51,美妆个护,0.0,3409.0099999999998,-3409.0099999999998,-0.02065115086666429
P-JD-650526,Apple 电子产品 30,家居用品,2231.52,5646.83,-3415.31,-0.02068931509923034
P-JD-662740,三星 食品饮料 61,母婴用品,0.0,3417.41,-3417.41,-0.02070203651008569
P-TAOBAO-965495,格力 电子产品 82,美妆个护,14.34,3436.54,-3422.2,-0.020731053442465272
P-TAOBAO-291628,华为 美妆个护 87,电子产品,0.0,3433.75,-3433.75,-0.020801021202169694
P-JD-883350,格力 家居用品 90,食品饮料,0.0,3446.4,-3446.4,-0.020877652558036443
P-JD-804724,海尔 服装鞋帽 86,母婴用品,0.0,3466.9,-3466.9,-0.021001837759243427
P-TAOBAO-495357,阿迪达斯 家居用品 62,服装鞋帽,0.0,3471.71,-3471.71,-0.02103097584791687
P-DOUYIN-744405,小米 母婴用品 1,运动户外,0.0,3474.67,-3474.67,-0.02104890697940822
P-JD-534845,阿迪达斯 图书文具 63,食品饮料,451.59,3996.09,-3544.5,-0.021471924179422057
P-JD-781905,三星 服装鞋帽 20,美妆个护,1205.61,4756.95,-3551.34,-0.021513359631922337
P-DOUYIN-505915,小米 服装鞋帽 13,电子产品,1816.43,5372.530000000001,-3556.1000000000004,-0.021542194829861132
P-TAOBAO-289484,华为 服装鞋帽 72,母婴用品,511.7,4115.219999999999,-3603.5199999999995,-0.021829456402604305
P-DOUYIN-581524,优衣库 图书文具 65,家居用品,125.14,3749.14,-3624.0,-0.02195352044751743
P-JD-832110,小米 图书文具 35,服装鞋帽,0.0,3638.01,-3638.01,-0.02203839043136669
P-JD-936383,Apple 食品饮料 47,母婴用品,777.81,4418.75,-3640.94,-0.02205613982841725
P-TAOBAO-683771,Apple 美妆个护 58,服装鞋帽,0.0,3670.74,-3670.74,-0.02223666270626935
P-JD-507867,优衣库 母婴用品 44,家居用品,0.0,3684.98,-3684.98,-0.022322925987498007
P-TAOBAO-303984,小米 母婴用品 72,美妆个护,0.0,3704.95,-3704.95,-0.022443900546917687
P-TAOBAO-980617,Apple 图书文具 85,美妆个护,1283.56,4994.67,-3711.11,-0.022481216685426714
P-JD-719237,三星 家居用品 84,电子产品,746.6100000000001,4466.49,-3719.8799999999997,-0.02253434372028453
P-JD-498300,三星 服装鞋帽 24,图书文具,0.0,3732.42,-3732.42,-0.022610308716535046
P-TAOBAO-700421,三星 美妆个护 33,服装鞋帽,1888.23,5646.97,-3758.7400000000002,-0.02276975039925543
P-DOUYIN-570080,华为 母婴用品 23,服装鞋帽,205.43,3967.84,-3762.4100000000003,-0.022791982579178825
P-TAOBAO-633589,小米 食品饮料 12,电子产品,0.0,3802.5699999999997,-3802.5699999999997,-0.023035264417250647
P-TAOBAO-153033,ZARA 家居用品 61,母婴用品,1652.99,5458.14,-3805.1500000000005,-0.023050893579158654
P-JD-265867,海尔 电子产品 80,图书文具,592.88,4420.83,-3827.95,-0.023189011754159588
P-TAOBAO-812016,格力 美妆个护 15,运动户外,379.68,4209.6,-3829.9200000000005,-0.023200945649104847
P-DOUYIN-553404,优衣库 食品饮料 65,服装鞋帽,0.0,3840.8700000000003,-3840.8700000000003,-0.023267278719993453
P-TAOBAO-210037,小米 家居用品 1,食品饮料,1748.8899999999999,5616.33,-3867.44,-0.02342823485638709
P-DOUYIN-539143,海尔 母婴用品 76,母婴用品,0.0,3871.84,-3871.84,-0.023454889241036392
P-TAOBAO-301248,海尔 母婴用品 44,食品饮料,534.94,4409.79,-3874.85,-0.023473123263262393
P-TAOBAO-621799,小米 母婴用品 45,家居用品,2941.45,6835.549999999999,-3894.0999999999995,-0.023589736196103092
P-DOUYIN-248879,格力 母婴用品 67,母婴用品,0.0,3895.54,-3895.54,-0.02359845944926105
P-TAOBAO-184565,耐克 母婴用品 43,服装鞋帽,1688.23,5583.85,-3895.6200000000003,-0.023598944074436495
P-DOUYIN-957456,三星 运动户外 50,图书文具,32.6,3928.25,-3895.65,-0.023599125808877283
P-DOUYIN-533878,阿迪达斯 美妆个护 56,家居用品,265.93,4209.8,-3943.8700000000003,-0.02389123363337488
P-JD-886180,ZARA 食品饮料 8,食品饮料,0.0,4017.77,-4017.77,-0.024338906139189324
P-JD-782883,华为 运动户外 66,图书文具,0.0,4099.34,-4099.34,-0.024833042083699255
P-JD-278940,阿迪达斯 服装鞋帽 22,电子产品,0.0,4110.69,-4110.69,-0.02490179828046507
P-TAOBAO-831878,华为 运动户外 53,运动户外,2152.74,6300.64,-4147.900000000001,-0.025127209565192484
P-TAOBAO-293104,阿迪达斯 食品饮料 21,母婴用品,2772.45,6934.15,-4161.7,-0.025210807407956205
P-TAOBAO-699669,Apple 母婴用品 66,图书文具,469.57,4648.4400000000005,-4178.870000000001,-0.025314820086235423
P-TAOBAO-653452,小米 食品饮料 79,服装鞋帽,1528.01,5714.46,-4186.45,-0.02536073832160854
P-TAOBAO-268552,格力 美妆个护 30,食品饮料,1049.55,5237.2,-4187.65,-0.025368007699240164
P-JD-481765,海尔 服装鞋帽 65,食品饮料,865.5,5133.93,-4268.43,-0.025857357970142613
P-TAOBAO-664641,ZARA 食品饮料 40,母婴用品,1637.46,5966.83,-4329.37,-0.026226521197535466
P-TAOBAO-835139,阿迪达斯 电子产品 9,家居用品,1084.69,5418.7,-4334.01,-0.0262546294577111
P-JD-910635,阿迪达斯 母婴用品 43,电子产品,1788.0800000000002,6126.1,-4338.02,-0.026278921294630123
P-JD-675561,华为 运动户外 92,食品饮料,702.44,5043.81,-4341.370000000001,-0.026299214973851754
P-DOUYIN-335760,三星 家居用品 89,食品饮料,2140.7599999999998,6504.92,-4364.16,-0.026437272570705758
P-JD-618687,格力 母婴用品 75,家居用品,1362.3200000000002,5758.0,-4395.68,-0.026628214889829863
P-JD-406160,ZARA 食品饮料 44,家居用品,350.32,4760.13,-4409.81,-0.026713811811442285
P-TAOBAO-285713,格力 服装鞋帽 98,运动户外,0.0,4429.55,-4429.55,-0.02683339307348257
P-DOUYIN-188462,优衣库 家居用品 3,图书文具,685.48,5246.43,-4560.950000000001,-0.02762938992414587
P-DOUYIN-883468,耐克 电子产品 78,美妆个护,0.0,4570.23,-4570.23,-0.027685606444497125
P-TAOBAO-773818,优衣库 食品饮料 67,图书文具,0.0,4603.34,-4603.34,-0.027886180688983138
P-TAOBAO-950651,三星 图书文具 84,图书文具,2966.12,7600.67,-4634.55,-0.028075245085552404
P-DOUYIN-904192,三星 食品饮料 30,美妆个护,0.0,4721.95,-4721.95,-0.02860469808972266
P-DOUYIN-368692,ZARA 家居用品 81,图书文具,1232.07,6068.88,-4836.81,-0.02930049868536335
P-JD-645645,华为 家居用品 31,图书文具,2522.37,7414.889999999999,-4892.5199999999995,-0.02963797954191169
P-TAOBAO-827058,阿迪达斯 食品饮料 81,运动户外,2034.17,6997.94,-4963.7699999999995,-0.03006959883878962
P-DOUYIN-669192,海尔 电子产品 52,食品饮料,1677.22,6653.45,-4976.23,-0.030145079209864693
P-JD-329355,三星 服装鞋帽 26,母婴用品,596.74,5577.99,-4981.25,-0.030175489439623674
P-TAOBAO-977457,华为 图书文具 65,母婴用品,0.0,4984.68,-4984.68,-0.030196267744020747
P-TAOBAO-456889,优衣库 美妆个护 16,图书文具,0.0,5018.79,-5018.79,-0.030402899803199778
P-JD-781677,三星 电子产品 52,图书文具,0.0,5027.74,-5027.74,-0.03045711724470234
P-JD-858052,Apple 图书文具 27,运动户外,1210.2,6262.13,-5051.93,-0.030603655782126583
P-JD-919640,小米 母婴用品 60,电子产品,0.0,5060.6900000000005,-5060.6900000000005,-0.03065672223883747
P-TAOBAO-959641,ZARA 母婴用品 51,服装鞋帽,1843.9099999999999,7089.33,-5245.42,-0.031775782347079715
P-TAOBAO-826638,三星 图书文具 9,服装鞋帽,2233.5299999999997,7479.42,-5245.89,-0.03177862951998543
P-DOUYIN-483822,海尔 美妆个护 90,运动户外,1362.35,6658.21,-5295.860000000001,-0.032081338520195825
P-TAOBAO-255979,Apple 服装鞋帽 47,食品饮料,389.44,5769.34,-5379.900000000001,-0.03259043726699753
P-TAOBAO-488477,优衣库 运动户外 11,电子产品,2458.0,7873.98,-5415.98,-0.03280900322112181
P-DOUYIN-393670,海尔 运动户外 2,食品饮料,1504.93,7001.0199999999995,-5496.089999999999,-0.033294294756179926
P-JD-195445,小米 食品饮料 7,美妆个护,633.32,6139.1,-5505.780000000001,-0.033352994980555335
P-DOUYIN-407555,Apple 美妆个护 95,电子产品,2084.69,7653.16,-5568.469999999999,-0.03373275938366097
P-TAOBAO-563444,格力 家居用品 71,母婴用品,1789.48,7363.219999999999,-5573.74,-0.03376468406709321
P-TAOBAO-292785,阿迪达斯 家居用品 49,母婴用品,0.0,5594.17,-5594.17,-0.033888445221271685
P-DOUYIN-784688,ZARA 美妆个护 34,食品饮料,461.8,6056.47,-5594.67,-0.0338914741286182
P-TAOBAO-409113,Apple 食品饮料 55,服装鞋帽,0.0,5728.05,-5728.05,-0.03469946545237368
P-TAOBAO-734670,耐克 美妆个护 1,家居用品,892.4,6815.87,-5923.47,-0.035883283599684346
P-TAOBAO-277802,三星 美妆个护 87,母婴用品,2401.06,8423.31,-6022.25,-0.036481674535061216
P-TAOBAO-618682,海尔 母婴用品 41,家居用品,0.0,6084.3,-6084.3,-0.03685756193676333
P-TAOBAO-384655,格力 服装鞋帽 44,食品饮料,0.0,6202.52,-6202.52,-0.037573716789772574
P-TAOBAO-695714,华为 电子产品 12,食品饮料,0.0,6223.15,-6223.15,-0.03769868950688965
P-DOUYIN-312254,小米 图书文具 50,食品饮料,0.0,6324.42,-6324.42,-0.038312164400852146
P-JD-594390,小米 运动户外 43,美妆个护,1480.48,8010.030000000001,-6529.550000000001,-0.03955480392883208
P-DOUYIN-254936,小米 母婴用品 11,图书文具,185.68,6860.93,-6675.25,-0.04043742752960561
P-DOUYIN-226766,ZARA 图书文具 94,母婴用品,0.0,6805.18,-6805.18,-0.04122451939267016
P-DOUYIN-997701,格力 电子产品 53,电子产品,826.25,7667.43,-6841.18,-0.04144260072161901
P-DOUYIN-902308,阿迪达斯 服装鞋帽 28,服装鞋帽,0.0,7255.54,-7255.54,-0.04395271681782026
P-DOUYIN-283496,阿迪达斯 电子产品 63,运动户外,1613.21,9072.8,-7459.589999999999,-0.04518881390593171
P-TAOBAO-741406,格力 美妆个护 21,运动户外,515.23,8133.73,-7618.5,-0.046151461238800096
P-DOUYIN-433129,阿迪达斯 运动户外 83,美妆个护,31.14,7688.19,-7657.049999999999,-0.04638498999521615
P-TAOBAO-404378,ZARA 家居用品 24,美妆个护,0.0,9552.460000000001,-9552.460000000001,-0.05786703254251997
P-DOUYIN-999136,华为 服装鞋帽 13,家居用品,0.0,11470.16,-11470.16,-0.06948410377933127
