global_product_id,platform_product_id,platform,product_name,category,subcategory,price,brand,stock_status,tags
P-DOUYIN-100329,douyin_9420150,douyin,ZARA 运动户外 53,母婴用品,其他,3436.68,小米,有货,
P-DOUYIN-101202,douyin_5605061,douyin,耐克 运动户外 38,家居用品,其他,3902.20,格力,有货,
P-DOUYIN-103024,douyin_9299269,douyin,三星 电子产品 42,电子产品,其他,1056.82,Apple,有货,
P-DOUYIN-103124,douyin_4065161,douyin,优衣库 服装鞋帽 61,图书文具,其他,2147.40,格力,有货,
P-DOUYIN-103867,douyin_8850232,douyin,Apple 食品饮料 13,食品饮料,其他,2997.07,Apple,有货,
P-DOUYIN-104298,douyin_6551391,douyin,ZARA 图书文具 50,食品饮料,其他,197.43,ZARA,有货,
P-DOUYIN-105738,douyin_8068667,douyin,华为 图书文具 20,电子产品,其他,2949.35,三星,有货,
P-DOUYIN-106213,douyin_8057871,douyin,华为 母婴用品 54,电子产品,其他,4201.96,小米,有货,
P-DOUYIN-107960,douyin_5905219,douyin,Apple 家居用品 3,家居用品,其他,3500.70,小米,有货,
P-DOUYIN-109883,douyin_8829077,douyin,耐克 运动户外 38,运动户外,其他,2156.48,小米,有货,
P-DOUYIN-112775,douyin_4255115,douyin,优衣库 图书文具 94,图书文具,其他,4075.76,华为,有货,
P-DOUYIN-113051,douyin_6498327,douyin,格力 图书文具 76,服装鞋帽,其他,2881.16,海尔,有货,
P-DOUYIN-113601,douyin_7526235,douyin,阿迪达斯 运动户外 15,服装鞋帽,其他,646.53,小米,有货,
P-DOUYIN-114925,douyin_7337359,douyin,三星 图书文具 72,电子产品,其他,2885.94,阿迪达斯,有货,
P-DOUYIN-115135,douyin_5836165,douyin,海尔 图书文具 16,家居用品,其他,4485.17,耐克,有货,
P-DOUYIN-115336,douyin_5514970,douyin,优衣库 食品饮料 91,运动户外,其他,2229.58,华为,有货,
P-DOUYIN-116638,douyin_9007039,douyin,优衣库 美妆个护 17,图书文具,其他,4340.91,优衣库,有货,
P-DOUYIN-116820,douyin_7081404,douyin,小米 运动户外 5,美妆个护,其他,2066.86,三星,有货,
P-DOUYIN-117394,douyin_5275013,douyin,优衣库 服装鞋帽 29,母婴用品,其他,623.52,海尔,有货,
P-DOUYIN-117768,douyin_3847637,douyin,Apple 电子产品 76,图书文具,其他,347.24,小米,有货,
P-DOUYIN-118111,douyin_3479795,douyin,华为 服装鞋帽 67,美妆个护,其他,1408.67,优衣库,有货,
P-DOUYIN-118460,douyin_9232539,douyin,格力 图书文具 19,运动户外,其他,264.89,ZARA,有货,
P-DOUYIN-119058,douyin_6816648,douyin,海尔 图书文具 2,食品饮料,其他,755.04,Apple,有货,
P-DOUYIN-119240,douyin_4160548,douyin,优衣库 家居用品 7,图书文具,其他,2557.13,阿迪达斯,有货,
P-DOUYIN-119632,douyin_7053595,douyin,格力 图书文具 64,电子产品,其他,1252.98,ZARA,有货,
P-DOUYIN-120707,douyin_5250150,douyin,耐克 运动户外 29,母婴用品,其他,3346.62,华为,有货,
P-DOUYIN-122097,douyin_2919038,douyin,格力 服装鞋帽 72,电子产品,其他,4127.15,三星,有货,
P-DOUYIN-122214,douyin_2472229,douyin,格力 食品饮料 37,运动户外,其他,315.76,阿迪达斯,有货,
P-DOUYIN-123082,douyin_9834428,douyin,耐克 家居用品 97,服装鞋帽,其他,3061.88,格力,有货,
P-DOUYIN-124268,douyin_3989302,douyin,华为 运动户外 12,母婴用品,其他,587.98,海尔,有货,
P-DOUYIN-124584,douyin_8578858,douyin,耐克 美妆个护 82,运动户外,其他,1565.39,ZARA,有货,
P-DOUYIN-125486,douyin_1268229,douyin,ZARA 食品饮料 77,电子产品,其他,4309.80,ZARA,有货,
P-DOUYIN-126053,douyin_3621614,douyin,格力 服装鞋帽 56,母婴用品,其他,1087.72,优衣库,有货,
P-DOUYIN-126566,douyin_7803726,douyin,格力 家居用品 74,母婴用品,其他,557.78,优衣库,有货,
P-DOUYIN-126800,douyin_9948165,douyin,优衣库 图书文具 56,美妆个护,其他,3084.23,Apple,有货,
P-DOUYIN-127505,douyin_4996373,douyin,耐克 美妆个护 72,服装鞋帽,其他,328.48,优衣库,有货,
P-DOUYIN-127526,douyin_2412675,douyin,三星 母婴用品 4,图书文具,其他,227.15,海尔,有货,
P-DOUYIN-127874,douyin_9741848,douyin,ZARA 运动户外 80,图书文具,其他,4501.47,优衣库,有货,
P-DOUYIN-129398,douyin_7379545,douyin,三星 运动户外 65,运动户外,其他,2616.20,阿迪达斯,有货,
P-DOUYIN-130960,douyin_1833634,douyin,耐克 电子产品 41,图书文具,其他,342.68,耐克,有货,
P-DOUYIN-131134,douyin_9042478,douyin,华为 电子产品 76,电子产品,其他,1200.66,华为,有货,
P-DOUYIN-131240,douyin_2557328,douyin,优衣库 食品饮料 1,家居用品,其他,4379.45,Apple,有货,
P-DOUYIN-131319,douyin_9384006,douyin,三星 食品饮料 41,运动户外,其他,3860.03,ZARA,有货,
P-DOUYIN-133847,douyin_6666107,douyin,优衣库 母婴用品 37,母婴用品,其他,4071.79,三星,有货,
P-DOUYIN-134539,douyin_8766876,douyin,海尔 美妆个护 12,食品饮料,其他,1292.65,海尔,有货,
P-DOUYIN-134816,douyin_9866689,douyin,阿迪达斯 母婴用品 11,母婴用品,其他,3817.75,耐克,有货,
P-DOUYIN-135138,douyin_4056146,douyin,小米 图书文具 63,服装鞋帽,其他,3380.91,海尔,有货,
P-DOUYIN-135216,douyin_6606047,douyin,三星 图书文具 16,美妆个护,其他,4386.59,华为,有货,
P-DOUYIN-135438,douyin_1076788,douyin,ZARA 食品饮料 16,食品饮料,其他,3871.31,小米,有货,
P-DOUYIN-136322,douyin_4343951,douyin,耐克 母婴用品 79,服装鞋帽,其他,1094.75,格力,有货,
P-DOUYIN-136378,douyin_5980322,douyin,华为 母婴用品 76,运动户外,其他,4757.42,格力,有货,
P-DOUYIN-139181,douyin_2615995,douyin,Apple 母婴用品 89,电子产品,其他,686.14,华为,有货,
P-DOUYIN-139831,douyin_1274532,douyin,优衣库 运动户外 19,运动户外,其他,1142.81,Apple,有货,
P-DOUYIN-143026,douyin_7493803,douyin,优衣库 图书文具 8,食品饮料,其他,3880.50,Apple,有货,
P-DOUYIN-143170,douyin_2409395,douyin,三星 电子产品 68,母婴用品,其他,3591.37,阿迪达斯,有货,
P-DOUYIN-143882,douyin_5753026,douyin,Apple 图书文具 23,图书文具,其他,4763.03,ZARA,有货,
P-DOUYIN-146570,douyin_7337463,douyin,耐克 食品饮料 61,图书文具,其他,628.65,小米,有货,
P-DOUYIN-146728,douyin_2617715,douyin,Apple 食品饮料 47,食品饮料,其他,1088.16,小米,有货,
P-DOUYIN-148006,douyin_4498085,douyin,优衣库 美妆个护 10,食品饮料,其他,81.04,Apple,有货,
P-DOUYIN-148495,douyin_4602207,douyin,三星 图书文具 54,电子产品,其他,1614.14,格力,有货,
P-DOUYIN-149364,douyin_7886274,douyin,耐克 电子产品 6,美妆个护,其他,972.00,华为,有货,
P-DOUYIN-149847,douyin_7013237,douyin,Apple 运动户外 4,食品饮料,其他,4512.60,ZARA,有货,
P-DOUYIN-150273,douyin_7846096,douyin,优衣库 服装鞋帽 51,家居用品,其他,662.94,阿迪达斯,有货,
P-DOUYIN-151514,douyin_5437555,douyin,耐克 运动户外 54,母婴用品,其他,4728.98,ZARA,有货,
P-DOUYIN-152235,douyin_2458316,douyin,三星 电子产品 67,食品饮料,其他,4927.14,阿迪达斯,有货,
P-DOUYIN-152271,douyin_8642977,douyin,Apple 服装鞋帽 92,运动户外,其他,1284.74,小米,有货,
P-DOUYIN-152970,douyin_1837137,douyin,耐克 图书文具 83,图书文具,其他,1786.90,华为,有货,
P-DOUYIN-153107,douyin_9521008,douyin,格力 食品饮料 6,电子产品,其他,3304.82,海尔,有货,
P-DOUYIN-154834,douyin_2139918,douyin,耐克 美妆个护 38,母婴用品,其他,4337.88,小米,有货,
P-DOUYIN-155288,douyin_2510813,douyin,耐克 家居用品 55,食品饮料,其他,2196.74,三星,有货,
P-DOUYIN-156605,douyin_1078242,douyin,三星 图书文具 50,母婴用品,其他,3012.65,耐克,有货,
P-DOUYIN-156720,douyin_7580126,douyin,华为 运动户外 94,家居用品,其他,1920.04,小米,有货,
P-DOUYIN-156748,douyin_7833340,douyin,Apple 运动户外 26,食品饮料,其他,3830.36,海尔,有货,
P-DOUYIN-156881,douyin_9155272,douyin,耐克 美妆个护 64,电子产品,其他,2968.74,耐克,有货,
P-DOUYIN-158243,douyin_2719452,douyin,耐克 运动户外 33,图书文具,其他,148.24,格力,有货,
P-DOUYIN-159115,douyin_3250028,douyin,Apple 服装鞋帽 81,运动户外,其他,2224.82,ZARA,有货,
P-DOUYIN-159720,douyin_5402137,douyin,耐克 食品饮料 15,图书文具,其他,4614.25,Apple,有货,
P-DOUYIN-160122,douyin_3004771,douyin,ZARA 美妆个护 31,图书文具,其他,3567.21,优衣库,有货,
P-DOUYIN-160879,douyin_3593063,douyin,格力 电子产品 58,母婴用品,其他,3017.52,海尔,有货,
P-DOUYIN-162264,douyin_8220253,douyin,Apple 母婴用品 45,图书文具,其他,3520.88,华为,有货,
P-DOUYIN-162441,douyin_4751251,douyin,ZARA 家居用品 78,运动户外,其他,1327.38,阿迪达斯,有货,
P-DOUYIN-162785,douyin_5355797,douyin,阿迪达斯 运动户外 16,图书文具,其他,587.49,格力,有货,
P-DOUYIN-164384,douyin_5513860,douyin,阿迪达斯 母婴用品 79,电子产品,其他,4844.33,优衣库,有货,
P-DOUYIN-165180,douyin_1141731,douyin,三星 母婴用品 89,电子产品,其他,3037.26,三星,有货,
P-DOUYIN-166728,douyin_5389494,douyin,ZARA 母婴用品 96,电子产品,其他,1031.71,Apple,有货,
P-DOUYIN-168121,douyin_5755534,douyin,耐克 图书文具 76,美妆个护,其他,2116.49,格力,有货,
P-DOUYIN-169742,douyin_1552713,douyin,格力 家居用品 6,服装鞋帽,其他,1733.81,优衣库,有货,
P-DOUYIN-170822,douyin_1683525,douyin,华为 食品饮料 47,母婴用品,其他,3112.09,三星,有货,
P-DOUYIN-171323,douyin_3616070,douyin,Apple 运动户外 18,家居用品,其他,369.18,三星,有货,
P-DOUYIN-173959,douyin_2250371,douyin,三星 母婴用品 31,图书文具,其他,1388.14,耐克,有货,
P-DOUYIN-174481,douyin_6109218,douyin,Apple 美妆个护 68,电子产品,其他,3605.52,ZARA,有货,
P-DOUYIN-176719,douyin_3739115,douyin,耐克 家居用品 68,图书文具,其他,4649.97,耐克,有货,
P-DOUYIN-179238,douyin_9998932,douyin,ZARA 图书文具 14,美妆个护,其他,1767.18,格力,有货,
P-DOUYIN-179335,douyin_2964198,douyin,三星 服装鞋帽 72,图书文具,其他,4636.06,三星,有货,
P-DOUYIN-180208,douyin_6877913,douyin,海尔 运动户外 83,家居用品,其他,3514.20,格力,有货,
P-DOUYIN-180363,douyin_3924158,douyin,格力 食品饮料 20,美妆个护,其他,4615.30,三星,有货,
P-DOUYIN-180898,douyin_4141316,douyin,三星 运动户外 16,美妆个护,其他,1287.79,阿迪达斯,有货,
P-DOUYIN-181210,douyin_8353290,douyin,Apple 美妆个护 5,电子产品,其他,1724.25,Apple,有货,
P-DOUYIN-181553,douyin_1541562,douyin,Apple 服装鞋帽 18,运动户外,其他,3190.38,格力,有货,
P-DOUYIN-181850,douyin_2013945,douyin,ZARA 运动户外 2,电子产品,其他,4620.93,Apple,有货,
P-DOUYIN-182220,douyin_2081566,douyin,小米 图书文具 65,母婴用品,其他,214.90,格力,有货,
P-DOUYIN-182789,douyin_3276852,douyin,Apple 食品饮料 54,家居用品,其他,2769.32,ZARA,有货,
P-DOUYIN-182938,douyin_2503126,douyin,海尔 运动户外 86,母婴用品,其他,4131.16,ZARA,有货,
P-DOUYIN-183634,douyin_4508487,douyin,三星 母婴用品 97,美妆个护,其他,1368.76,优衣库,有货,
P-DOUYIN-183667,douyin_6044899,douyin,海尔 母婴用品 3,图书文具,其他,1700.75,海尔,有货,
P-DOUYIN-185357,douyin_6889937,douyin,耐克 母婴用品 52,美妆个护,其他,3836.09,华为,有货,
P-DOUYIN-185710,douyin_8520988,douyin,Apple 美妆个护 21,服装鞋帽,其他,121.65,耐克,有货,
P-DOUYIN-185919,douyin_7064355,douyin,海尔 食品饮料 37,美妆个护,其他,4207.66,ZARA,有货,
P-DOUYIN-186357,douyin_2492166,douyin,格力 图书文具 55,美妆个护,其他,4463.59,华为,有货,
P-DOUYIN-186633,douyin_7683075,douyin,Apple 图书文具 7,美妆个护,其他,1736.42,华为,有货,
P-DOUYIN-186967,douyin_3443529,douyin,格力 家居用品 43,电子产品,其他,4580.18,优衣库,有货,
P-DOUYIN-187562,douyin_6845559,douyin,阿迪达斯 美妆个护 99,家居用品,其他,559.79,ZARA,有货,
P-DOUYIN-188462,douyin_4151401,douyin,优衣库 家居用品 3,图书文具,其他,769.17,三星,有货,
P-DOUYIN-189953,douyin_4407828,douyin,华为 服装鞋帽 80,家居用品,其他,445.21,Apple,有货,
P-DOUYIN-190314,douyin_8018277,douyin,优衣库 家居用品 3,服装鞋帽,其他,534.64,三星,有货,
P-DOUYIN-191211,douyin_3724666,douyin,Apple 服装鞋帽 79,食品饮料,其他,277.90,海尔,有货,
P-DOUYIN-192309,douyin_8107879,douyin,格力 电子产品 15,图书文具,其他,2196.52,优衣库,有货,
P-DOUYIN-192524,douyin_7901502,douyin,三星 家居用品 23,家居用品,其他,4880.98,格力,有货,
P-DOUYIN-192853,douyin_2148778,douyin,耐克 图书文具 81,家居用品,其他,3600.90,海尔,有货,
P-DOUYIN-192874,douyin_9360387,douyin,华为 图书文具 44,食品饮料,其他,1753.66,海尔,有货,
P-DOUYIN-193938,douyin_9248054,douyin,三星 食品饮料 86,食品饮料,其他,1098.67,海尔,有货,
P-DOUYIN-195492,douyin_9902170,douyin,耐克 电子产品 63,图书文具,其他,1559.68,Apple,有货,
P-DOUYIN-195711,douyin_4972856,douyin,华为 美妆个护 33,家居用品,其他,3556.22,优衣库,有货,
P-DOUYIN-195892,douyin_7946138,douyin,华为 家居用品 59,电子产品,其他,1008.85,三星,有货,
P-DOUYIN-196826,douyin_2623693,douyin,小米 图书文具 77,家居用品,其他,4709.68,耐克,有货,
P-DOUYIN-197468,douyin_7044087,douyin,格力 食品饮料 22,电子产品,其他,4981.32,小米,有货,
P-DOUYIN-198691,douyin_8683644,douyin,格力 母婴用品 19,美妆个护,其他,1942.62,Apple,有货,
P-DOUYIN-198741,douyin_5376832,douyin,阿迪达斯 服装鞋帽 100,服装鞋帽,其他,2828.38,耐克,有货,
P-DOUYIN-199744,douyin_2141156,douyin,ZARA 图书文具 55,运动户外,其他,2432.98,格力,有货,
P-DOUYIN-200183,douyin_7398674,douyin,海尔 家居用品 67,服装鞋帽,其他,432.42,华为,有货,
P-DOUYIN-200404,douyin_3268991,douyin,ZARA 母婴用品 51,运动户外,其他,902.12,阿迪达斯,有货,
P-DOUYIN-202220,douyin_6379666,douyin,三星 家居用品 91,图书文具,其他,2867.30,阿迪达斯,有货,
P-DOUYIN-204958,douyin_1439911,douyin,ZARA 运动户外 40,运动户外,其他,4634.82,Apple,有货,
P-DOUYIN-205915,douyin_3293490,douyin,耐克 电子产品 55,电子产品,其他,4086.37,华为,有货,
P-DOUYIN-206657,douyin_3881026,douyin,华为 母婴用品 16,母婴用品,其他,2906.69,Apple,有货,
P-DOUYIN-206690,douyin_9118675,douyin,小米 图书文具 91,图书文具,其他,699.03,耐克,有货,
P-DOUYIN-206810,douyin_8324785,douyin,耐克 母婴用品 94,母婴用品,其他,4946.48,ZARA,有货,
P-DOUYIN-209027,douyin_8422925,douyin,阿迪达斯 运动户外 53,家居用品,其他,3154.82,优衣库,有货,
P-DOUYIN-209855,douyin_8992920,douyin,Apple 电子产品 52,电子产品,其他,896.19,ZARA,有货,
P-DOUYIN-211041,douyin_2455276,douyin,Apple 食品饮料 37,家居用品,其他,2917.68,华为,有货,
P-DOUYIN-211109,douyin_3029982,douyin,优衣库 美妆个护 49,电子产品,其他,2607.09,华为,有货,
P-DOUYIN-212189,douyin_4000335,douyin,小米 食品饮料 3,图书文具,其他,3255.67,格力,有货,
P-DOUYIN-212327,douyin_4495926,douyin,Apple 服装鞋帽 40,家居用品,其他,165.83,三星,有货,
P-DOUYIN-213172,douyin_7708299,douyin,阿迪达斯 母婴用品 35,母婴用品,其他,1059.97,华为,有货,
P-DOUYIN-213438,douyin_7820027,douyin,阿迪达斯 家居用品 18,服装鞋帽,其他,2918.22,格力,有货,
P-DOUYIN-213457,douyin_9729866,douyin,Apple 食品饮料 4,图书文具,其他,2326.18,ZARA,有货,
P-DOUYIN-215461,douyin_5962045,douyin,格力 电子产品 44,食品饮料,其他,3291.61,优衣库,有货,
P-DOUYIN-215528,douyin_5386923,douyin,三星 美妆个护 97,母婴用品,其他,786.85,海尔,有货,
P-DOUYIN-215654,douyin_2945474,douyin,ZARA 母婴用品 32,服装鞋帽,其他,1189.76,ZARA,有货,
P-DOUYIN-216530,douyin_2065223,douyin,海尔 服装鞋帽 5,电子产品,其他,3406.03,耐克,有货,
P-DOUYIN-216610,douyin_4028149,douyin,格力 美妆个护 49,服装鞋帽,其他,2332.45,华为,有货,
P-DOUYIN-217661,douyin_1974194,douyin,ZARA 电子产品 24,服装鞋帽,其他,307.05,小米,有货,
P-DOUYIN-218564,douyin_5991272,douyin,海尔 家居用品 75,电子产品,其他,125.47,格力,有货,
P-DOUYIN-219089,douyin_6744230,douyin,华为 服装鞋帽 12,运动户外,其他,3772.79,格力,有货,
P-DOUYIN-219210,douyin_3779856,douyin,阿迪达斯 运动户外 27,服装鞋帽,其他,4376.77,ZARA,有货,
P-DOUYIN-219506,douyin_7451324,douyin,Apple 母婴用品 61,食品饮料,其他,3016.53,小米,有货,
P-DOUYIN-219728,douyin_3924394,douyin,耐克 运动户外 25,图书文具,其他,1762.40,Apple,有货,
P-DOUYIN-219779,douyin_7602574,douyin,小米 运动户外 69,电子产品,其他,3805.94,阿迪达斯,有货,
P-DOUYIN-220001,douyin_8891313,douyin,华为 运动户外 19,美妆个护,其他,3283.86,格力,有货,
P-DOUYIN-220322,douyin_3966313,douyin,小米 服装鞋帽 30,家居用品,其他,1167.37,阿迪达斯,有货,
P-DOUYIN-220370,douyin_6187546,douyin,Apple 家居用品 25,运动户外,其他,4779.10,华为,有货,
P-DOUYIN-221213,douyin_2280713,douyin,ZARA 家居用品 50,食品饮料,其他,4606.38,华为,有货,
P-DOUYIN-221422,douyin_6069450,douyin,小米 运动户外 32,食品饮料,其他,4745.03,ZARA,有货,
P-DOUYIN-226766,douyin_2084816,douyin,ZARA 图书文具 94,母婴用品,其他,3336.25,华为,有货,
P-DOUYIN-226939,douyin_8586314,douyin,格力 运动户外 12,食品饮料,其他,3845.62,耐克,有货,
P-DOUYIN-227974,douyin_1934463,douyin,ZARA 母婴用品 9,运动户外,其他,1439.45,Apple,有货,
P-DOUYIN-228426,douyin_1931144,douyin,海尔 图书文具 47,美妆个护,其他,4775.40,小米,有货,
P-DOUYIN-228547,douyin_1395858,douyin,阿迪达斯 母婴用品 14,美妆个护,其他,3810.92,三星,有货,
P-DOUYIN-229572,douyin_2154116,douyin,海尔 服装鞋帽 30,食品饮料,其他,4299.30,三星,有货,
P-DOUYIN-230004,douyin_7283369,douyin,格力 美妆个护 35,图书文具,其他,1042.76,格力,有货,
P-DOUYIN-230504,douyin_7096737,douyin,阿迪达斯 母婴用品 7,运动户外,其他,2359.11,华为,有货,
P-DOUYIN-230664,douyin_3764768,douyin,海尔 服装鞋帽 27,家居用品,其他,2276.73,优衣库,有货,
P-DOUYIN-230989,douyin_5981118,douyin,耐克 家居用品 39,家居用品,其他,4567.12,Apple,有货,
P-DOUYIN-232241,douyin_8978765,douyin,优衣库 图书文具 70,食品饮料,其他,3551.64,ZARA,有货,
P-DOUYIN-232918,douyin_8561175,douyin,华为 电子产品 92,运动户外,其他,999.26,耐克,有货,
P-DOUYIN-236558,douyin_1104255,douyin,海尔 家居用品 78,食品饮料,其他,3504.08,海尔,有货,
P-DOUYIN-238635,douyin_9207182,douyin,ZARA 服装鞋帽 28,运动户外,其他,1342.10,格力,有货,
P-DOUYIN-239076,douyin_8868804,douyin,海尔 图书文具 44,图书文具,其他,2288.21,Apple,有货,
P-DOUYIN-242356,douyin_1815806,douyin,小米 母婴用品 55,运动户外,其他,1716.19,海尔,有货,
P-DOUYIN-242415,douyin_3063008,douyin,Apple 美妆个护 63,服装鞋帽,其他,4448.12,Apple,有货,
P-DOUYIN-243088,douyin_8828209,douyin,ZARA 母婴用品 69,食品饮料,其他,2182.82,阿迪达斯,有货,
P-DOUYIN-243393,douyin_4082012,douyin,三星 图书文具 29,服装鞋帽,其他,1379.97,ZARA,有货,
P-DOUYIN-245379,douyin_8404069,douyin,Apple 运动户外 84,美妆个护,其他,2140.70,耐克,有货,
P-DOUYIN-245779,douyin_6489010,douyin,格力 母婴用品 65,电子产品,其他,229.16,海尔,有货,
P-DOUYIN-248672,douyin_5628493,douyin,ZARA 母婴用品 91,电子产品,其他,4288.99,Apple,有货,
P-DOUYIN-248861,douyin_4400889,douyin,华为 家居用品 35,电子产品,其他,4088.81,Apple,有货,
P-DOUYIN-248879,douyin_4444347,douyin,格力 母婴用品 67,母婴用品,其他,268.93,三星,有货,
P-DOUYIN-248953,douyin_3351333,douyin,格力 母婴用品 24,美妆个护,其他,189.38,三星,有货,
P-DOUYIN-252118,douyin_9010747,douyin,Apple 运动户外 87,运动户外,其他,4139.07,优衣库,有货,
P-DOUYIN-252169,douyin_4965977,douyin,海尔 美妆个护 12,母婴用品,其他,3945.67,三星,有货,
P-DOUYIN-252271,douyin_9115598,douyin,阿迪达斯 母婴用品 73,美妆个护,其他,4253.43,Apple,有货,
P-DOUYIN-252587,douyin_4667953,douyin,ZARA 服装鞋帽 24,食品饮料,其他,1426.03,海尔,有货,
P-DOUYIN-253238,douyin_2556582,douyin,小米 家居用品 2,母婴用品,其他,2459.73,耐克,有货,
P-DOUYIN-253652,douyin_5725554,douyin,ZARA 运动户外 29,服装鞋帽,其他,4747.78,华为,有货,
P-DOUYIN-254041,douyin_8246960,douyin,Apple 运动户外 70,服装鞋帽,其他,898.66,小米,有货,
P-DOUYIN-254078,douyin_8496902,douyin,海尔 母婴用品 87,母婴用品,其他,54.55,优衣库,有货,
P-DOUYIN-254936,douyin_5070421,douyin,小米 母婴用品 11,图书文具,其他,3315.21,华为,有货,
P-DOUYIN-255985,douyin_8356511,douyin,海尔 服装鞋帽 95,家居用品,其他,198.82,ZARA,有货,
P-DOUYIN-257510,douyin_7780420,douyin,华为 图书文具 3,母婴用品,其他,4921.09,ZARA,有货,
P-DOUYIN-258299,douyin_4338287,douyin,Apple 美妆个护 43,食品饮料,其他,3921.04,小米,有货,
P-DOUYIN-258730,douyin_7387949,douyin,耐克 电子产品 78,电子产品,其他,206.24,海尔,有货,
P-DOUYIN-259096,douyin_5615639,douyin,小米 食品饮料 13,美妆个护,其他,1483.79,海尔,有货,
P-DOUYIN-259097,douyin_3416299,douyin,ZARA 图书文具 39,电子产品,其他,3984.11,小米,有货,
P-DOUYIN-259804,douyin_9561762,douyin,海尔 食品饮料 75,运动户外,其他,4185.04,阿迪达斯,有货,
P-DOUYIN-260688,douyin_9108430,douyin,华为 服装鞋帽 11,母婴用品,其他,624.88,小米,有货,
P-DOUYIN-263086,douyin_7789561,douyin,小米 食品饮料 30,服装鞋帽,其他,207.65,耐克,有货,
P-DOUYIN-264424,douyin_2713762,douyin,耐克 家居用品 51,服装鞋帽,其他,3205.90,华为,有货,
P-DOUYIN-266539,douyin_6471644,douyin,Apple 服装鞋帽 97,电子产品,其他,3980.84,华为,有货,
P-DOUYIN-267247,douyin_2190805,douyin,华为 电子产品 61,母婴用品,其他,3143.56,海尔,有货,
P-DOUYIN-267383,douyin_8516229,douyin,格力 母婴用品 93,家居用品,其他,770.12,ZARA,有货,
P-DOUYIN-267505,douyin_9584851,douyin,阿迪达斯 服装鞋帽 35,家居用品,其他,2416.97,Apple,有货,
P-DOUYIN-270017,douyin_9985997,douyin,阿迪达斯 母婴用品 78,母婴用品,其他,619.88,华为,有货,
P-DOUYIN-270138,douyin_3604311,douyin,格力 食品饮料 67,家居用品,其他,2655.65,优衣库,有货,
P-DOUYIN-271587,douyin_1354769,douyin,格力 运动户外 10,电子产品,其他,2172.74,小米,有货,
P-DOUYIN-271751,douyin_1917615,douyin,华为 服装鞋帽 33,食品饮料,其他,2518.00,格力,有货,
P-DOUYIN-272718,douyin_5471061,douyin,海尔 食品饮料 68,图书文具,其他,3165.15,Apple,有货,
P-DOUYIN-276568,douyin_9327296,douyin,华为 母婴用品 47,母婴用品,其他,4996.53,格力,有货,
P-DOUYIN-277162,douyin_2872536,douyin,Apple 图书文具 4,电子产品,其他,1259.74,ZARA,有货,
P-DOUYIN-278184,douyin_1715678,douyin,三星 电子产品 100,食品饮料,其他,528.69,三星,有货,
P-DOUYIN-278826,douyin_4232471,douyin,小米 食品饮料 60,食品饮料,其他,3435.96,海尔,有货,
P-DOUYIN-279268,douyin_9129260,douyin,阿迪达斯 电子产品 86,服装鞋帽,其他,4635.99,格力,有货,
P-DOUYIN-279715,douyin_2971910,douyin,小米 服装鞋帽 15,美妆个护,其他,2441.80,小米,有货,
P-DOUYIN-280039,douyin_7169627,douyin,三星 电子产品 38,服装鞋帽,其他,2553.05,格力,有货,
P-DOUYIN-280087,douyin_1257681,douyin,华为 母婴用品 60,食品饮料,其他,1197.14,耐克,有货,
P-DOUYIN-280096,douyin_6361349,douyin,ZARA 电子产品 28,母婴用品,其他,3924.86,小米,有货,
P-DOUYIN-280383,douyin_1092519,douyin,海尔 美妆个护 73,家居用品,其他,4593.08,小米,有货,
P-DOUYIN-280688,douyin_9391676,douyin,ZARA 家居用品 34,家居用品,其他,2679.53,三星,有货,
P-DOUYIN-280768,douyin_1160587,douyin,ZARA 服装鞋帽 49,运动户外,其他,131.39,华为,有货,
P-DOUYIN-280976,douyin_5998495,douyin,小米 家居用品 26,图书文具,其他,2563.34,ZARA,有货,
P-DOUYIN-282226,douyin_7636796,douyin,优衣库 家居用品 58,服装鞋帽,其他,1085.45,三星,有货,
P-DOUYIN-282901,douyin_5731211,douyin,耐克 电子产品 73,运动户外,其他,2418.19,耐克,有货,
P-DOUYIN-283496,douyin_4359845,douyin,阿迪达斯 电子产品 63,运动户外,其他,1967.72,阿迪达斯,有货,
P-DOUYIN-285016,douyin_7830561,douyin,三星 服装鞋帽 64,家居用品,其他,1214.70,ZARA,有货,
P-DOUYIN-285922,douyin_6333657,douyin,Apple 食品饮料 76,电子产品,其他,4976.01,三星,有货,
P-DOUYIN-286015,douyin_3556099,douyin,三星 家居用品 45,家居用品,其他,3589.32,ZARA,有货,
P-DOUYIN-286093,douyin_2388517,douyin,海尔 运动户外 4,运动户外,其他,3271.66,阿迪达斯,有货,
P-DOUYIN-286478,douyin_3272293,douyin,阿迪达斯 母婴用品 22,美妆个护,其他,2848.77,阿迪达斯,有货,
P-DOUYIN-288226,douyin_5314957,douyin,格力 服装鞋帽 40,食品饮料,其他,390.07,格力,有货,
P-DOUYIN-288347,douyin_5693175,douyin,优衣库 家居用品 32,图书文具,其他,3603.19,ZARA,有货,
P-DOUYIN-288831,douyin_5658543,douyin,华为 运动户外 40,食品饮料,其他,2546.19,ZARA,有货,
P-DOUYIN-289149,douyin_1311524,douyin,小米 食品饮料 12,母婴用品,其他,3047.65,格力,有货,
P-DOUYIN-291324,douyin_9085431,douyin,Apple 图书文具 46,美妆个护,其他,4917.17,阿迪达斯,有货,
P-DOUYIN-291515,douyin_3037043,douyin,华为 图书文具 29,食品饮料,其他,594.66,格力,有货,
P-DOUYIN-291631,douyin_5415960,douyin,华为 服装鞋帽 52,美妆个护,其他,523.27,优衣库,有货,
P-DOUYIN-292002,douyin_3228485,douyin,华为 家居用品 83,电子产品,其他,3396.20,海尔,有货,
P-DOUYIN-293638,douyin_9264115,douyin,海尔 母婴用品 80,母婴用品,其他,1969.03,优衣库,有货,
P-DOUYIN-293845,douyin_2926827,douyin,格力 图书文具 40,服装鞋帽,其他,3916.80,耐克,有货,
P-DOUYIN-294176,douyin_4357716,douyin,优衣库 食品饮料 22,电子产品,其他,1549.15,华为,有货,
P-DOUYIN-294523,douyin_6365094,douyin,耐克 母婴用品 54,母婴用品,其他,2462.40,优衣库,有货,
P-DOUYIN-294931,douyin_6520365,douyin,耐克 家居用品 2,美妆个护,其他,738.96,耐克,有货,
P-DOUYIN-296433,douyin_8326252,douyin,格力 美妆个护 56,家居用品,其他,4485.72,海尔,有货,
P-DOUYIN-297597,douyin_1572155,douyin,ZARA 服装鞋帽 32,母婴用品,其他,1179.92,小米,有货,
P-DOUYIN-299636,douyin_6458209,douyin,海尔 图书文具 59,图书文具,其他,3174.49,格力,有货,
P-DOUYIN-299683,douyin_8008745,douyin,格力 服装鞋帽 50,图书文具,其他,1478.52,华为,有货,
P-DOUYIN-300437,douyin_9166338,douyin,小米 运动户外 5,服装鞋帽,其他,3476.96,Apple,有货,
P-DOUYIN-302047,douyin_3762896,douyin,ZARA 母婴用品 51,家居用品,其他,1181.91,耐克,有货,
P-DOUYIN-302890,douyin_6966095,douyin,三星 电子产品 45,图书文具,其他,3282.86,华为,有货,
P-DOUYIN-303769,douyin_1481401,douyin,ZARA 运动户外 36,美妆个护,其他,159.70,格力,有货,
P-DOUYIN-304204,douyin_2910336,douyin,优衣库 母婴用品 9,电子产品,其他,275.06,ZARA,有货,
P-DOUYIN-305216,douyin_7232821,douyin,耐克 运动户外 28,图书文具,其他,2912.82,Apple,有货,
P-DOUYIN-306617,douyin_8605537,douyin,小米 母婴用品 88,美妆个护,其他,4331.71,Apple,有货,
P-DOUYIN-306668,douyin_6047585,douyin,阿迪达斯 电子产品 86,服装鞋帽,其他,448.69,三星,有货,
P-DOUYIN-307408,douyin_8689800,douyin,三星 食品饮料 3,母婴用品,其他,1163.94,华为,有货,
P-DOUYIN-307993,douyin_9943089,douyin,华为 图书文具 36,食品饮料,其他,222.59,三星,有货,
P-DOUYIN-308333,douyin_4740061,douyin,ZARA 服装鞋帽 35,图书文具,其他,1200.06,阿迪达斯,有货,
P-DOUYIN-309101,douyin_4514997,douyin,格力 图书文具 99,图书文具,其他,3203.95,华为,有货,
P-DOUYIN-310063,douyin_8621742,douyin,华为 电子产品 80,运动户外,其他,4190.34,耐克,有货,
P-DOUYIN-311835,douyin_1322365,douyin,优衣库 服装鞋帽 21,母婴用品,其他,2361.34,华为,有货,
P-DOUYIN-312254,douyin_7969654,douyin,小米 图书文具 50,食品饮料,其他,4913.64,耐克,有货,
P-DOUYIN-312803,douyin_7938080,douyin,海尔 图书文具 51,美妆个护,其他,406.38,小米,有货,
P-DOUYIN-313746,douyin_7970075,douyin,三星 家居用品 72,食品饮料,其他,154.20,格力,有货,
P-DOUYIN-314391,douyin_3874567,douyin,ZARA 服装鞋帽 77,电子产品,其他,1644.41,耐克,有货,
P-DOUYIN-314515,douyin_1236419,douyin,海尔 食品饮料 62,图书文具,其他,4802.72,三星,有货,
P-DOUYIN-315436,douyin_4996095,douyin,ZARA 电子产品 80,电子产品,其他,3679.98,优衣库,有货,
P-DOUYIN-315522,douyin_9272036,douyin,格力 母婴用品 51,运动户外,其他,842.13,三星,有货,
P-DOUYIN-316333,douyin_9199703,douyin,耐克 电子产品 3,电子产品,其他,2612.37,优衣库,有货,
P-DOUYIN-316886,douyin_7602781,douyin,ZARA 服装鞋帽 70,食品饮料,其他,3422.65,华为,有货,
P-DOUYIN-318775,douyin_8935750,douyin,阿迪达斯 图书文具 16,母婴用品,其他,4413.50,阿迪达斯,有货,
P-DOUYIN-319757,douyin_3230309,douyin,三星 母婴用品 21,电子产品,其他,4698.55,阿迪达斯,有货,
P-DOUYIN-319865,douyin_1417176,douyin,耐克 食品饮料 56,家居用品,其他,2462.83,优衣库,有货,
P-DOUYIN-320341,douyin_8757768,douyin,华为 食品饮料 22,服装鞋帽,其他,2201.17,耐克,有货,
P-DOUYIN-320545,douyin_1154902,douyin,阿迪达斯 美妆个护 69,母婴用品,其他,1797.64,阿迪达斯,有货,
P-DOUYIN-321761,douyin_3249888,douyin,优衣库 美妆个护 94,家居用品,其他,2933.19,华为,有货,
P-DOUYIN-322911,douyin_9564278,douyin,阿迪达斯 图书文具 27,电子产品,其他,4713.69,优衣库,有货,
P-DOUYIN-323999,douyin_4039227,douyin,阿迪达斯 电子产品 60,运动户外,其他,3429.33,耐克,有货,
P-DOUYIN-325752,douyin_7705404,douyin,ZARA 母婴用品 16,图书文具,其他,2362.09,海尔,有货,
P-DOUYIN-326083,douyin_7368507,douyin,海尔 图书文具 67,服装鞋帽,其他,3246.28,ZARA,有货,
P-DOUYIN-326451,douyin_7011175,douyin,小米 美妆个护 32,图书文具,其他,4940.86,华为,有货,
P-DOUYIN-327826,douyin_5408408,douyin,阿迪达斯 家居用品 33,服装鞋帽,其他,516.42,小米,有货,
P-DOUYIN-328534,douyin_3838159,douyin,小米 服装鞋帽 95,母婴用品,其他,4604.56,三星,有货,
P-DOUYIN-329111,douyin_6490399,douyin,耐克 运动户外 100,图书文具,其他,1032.81,格力,有货,
P-DOUYIN-331994,douyin_6807735,douyin,耐克 美妆个护 30,图书文具,其他,2737.40,Apple,有货,
P-DOUYIN-332079,douyin_1183009,douyin,海尔 食品饮料 72,家居用品,其他,790.87,格力,有货,
P-DOUYIN-332418,douyin_4167313,douyin,华为 母婴用品 51,图书文具,其他,2754.01,三星,有货,
P-DOUYIN-334271,douyin_9764297,douyin,耐克 食品饮料 69,图书文具,其他,2275.36,阿迪达斯,有货,
P-DOUYIN-335760,douyin_6264934,douyin,三星 家居用品 89,食品饮料,其他,125.27,三星,有货,
P-DOUYIN-336733,douyin_2481585,douyin,格力 食品饮料 89,母婴用品,其他,3337.90,耐克,有货,
P-DOUYIN-336887,douyin_6994476,douyin,ZARA 美妆个护 61,母婴用品,其他,4715.90,华为,有货,
P-DOUYIN-337559,douyin_9930199,douyin,Apple 图书文具 91,图书文具,其他,3386.00,ZARA,有货,
P-DOUYIN-338448,douyin_7882815,douyin,小米 美妆个护 74,家居用品,其他,4917.36,格力,有货,
P-DOUYIN-339790,douyin_7042268,douyin,Apple 服装鞋帽 50,运动户外,其他,1277.04,海尔,有货,
P-DOUYIN-340358,douyin_2415045,douyin,阿迪达斯 服装鞋帽 70,家居用品,其他,1950.78,格力,有货,
P-DOUYIN-341360,douyin_6546087,douyin,优衣库 电子产品 8,运动户外,其他,3725.72,三星,有货,
P-DOUYIN-341498,douyin_2809017,douyin,ZARA 服装鞋帽 45,母婴用品,其他,4995.97,格力,有货,
P-DOUYIN-341515,douyin_7055002,douyin,海尔 食品饮料 34,运动户外,其他,3009.92,格力,有货,
P-DOUYIN-343655,douyin_4180659,douyin,Apple 电子产品 80,食品饮料,其他,1799.75,优衣库,有货,
P-DOUYIN-344360,douyin_3443995,douyin,耐克 美妆个护 33,图书文具,其他,3108.56,ZARA,有货,
P-DOUYIN-346071,douyin_5282794,douyin,ZARA 服装鞋帽 91,服装鞋帽,其他,4689.07,格力,有货,
P-DOUYIN-347178,douyin_9294336,douyin,耐克 家居用品 80,母婴用品,其他,4783.12,Apple,有货,
P-DOUYIN-347363,douyin_8856229,douyin,海尔 母婴用品 19,母婴用品,其他,737.04,耐克,有货,
P-DOUYIN-347474,douyin_2574793,douyin,格力 食品饮料 12,家居用品,其他,907.12,ZARA,有货,
P-DOUYIN-349168,douyin_3387148,douyin,优衣库 运动户外 6,家居用品,其他,2199.82,阿迪达斯,有货,
P-DOUYIN-349340,douyin_7517498,douyin,ZARA 母婴用品 47,食品饮料,其他,1044.10,华为,有货,
P-DOUYIN-349761,douyin_1364449,douyin,ZARA 母婴用品 86,电子产品,其他,3955.60,耐克,有货,
P-DOUYIN-351164,douyin_2555401,douyin,Apple 美妆个护 13,运动户外,其他,4546.53,海尔,有货,
P-DOUYIN-351887,douyin_9947847,douyin,阿迪达斯 食品饮料 78,家居用品,其他,253.79,耐克,有货,
P-DOUYIN-352708,douyin_5047488,douyin,优衣库 服装鞋帽 67,家居用品,其他,1986.58,格力,有货,
P-DOUYIN-355017,douyin_5972191,douyin,海尔 运动户外 10,母婴用品,其他,2539.44,华为,有货,
P-DOUYIN-355030,douyin_9446195,douyin,耐克 图书文具 28,母婴用品,其他,4831.77,格力,有货,
P-DOUYIN-355153,douyin_1204744,douyin,华为 运动户外 47,运动户外,其他,3815.95,ZARA,有货,
P-DOUYIN-355964,douyin_2872028,douyin,海尔 家居用品 73,图书文具,其他,4876.26,耐克,有货,
P-DOUYIN-356174,douyin_6008597,douyin,小米 母婴用品 56,服装鞋帽,其他,1810.16,华为,有货,
P-DOUYIN-356518,douyin_2783998,douyin,耐克 电子产品 34,图书文具,其他,4526.10,小米,有货,
P-DOUYIN-357951,douyin_3636202,douyin,阿迪达斯 运动户外 25,服装鞋帽,其他,4732.44,ZARA,有货,
P-DOUYIN-359971,douyin_6237941,douyin,ZARA 美妆个护 24,图书文具,其他,2338.35,耐克,有货,
P-DOUYIN-361582,douyin_3082491,douyin,格力 食品饮料 37,图书文具,其他,547.03,耐克,有货,
P-DOUYIN-361708,douyin_4767027,douyin,海尔 电子产品 11,食品饮料,其他,4746.15,Apple,有货,
P-DOUYIN-362564,douyin_8026682,douyin,阿迪达斯 美妆个护 96,母婴用品,其他,3217.85,阿迪达斯,有货,
P-DOUYIN-362778,douyin_4869360,douyin,三星 美妆个护 40,图书文具,其他,2077.13,小米,有货,
P-DOUYIN-365478,douyin_1431552,douyin,ZARA 运动户外 3,家居用品,其他,1167.00,华为,有货,
P-DOUYIN-367626,douyin_1561000,douyin,格力 家居用品 92,母婴用品,其他,3709.48,小米,有货,
P-DOUYIN-367752,douyin_6663481,douyin,ZARA 美妆个护 6,电子产品,其他,358.57,华为,有货,
P-DOUYIN-368686,douyin_5495835,douyin,耐克 母婴用品 74,图书文具,其他,1055.62,格力,有货,
P-DOUYIN-368692,douyin_9777931,douyin,ZARA 家居用品 81,图书文具,其他,2499.65,海尔,有货,
P-DOUYIN-370213,douyin_2691426,douyin,阿迪达斯 食品饮料 67,电子产品,其他,1881.76,耐克,有货,
P-DOUYIN-370548,douyin_9957068,douyin,Apple 电子产品 45,运动户外,其他,2853.85,优衣库,有货,
P-DOUYIN-371837,douyin_2401041,douyin,阿迪达斯 服装鞋帽 25,图书文具,其他,843.61,优衣库,有货,
P-DOUYIN-372534,douyin_8776055,douyin,海尔 电子产品 86,电子产品,其他,628.12,格力,有货,
P-DOUYIN-377011,douyin_1087299,douyin,格力 运动户外 34,运动户外,其他,3517.76,Apple,有货,
P-DOUYIN-377975,douyin_1150624,douyin,海尔 服装鞋帽 25,服装鞋帽,其他,1857.73,小米,有货,
P-DOUYIN-378046,douyin_3482739,douyin,华为 食品饮料 61,美妆个护,其他,3983.85,Apple,有货,
P-DOUYIN-378410,douyin_4906657,douyin,ZARA 图书文具 79,图书文具,其他,1805.02,华为,有货,
P-DOUYIN-378589,douyin_5283482,douyin,华为 运动户外 62,服装鞋帽,其他,1948.02,阿迪达斯,有货,
P-DOUYIN-381063,douyin_8067576,douyin,格力 食品饮料 23,食品饮料,其他,2364.44,三星,有货,
P-DOUYIN-382598,douyin_1613422,douyin,华为 母婴用品 75,服装鞋帽,其他,2806.82,优衣库,有货,
P-DOUYIN-382859,douyin_9618762,douyin,Apple 运动户外 35,母婴用品,其他,1235.81,三星,有货,
P-DOUYIN-383192,douyin_5429225,douyin,Apple 食品饮料 5,服装鞋帽,其他,848.86,海尔,有货,
P-DOUYIN-383426,douyin_8479622,douyin,ZARA 电子产品 42,家居用品,其他,2760.27,格力,有货,
P-DOUYIN-383493,douyin_1684735,douyin,优衣库 母婴用品 17,服装鞋帽,其他,3428.97,格力,有货,
P-DOUYIN-383638,douyin_9764579,douyin,耐克 运动户外 76,家居用品,其他,3000.55,耐克,有货,
P-DOUYIN-387590,douyin_5080305,douyin,优衣库 家居用品 96,电子产品,其他,1231.03,格力,有货,
P-DOUYIN-387644,douyin_1729302,douyin,三星 图书文具 86,美妆个护,其他,1264.77,三星,有货,
P-DOUYIN-389433,douyin_6821841,douyin,三星 食品饮料 88,运动户外,其他,4798.71,海尔,有货,
P-DOUYIN-389602,douyin_5618664,douyin,华为 食品饮料 96,运动户外,其他,1870.48,ZARA,有货,
P-DOUYIN-391229,douyin_4382853,douyin,华为 图书文具 89,母婴用品,其他,1036.23,三星,有货,
P-DOUYIN-393187,douyin_1336443,douyin,优衣库 图书文具 44,母婴用品,其他,3430.82,华为,有货,
P-DOUYIN-393479,douyin_9670362,douyin,耐克 服装鞋帽 91,服装鞋帽,其他,2695.24,Apple,有货,
P-DOUYIN-393581,douyin_5464558,douyin,阿迪达斯 食品饮料 39,母婴用品,其他,1762.19,Apple,有货,
P-DOUYIN-393670,douyin_7129553,douyin,海尔 运动户外 2,食品饮料,其他,532.08,优衣库,有货,
P-DOUYIN-393753,douyin_7222865,douyin,阿迪达斯 母婴用品 22,食品饮料,其他,2502.24,三星,有货,
P-DOUYIN-394279,douyin_3858746,douyin,格力 美妆个护 63,运动户外,其他,4416.72,华为,有货,
P-DOUYIN-394825,douyin_8670707,douyin,耐克 运动户外 20,母婴用品,其他,2030.86,格力,有货,
P-DOUYIN-395064,douyin_7949429,douyin,格力 母婴用品 3,母婴用品,其他,2247.51,耐克,有货,
P-DOUYIN-395089,douyin_7542709,douyin,ZARA 食品饮料 33,母婴用品,其他,3185.09,海尔,有货,
P-DOUYIN-395627,douyin_9444812,douyin,海尔 母婴用品 59,美妆个护,其他,3452.05,耐克,有货,
P-DOUYIN-396930,douyin_2879175,douyin,小米 图书文具 83,美妆个护,其他,455.90,耐克,有货,
P-DOUYIN-397581,douyin_6500854,douyin,耐克 美妆个护 53,运动户外,其他,3641.35,海尔,有货,
P-DOUYIN-397610,douyin_3436246,douyin,小米 图书文具 34,美妆个护,其他,1574.54,华为,有货,
P-DOUYIN-397650,douyin_1213133,douyin,优衣库 图书文具 91,电子产品,其他,3145.55,Apple,有货,
P-DOUYIN-399646,douyin_2832980,douyin,三星 服装鞋帽 38,母婴用品,其他,2636.72,小米,有货,
P-DOUYIN-399841,douyin_8620537,douyin,Apple 食品饮料 73,运动户外,其他,1279.80,阿迪达斯,有货,
P-DOUYIN-399960,douyin_3494116,douyin,三星 图书文具 28,电子产品,其他,2245.16,海尔,有货,
P-DOUYIN-400753,douyin_9376927,douyin,小米 母婴用品 36,运动户外,其他,4067.91,ZARA,有货,
P-DOUYIN-402811,douyin_8296696,douyin,三星 运动户外 38,图书文具,其他,598.21,Apple,有货,
P-DOUYIN-403089,douyin_6608634,douyin,格力 运动户外 18,电子产品,其他,3359.28,ZARA,有货,
P-DOUYIN-404308,douyin_1507320,douyin,Apple 家居用品 85,服装鞋帽,其他,3392.38,ZARA,有货,
P-DOUYIN-404557,douyin_6768544,douyin,海尔 服装鞋帽 82,母婴用品,其他,216.08,Apple,有货,
P-DOUYIN-406098,douyin_4073388,douyin,ZARA 服装鞋帽 24,电子产品,其他,4967.43,三星,有货,
P-DOUYIN-406499,douyin_8691617,douyin,耐克 食品饮料 79,图书文具,其他,3224.46,格力,有货,
P-DOUYIN-407455,douyin_7910604,douyin,优衣库 母婴用品 25,美妆个护,其他,4220.89,Apple,有货,
P-DOUYIN-407555,douyin_5844566,douyin,Apple 美妆个护 95,电子产品,其他,3067.15,阿迪达斯,有货,
P-DOUYIN-408020,douyin_9311333,douyin,格力 运动户外 2,运动户外,其他,1893.15,ZARA,有货,
P-DOUYIN-412875,douyin_5406427,douyin,ZARA 美妆个护 31,服装鞋帽,其他,1814.07,优衣库,有货,
P-DOUYIN-413048,douyin_6707319,douyin,海尔 母婴用品 10,母婴用品,其他,2581.27,ZARA,有货,
P-DOUYIN-417151,douyin_1635372,douyin,Apple 电子产品 86,美妆个护,其他,3741.02,耐克,有货,
P-DOUYIN-417760,douyin_6908899,douyin,格力 食品饮料 45,电子产品,其他,4810.13,小米,有货,
P-DOUYIN-418244,douyin_6575891,douyin,耐克 母婴用品 39,家居用品,其他,2514.56,格力,有货,
P-DOUYIN-418296,douyin_3169179,douyin,ZARA 运动户外 68,图书文具,其他,2502.29,小米,有货,
P-DOUYIN-418299,douyin_1602863,douyin,小米 图书文具 100,美妆个护,其他,491.68,华为,有货,
P-DOUYIN-418630,douyin_9443942,douyin,小米 图书文具 28,电子产品,其他,256.70,ZARA,有货,
P-DOUYIN-419595,douyin_8201068,douyin,海尔 图书文具 82,运动户外,其他,3704.07,阿迪达斯,有货,
P-DOUYIN-419851,douyin_4052593,douyin,ZARA 食品饮料 50,家居用品,其他,1096.03,阿迪达斯,有货,
P-DOUYIN-420237,douyin_5261154,douyin,三星 电子产品 29,电子产品,其他,1853.09,优衣库,有货,
P-DOUYIN-421453,douyin_8868926,douyin,华为 运动户外 84,美妆个护,其他,1140.87,华为,有货,
P-DOUYIN-421737,douyin_7159888,douyin,ZARA 图书文具 51,服装鞋帽,其他,4743.23,优衣库,有货,
P-DOUYIN-422837,douyin_4793407,douyin,Apple 电子产品 83,美妆个护,其他,4184.21,海尔,有货,
P-DOUYIN-424829,douyin_4142222,douyin,耐克 服装鞋帽 65,美妆个护,其他,4834.19,小米,有货,
P-DOUYIN-425170,douyin_3667073,douyin,Apple 母婴用品 3,食品饮料,其他,2762.49,华为,有货,
P-DOUYIN-425198,douyin_4620840,douyin,格力 食品饮料 32,母婴用品,其他,3792.86,Apple,有货,
P-DOUYIN-425243,douyin_5356979,douyin,三星 美妆个护 90,家居用品,其他,4019.20,Apple,有货,
P-DOUYIN-425364,douyin_4245820,douyin,格力 图书文具 25,图书文具,其他,1034.45,阿迪达斯,有货,
P-DOUYIN-426113,douyin_4548195,douyin,格力 家居用品 33,运动户外,其他,3440.62,耐克,有货,
P-DOUYIN-426437,douyin_8242027,douyin,华为 母婴用品 31,服装鞋帽,其他,4734.67,Apple,有货,
P-DOUYIN-427984,douyin_3430616,douyin,格力 美妆个护 56,运动户外,其他,1195.60,ZARA,有货,
P-DOUYIN-428114,douyin_3183601,douyin,阿迪达斯 母婴用品 55,母婴用品,其他,1555.17,Apple,有货,
P-DOUYIN-430697,douyin_9688959,douyin,ZARA 图书文具 17,美妆个护,其他,2790.85,小米,有货,
P-DOUYIN-431248,douyin_1447359,douyin,ZARA 家居用品 48,家居用品,其他,2302.65,耐克,有货,
P-DOUYIN-431828,douyin_6296457,douyin,海尔 母婴用品 33,服装鞋帽,其他,1425.96,小米,有货,
P-DOUYIN-432135,douyin_9604565,douyin,耐克 家居用品 71,服装鞋帽,其他,3805.49,小米,有货,
P-DOUYIN-432717,douyin_3045144,douyin,海尔 美妆个护 87,运动户外,其他,4747.21,阿迪达斯,有货,
P-DOUYIN-433129,douyin_6729742,douyin,阿迪达斯 运动户外 83,美妆个护,其他,2108.00,海尔,有货,
P-DOUYIN-434976,douyin_1469083,douyin,海尔 电子产品 69,运动户外,其他,3918.01,耐克,有货,
P-DOUYIN-435174,douyin_7204385,douyin,耐克 图书文具 44,美妆个护,其他,3917.61,阿迪达斯,有货,
P-DOUYIN-435427,douyin_9130410,douyin,耐克 食品饮料 42,服装鞋帽,其他,3335.77,Apple,有货,
P-DOUYIN-435604,douyin_6851397,douyin,优衣库 图书文具 68,图书文具,其他,1904.49,优衣库,有货,
P-DOUYIN-435779,douyin_7166921,douyin,格力 服装鞋帽 1,电子产品,其他,71.07,三星,有货,
P-DOUYIN-435851,douyin_7950067,douyin,耐克 运动户外 5,家居用品,其他,3723.91,Apple,有货,
P-DOUYIN-436609,douyin_5841209,douyin,阿迪达斯 食品饮料 34,电子产品,其他,1218.34,三星,有货,
P-DOUYIN-437809,douyin_4178352,douyin,阿迪达斯 电子产品 12,家居用品,其他,3659.28,阿迪达斯,有货,
P-DOUYIN-438193,douyin_1561424,douyin,三星 美妆个护 8,家居用品,其他,246.04,阿迪达斯,有货,
P-DOUYIN-438760,douyin_8550181,douyin,华为 运动户外 6,美妆个护,其他,2466.59,阿迪达斯,有货,
P-DOUYIN-439279,douyin_3989188,douyin,三星 家居用品 37,美妆个护,其他,3955.76,华为,有货,
P-DOUYIN-439297,douyin_5189163,douyin,ZARA 食品饮料 7,食品饮料,其他,564.39,阿迪达斯,有货,
P-DOUYIN-439691,douyin_4939926,douyin,格力 运动户外 78,家居用品,其他,4978.08,海尔,有货,
P-DOUYIN-441178,douyin_9524367,douyin,华为 食品饮料 90,家居用品,其他,2356.52,优衣库,有货,
P-DOUYIN-441904,douyin_2263684,douyin,优衣库 母婴用品 2,运动户外,其他,2372.60,三星,有货,
P-DOUYIN-443136,douyin_7041900,douyin,三星 家居用品 90,运动户外,其他,1318.21,Apple,有货,
P-DOUYIN-444017,douyin_8989049,douyin,三星 美妆个护 14,电子产品,其他,2429.86,海尔,有货,
P-DOUYIN-444177,douyin_7617270,douyin,Apple 运动户外 68,运动户外,其他,4842.47,三星,有货,
P-DOUYIN-445170,douyin_4068389,douyin,耐克 电子产品 59,母婴用品,其他,1182.35,三星,有货,
P-DOUYIN-447134,douyin_8726505,douyin,优衣库 电子产品 71,图书文具,其他,584.63,三星,有货,
P-DOUYIN-447645,douyin_2181592,douyin,阿迪达斯 母婴用品 46,电子产品,其他,4309.23,海尔,有货,
P-DOUYIN-448199,douyin_6965825,douyin,格力 母婴用品 65,服装鞋帽,其他,2123.22,小米,有货,
P-DOUYIN-450124,douyin_9899006,douyin,耐克 服装鞋帽 1,食品饮料,其他,3219.07,耐克,有货,
P-DOUYIN-453252,douyin_1169871,douyin,三星 母婴用品 85,电子产品,其他,3435.82,格力,有货,
P-DOUYIN-453430,douyin_4645080,douyin,耐克 运动户外 68,电子产品,其他,1536.04,耐克,有货,
P-DOUYIN-455687,douyin_8177809,douyin,优衣库 家居用品 54,母婴用品,其他,1959.83,华为,有货,
P-DOUYIN-456275,douyin_7153969,douyin,华为 图书文具 96,食品饮料,其他,1053.00,Apple,有货,
P-DOUYIN-457363,douyin_1487492,douyin,小米 电子产品 87,美妆个护,其他,2101.01,小米,有货,
P-DOUYIN-457712,douyin_4131216,douyin,阿迪达斯 电子产品 6,母婴用品,其他,2417.80,阿迪达斯,有货,
P-DOUYIN-458250,douyin_7945009,douyin,小米 运动户外 9,图书文具,其他,1290.82,三星,有货,
P-DOUYIN-460131,douyin_7855704,douyin,Apple 服装鞋帽 43,图书文具,其他,1874.35,优衣库,有货,
P-DOUYIN-460358,douyin_1736979,douyin,三星 运动户外 46,母婴用品,其他,4033.32,Apple,有货,
P-DOUYIN-462212,douyin_3109750,douyin,优衣库 电子产品 29,电子产品,其他,1951.44,优衣库,有货,
P-DOUYIN-462292,douyin_8174714,douyin,ZARA 运动户外 16,母婴用品,其他,715.10,ZARA,有货,
P-DOUYIN-462921,douyin_9862058,douyin,三星 食品饮料 54,家居用品,其他,1397.92,小米,有货,
P-DOUYIN-463181,douyin_6657384,douyin,阿迪达斯 美妆个护 26,食品饮料,其他,1163.15,海尔,有货,
P-DOUYIN-463487,douyin_6867423,douyin,优衣库 母婴用品 38,家居用品,其他,4742.65,优衣库,有货,
P-DOUYIN-463707,douyin_1565441,douyin,耐克 美妆个护 91,母婴用品,其他,134.24,三星,有货,
P-DOUYIN-463808,douyin_3322404,douyin,ZARA 家居用品 35,母婴用品,其他,2814.50,耐克,有货,
P-DOUYIN-463913,douyin_9467328,douyin,阿迪达斯 运动户外 58,美妆个护,其他,1680.35,小米,有货,
P-DOUYIN-465341,douyin_3074149,douyin,格力 母婴用品 23,食品饮料,其他,4474.82,阿迪达斯,有货,
P-DOUYIN-465588,douyin_1049336,douyin,小米 家居用品 88,母婴用品,其他,4344.90,阿迪达斯,有货,
P-DOUYIN-466816,douyin_2472101,douyin,优衣库 食品饮料 8,母婴用品,其他,1914.46,小米,有货,
P-DOUYIN-467143,douyin_3954375,douyin,华为 服装鞋帽 36,电子产品,其他,2867.27,阿迪达斯,有货,
P-DOUYIN-467460,douyin_1497626,douyin,耐克 图书文具 55,图书文具,其他,3461.62,小米,有货,
P-DOUYIN-467596,douyin_5276867,douyin,耐克 家居用品 77,电子产品,其他,2754.33,小米,有货,
P-DOUYIN-467769,douyin_1507126,douyin,格力 图书文具 44,运动户外,其他,930.36,三星,有货,
P-DOUYIN-468129,douyin_6827602,douyin,优衣库 图书文具 31,美妆个护,其他,2386.93,海尔,有货,
P-DOUYIN-468395,douyin_7277532,douyin,华为 家居用品 28,电子产品,其他,1695.91,优衣库,有货,
P-DOUYIN-469793,douyin_1025033,douyin,三星 母婴用品 79,食品饮料,其他,2500.55,阿迪达斯,有货,
P-DOUYIN-470715,douyin_3544902,douyin,小米 食品饮料 39,运动户外,其他,1803.30,优衣库,有货,
P-DOUYIN-471085,douyin_8885367,douyin,三星 运动户外 95,运动户外,其他,2228.72,ZARA,有货,
P-DOUYIN-472074,douyin_5777273,douyin,阿迪达斯 家居用品 49,图书文具,其他,1291.70,格力,有货,
P-DOUYIN-472338,douyin_5913907,douyin,海尔 美妆个护 53,母婴用品,其他,492.15,耐克,有货,
P-DOUYIN-474002,douyin_1360402,douyin,ZARA 服装鞋帽 28,家居用品,其他,1104.98,优衣库,有货,
P-DOUYIN-474547,douyin_2986528,douyin,阿迪达斯 电子产品 21,运动户外,其他,452.23,三星,有货,
P-DOUYIN-475781,douyin_7444193,douyin,阿迪达斯 家居用品 91,美妆个护,其他,4660.65,华为,有货,
P-DOUYIN-475967,douyin_3758052,douyin,优衣库 母婴用品 3,电子产品,其他,1683.58,海尔,有货,
P-DOUYIN-476082,douyin_2684383,douyin,小米 食品饮料 53,运动户外,其他,4743.44,优衣库,有货,
P-DOUYIN-476749,douyin_4863805,douyin,格力 电子产品 42,电子产品,其他,962.49,华为,有货,
P-DOUYIN-477681,douyin_9312931,douyin,阿迪达斯 服装鞋帽 94,美妆个护,其他,2770.47,阿迪达斯,有货,
P-DOUYIN-479671,douyin_1334619,douyin,小米 图书文具 33,美妆个护,其他,2688.89,三星,有货,
P-DOUYIN-483025,douyin_4438567,douyin,Apple 图书文具 93,运动户外,其他,3628.45,Apple,有货,
P-DOUYIN-483351,douyin_3556224,douyin,格力 母婴用品 50,美妆个护,其他,1921.05,海尔,有货,
P-DOUYIN-483822,douyin_3957641,douyin,海尔 美妆个护 90,运动户外,其他,3514.40,格力,有货,
P-DOUYIN-483989,douyin_7785423,douyin,小米 食品饮料 62,母婴用品,其他,1227.60,海尔,有货,
P-DOUYIN-484587,douyin_4542379,douyin,格力 家居用品 83,图书文具,其他,3615.57,海尔,有货,
P-DOUYIN-485262,douyin_6225798,douyin,格力 母婴用品 36,美妆个护,其他,212.45,Apple,有货,
P-DOUYIN-486378,douyin_8544476,douyin,ZARA 母婴用品 56,运动户外,其他,3745.89,三星,有货,
P-DOUYIN-487883,douyin_4992126,douyin,格力 家居用品 76,家居用品,其他,379.17,华为,有货,
P-DOUYIN-488298,douyin_4844838,douyin,耐克 运动户外 53,家居用品,其他,567.46,海尔,有货,
P-DOUYIN-489666,douyin_6208205,douyin,Apple 运动户外 13,美妆个护,其他,2761.88,ZARA,有货,
P-DOUYIN-490977,douyin_7311928,douyin,格力 运动户外 63,图书文具,其他,454.67,ZARA,有货,
P-DOUYIN-491257,douyin_2217415,douyin,小米 电子产品 59,服装鞋帽,其他,4914.89,华为,有货,
P-DOUYIN-494488,douyin_6364878,douyin,耐克 美妆个护 72,图书文具,其他,4033.30,ZARA,有货,
P-DOUYIN-494528,douyin_5967621,douyin,海尔 母婴用品 18,运动户外,其他,319.50,格力,有货,
P-DOUYIN-495826,douyin_7423681,douyin,小米 图书文具 7,食品饮料,其他,909.84,阿迪达斯,有货,
P-DOUYIN-496089,douyin_8678944,douyin,ZARA 电子产品 30,美妆个护,其他,3605.42,小米,有货,
P-DOUYIN-496117,douyin_8572958,douyin,三星 家居用品 39,服装鞋帽,其他,3298.41,海尔,有货,
P-DOUYIN-497562,douyin_4842468,douyin,优衣库 家居用品 91,食品饮料,其他,989.60,阿迪达斯,有货,
P-DOUYIN-497574,douyin_9979622,douyin,海尔 服装鞋帽 61,食品饮料,其他,4948.38,格力,有货,
P-DOUYIN-497715,douyin_5193903,douyin,三星 运动户外 39,食品饮料,其他,771.41,格力,有货,
P-DOUYIN-498388,douyin_5943287,douyin,海尔 母婴用品 36,服装鞋帽,其他,2659.37,阿迪达斯,有货,
P-DOUYIN-498821,douyin_1099014,douyin,Apple 母婴用品 22,家居用品,其他,4171.85,三星,有货,
P-DOUYIN-499122,douyin_9711038,douyin,海尔 美妆个护 57,母婴用品,其他,1059.27,小米,有货,
P-DOUYIN-499671,douyin_2596891,douyin,华为 图书文具 53,运动户外,其他,1474.49,华为,有货,
P-DOUYIN-499688,douyin_6856863,douyin,三星 家居用品 13,服装鞋帽,其他,1947.27,三星,有货,
P-DOUYIN-499866,douyin_1559259,douyin,格力 电子产品 61,电子产品,其他,1881.35,Apple,有货,
P-DOUYIN-499870,douyin_2807371,douyin,海尔 家居用品 95,图书文具,其他,802.87,耐克,有货,
P-DOUYIN-500694,douyin_6785248,douyin,耐克 家居用品 40,电子产品,其他,1530.65,ZARA,有货,
P-DOUYIN-500750,douyin_3998792,douyin,阿迪达斯 运动户外 35,服装鞋帽,其他,298.62,优衣库,有货,
P-DOUYIN-501797,douyin_1183769,douyin,华为 服装鞋帽 42,图书文具,其他,1668.94,小米,有货,
P-DOUYIN-501937,douyin_6930223,douyin,ZARA 电子产品 88,服装鞋帽,其他,2681.13,阿迪达斯,有货,
P-DOUYIN-501998,douyin_5554095,douyin,ZARA 母婴用品 3,图书文具,其他,483.41,ZARA,有货,
P-DOUYIN-503461,douyin_5854591,douyin,ZARA 运动户外 9,运动户外,其他,4258.72,三星,有货,
P-DOUYIN-503776,douyin_1907031,douyin,格力 食品饮料 12,图书文具,其他,4786.34,小米,有货,
P-DOUYIN-503952,douyin_5035721,douyin,优衣库 美妆个护 89,运动户外,其他,3181.40,优衣库,有货,
P-DOUYIN-504764,douyin_8015506,douyin,海尔 图书文具 13,运动户外,其他,2271.98,耐克,有货,
P-DOUYIN-505065,douyin_8161716,douyin,Apple 服装鞋帽 97,母婴用品,其他,4696.03,海尔,有货,
P-DOUYIN-505517,douyin_4511111,douyin,海尔 图书文具 78,服装鞋帽,其他,1214.93,小米,有货,
P-DOUYIN-505915,douyin_2045518,douyin,小米 服装鞋帽 13,电子产品,其他,3161.39,小米,有货,
P-DOUYIN-506410,douyin_5077161,douyin,阿迪达斯 运动户外 30,家居用品,其他,413.90,优衣库,有货,
P-DOUYIN-506832,douyin_5792799,douyin,小米 食品饮料 51,服装鞋帽,其他,4526.73,Apple,有货,
P-DOUYIN-508825,douyin_7357934,douyin,华为 美妆个护 2,母婴用品,其他,2519.07,ZARA,有货,
P-DOUYIN-511474,douyin_3280550,douyin,阿迪达斯 图书文具 55,食品饮料,其他,156.06,海尔,有货,
P-DOUYIN-513089,douyin_4768091,douyin,耐克 电子产品 100,电子产品,其他,1668.43,优衣库,有货,
P-DOUYIN-514218,douyin_9522365,douyin,Apple 图书文具 25,食品饮料,其他,1457.12,小米,有货,
P-DOUYIN-515935,douyin_6183151,douyin,ZARA 运动户外 1,母婴用品,其他,4864.30,Apple,有货,
P-DOUYIN-516084,douyin_4322198,douyin,优衣库 电子产品 85,图书文具,其他,2957.85,小米,有货,
P-DOUYIN-516460,douyin_5075694,douyin,阿迪达斯 运动户外 25,图书文具,其他,2318.52,华为,有货,
P-DOUYIN-516678,douyin_5460513,douyin,ZARA 图书文具 5,家居用品,其他,4977.34,格力,有货,
P-DOUYIN-517356,douyin_2356103,douyin,三星 电子产品 44,家居用品,其他,1042.21,三星,有货,
P-DOUYIN-517985,douyin_6747386,douyin,三星 家居用品 71,美妆个护,其他,2043.09,小米,有货,
P-DOUYIN-518072,douyin_8325088,douyin,ZARA 食品饮料 30,美妆个护,其他,4873.28,格力,有货,
P-DOUYIN-518695,douyin_9732350,douyin,耐克 母婴用品 4,图书文具,其他,3830.08,小米,有货,
P-DOUYIN-518702,douyin_8190619,douyin,海尔 家居用品 11,运动户外,其他,4077.60,阿迪达斯,有货,
P-DOUYIN-519833,douyin_8731663,douyin,格力 图书文具 70,运动户外,其他,823.70,优衣库,有货,
P-DOUYIN-520612,douyin_3386407,douyin,小米 运动户外 23,服装鞋帽,其他,3259.86,阿迪达斯,有货,
P-DOUYIN-522897,douyin_5864455,douyin,海尔 美妆个护 63,运动户外,其他,1163.24,Apple,有货,
P-DOUYIN-523113,douyin_9899196,douyin,格力 电子产品 79,家居用品,其他,3036.25,耐克,有货,
P-DOUYIN-523153,douyin_5193319,douyin,小米 服装鞋帽 95,电子产品,其他,4507.75,ZARA,有货,
P-DOUYIN-523309,douyin_5295944,douyin,阿迪达斯 母婴用品 17,图书文具,其他,4665.01,三星,有货,
P-DOUYIN-523984,douyin_6831119,douyin,阿迪达斯 运动户外 99,美妆个护,其他,3550.13,ZARA,有货,
P-DOUYIN-524021,douyin_3593116,douyin,海尔 美妆个护 67,运动户外,其他,2649.41,阿迪达斯,有货,
P-DOUYIN-524144,douyin_3749886,douyin,三星 美妆个护 29,家居用品,其他,2309.77,Apple,有货,
P-DOUYIN-525057,douyin_1572644,douyin,三星 食品饮料 92,服装鞋帽,其他,3407.07,Apple,有货,
P-DOUYIN-525092,douyin_8233851,douyin,小米 服装鞋帽 58,家居用品,其他,3647.23,ZARA,有货,
P-DOUYIN-526708,douyin_7648999,douyin,小米 图书文具 30,美妆个护,其他,2408.60,格力,有货,
P-DOUYIN-527551,douyin_4707559,douyin,耐克 图书文具 74,食品饮料,其他,755.95,华为,有货,
P-DOUYIN-527944,douyin_5000068,douyin,华为 运动户外 51,服装鞋帽,其他,3202.31,阿迪达斯,有货,
P-DOUYIN-528302,douyin_4942459,douyin,阿迪达斯 图书文具 32,图书文具,其他,4140.99,海尔,有货,
P-DOUYIN-528450,douyin_3600824,douyin,ZARA 服装鞋帽 88,服装鞋帽,其他,1130.01,阿迪达斯,有货,
P-DOUYIN-530153,douyin_9293619,douyin,优衣库 美妆个护 23,运动户外,其他,4774.17,ZARA,有货,
P-DOUYIN-530402,douyin_3085415,douyin,小米 电子产品 77,图书文具,其他,3567.97,阿迪达斯,有货,
P-DOUYIN-532293,douyin_9759389,douyin,海尔 运动户外 19,运动户外,其他,1126.31,优衣库,有货,
P-DOUYIN-532962,douyin_1545204,douyin,耐克 美妆个护 75,运动户外,其他,2499.80,三星,有货,
P-DOUYIN-533853,douyin_1433069,douyin,耐克 电子产品 38,电子产品,其他,4902.47,耐克,有货,
P-DOUYIN-533878,douyin_4614896,douyin,阿迪达斯 美妆个护 56,家居用品,其他,3834.00,Apple,有货,
P-DOUYIN-534026,douyin_2261468,douyin,华为 电子产品 37,图书文具,其他,3112.67,Apple,有货,
P-DOUYIN-534618,douyin_3883358,douyin,海尔 运动户外 25,电子产品,其他,3472.55,格力,有货,
P-DOUYIN-535244,douyin_8140483,douyin,优衣库 食品饮料 89,运动户外,其他,1154.89,三星,有货,
P-DOUYIN-536911,douyin_1504766,douyin,阿迪达斯 食品饮料 40,美妆个护,其他,2113.32,ZARA,有货,
P-DOUYIN-537827,douyin_1701941,douyin,小米 家居用品 69,食品饮料,其他,1856.32,小米,有货,
P-DOUYIN-538841,douyin_1321938,douyin,优衣库 母婴用品 60,食品饮料,其他,1933.46,耐克,有货,
P-DOUYIN-539143,douyin_7422730,douyin,海尔 母婴用品 76,母婴用品,其他,1821.79,ZARA,有货,
P-DOUYIN-540095,douyin_8678850,douyin,ZARA 服装鞋帽 54,家居用品,其他,326.26,三星,有货,
P-DOUYIN-540573,douyin_3890337,douyin,优衣库 运动户外 5,服装鞋帽,其他,3845.55,格力,有货,
P-DOUYIN-540704,douyin_7877807,douyin,优衣库 美妆个护 43,图书文具,其他,4493.05,Apple,有货,
P-DOUYIN-543203,douyin_1383024,douyin,海尔 服装鞋帽 27,运动户外,其他,4703.51,耐克,有货,
P-DOUYIN-544982,douyin_1252396,douyin,三星 美妆个护 40,服装鞋帽,其他,2384.20,三星,有货,
P-DOUYIN-545209,douyin_9495628,douyin,阿迪达斯 运动户外 61,电子产品,其他,2593.82,华为,有货,
P-DOUYIN-545556,douyin_7688836,douyin,小米 食品饮料 67,家居用品,其他,3725.88,优衣库,有货,
P-DOUYIN-546689,douyin_2465767,douyin,三星 家居用品 22,家居用品,其他,1585.99,格力,有货,
P-DOUYIN-547991,douyin_6046908,douyin,阿迪达斯 食品饮料 97,食品饮料,其他,1471.73,华为,有货,
P-DOUYIN-549571,douyin_2730321,douyin,格力 美妆个护 48,母婴用品,其他,2107.97,华为,有货,
P-DOUYIN-549973,douyin_3872469,douyin,优衣库 母婴用品 5,图书文具,其他,554.33,Apple,有货,
P-DOUYIN-550022,douyin_8185040,douyin,优衣库 运动户外 25,服装鞋帽,其他,558.97,Apple,有货,
P-DOUYIN-550097,douyin_2402441,douyin,海尔 服装鞋帽 84,服装鞋帽,其他,2129.04,海尔,有货,
P-DOUYIN-550716,douyin_1156688,douyin,ZARA 食品饮料 19,电子产品,其他,3477.20,海尔,有货,
P-DOUYIN-551421,douyin_8478468,douyin,ZARA 电子产品 90,电子产品,其他,4882.93,Apple,有货,
P-DOUYIN-553404,douyin_9199231,douyin,优衣库 食品饮料 65,服装鞋帽,其他,4734.30,格力,有货,
P-DOUYIN-553821,douyin_4071384,douyin,三星 服装鞋帽 14,运动户外,其他,3741.42,华为,有货,
P-DOUYIN-554025,douyin_4586457,douyin,Apple 运动户外 88,家居用品,其他,1957.58,ZARA,有货,
P-DOUYIN-554287,douyin_2220288,douyin,耐克 电子产品 10,食品饮料,其他,457.34,小米,有货,
P-DOUYIN-555191,douyin_4558169,douyin,格力 服装鞋帽 48,家居用品,其他,3683.97,Apple,有货,
P-DOUYIN-556316,douyin_1747200,douyin,海尔 图书文具 75,电子产品,其他,389.62,阿迪达斯,有货,
P-DOUYIN-556740,douyin_1364896,douyin,海尔 美妆个护 88,食品饮料,其他,3660.25,三星,有货,
P-DOUYIN-561862,douyin_9991424,douyin,格力 美妆个护 32,电子产品,其他,4607.11,华为,有货,
P-DOUYIN-562995,douyin_3727984,douyin,Apple 图书文具 70,电子产品,其他,4548.17,Apple,有货,
P-DOUYIN-563585,douyin_3059679,douyin,三星 电子产品 50,电子产品,其他,3220.27,海尔,有货,
P-DOUYIN-564378,douyin_6153837,douyin,耐克 图书文具 24,服装鞋帽,其他,963.97,小米,有货,
P-DOUYIN-564434,douyin_3744683,douyin,海尔 美妆个护 74,家居用品,其他,2925.64,Apple,有货,
P-DOUYIN-565039,douyin_7170153,douyin,格力 食品饮料 15,运动户外,其他,2353.68,小米,有货,
P-DOUYIN-566030,douyin_3285854,douyin,华为 服装鞋帽 51,图书文具,其他,4155.59,三星,有货,
P-DOUYIN-566636,douyin_5095645,douyin,格力 电子产品 17,服装鞋帽,其他,2293.62,优衣库,有货,
P-DOUYIN-569921,douyin_6759152,douyin,华为 运动户外 4,母婴用品,其他,3361.68,耐克,有货,
P-DOUYIN-570080,douyin_2664110,douyin,华为 母婴用品 23,服装鞋帽,其他,249.97,优衣库,有货,
P-DOUYIN-571427,douyin_8507963,douyin,Apple 母婴用品 34,图书文具,其他,1127.56,阿迪达斯,有货,
P-DOUYIN-572449,douyin_9662789,douyin,优衣库 食品饮料 79,图书文具,其他,4734.83,格力,有货,
P-DOUYIN-574386,douyin_1070669,douyin,阿迪达斯 电子产品 61,运动户外,其他,4790.87,耐克,有货,
P-DOUYIN-574687,douyin_8037534,douyin,优衣库 图书文具 93,运动户外,其他,1069.29,阿迪达斯,有货,
P-DOUYIN-576403,douyin_7582558,douyin,三星 家居用品 31,服装鞋帽,其他,4280.44,小米,有货,
P-DOUYIN-576770,douyin_3583963,douyin,海尔 食品饮料 73,家居用品,其他,3257.82,优衣库,有货,
P-DOUYIN-578172,douyin_9038718,douyin,优衣库 运动户外 83,母婴用品,其他,2926.04,三星,有货,
P-DOUYIN-578724,douyin_2875952,douyin,耐克 服装鞋帽 42,食品饮料,其他,4990.28,耐克,有货,
P-DOUYIN-579031,douyin_1857973,douyin,华为 运动户外 72,运动户外,其他,339.18,ZARA,有货,
P-DOUYIN-579105,douyin_6718297,douyin,海尔 食品饮料 51,母婴用品,其他,3706.48,优衣库,有货,
P-DOUYIN-579620,douyin_7998273,douyin,小米 食品饮料 56,母婴用品,其他,1905.15,格力,有货,
P-DOUYIN-581187,douyin_1252812,douyin,阿迪达斯 服装鞋帽 42,图书文具,其他,643.63,ZARA,有货,
P-DOUYIN-581195,douyin_3162116,douyin,小米 图书文具 98,运动户外,其他,1964.97,优衣库,有货,
P-DOUYIN-581241,douyin_9426224,douyin,优衣库 母婴用品 34,母婴用品,其他,4108.14,耐克,有货,
P-DOUYIN-581524,douyin_4791731,douyin,优衣库 图书文具 65,家居用品,其他,798.99,海尔,有货,
P-DOUYIN-581646,douyin_1321892,douyin,小米 运动户外 7,运动户外,其他,3930.95,格力,有货,
P-DOUYIN-582152,douyin_5986147,douyin,ZARA 美妆个护 57,服装鞋帽,其他,930.30,小米,有货,
P-DOUYIN-582905,douyin_8074918,douyin,小米 运动户外 8,家居用品,其他,4883.32,海尔,有货,
P-DOUYIN-583960,douyin_9611143,douyin,海尔 家居用品 54,母婴用品,其他,2620.41,Apple,有货,
P-DOUYIN-584041,douyin_6263162,douyin,ZARA 电子产品 71,食品饮料,其他,177.10,Apple,有货,
P-DOUYIN-584781,douyin_7287046,douyin,三星 美妆个护 3,食品饮料,其他,1365.08,三星,有货,
P-DOUYIN-585839,douyin_7453504,douyin,海尔 美妆个护 80,美妆个护,其他,155.20,Apple,有货,
P-DOUYIN-586208,douyin_7418092,douyin,优衣库 图书文具 86,图书文具,其他,1773.94,海尔,有货,
P-DOUYIN-586314,douyin_8251174,douyin,耐克 美妆个护 9,食品饮料,其他,2435.94,Apple,有货,
P-DOUYIN-586369,douyin_2401862,douyin,华为 运动户外 78,美妆个护,其他,4171.28,阿迪达斯,有货,
P-DOUYIN-586439,douyin_1531095,douyin,ZARA 美妆个护 1,家居用品,其他,3846.78,Apple,有货,
P-DOUYIN-586761,douyin_2567625,douyin,海尔 美妆个护 53,服装鞋帽,其他,790.99,Apple,有货,
P-DOUYIN-587956,douyin_6716337,douyin,海尔 服装鞋帽 73,食品饮料,其他,1958.45,小米,有货,
P-DOUYIN-588936,douyin_1615507,douyin,三星 图书文具 45,服装鞋帽,其他,2068.80,优衣库,有货,
P-DOUYIN-588940,douyin_5663536,douyin,ZARA 母婴用品 60,图书文具,其他,3201.44,华为,有货,
P-DOUYIN-589610,douyin_5426650,douyin,华为 运动户外 65,运动户外,其他,4190.35,格力,有货,
P-DOUYIN-589998,douyin_7192681,douyin,ZARA 电子产品 70,运动户外,其他,228.40,ZARA,有货,
P-DOUYIN-590431,douyin_6908771,douyin,优衣库 服装鞋帽 46,母婴用品,其他,2659.25,小米,有货,
P-DOUYIN-590773,douyin_4866595,douyin,小米 母婴用品 66,母婴用品,其他,2992.53,格力,有货,
P-DOUYIN-590836,douyin_1950895,douyin,华为 运动户外 6,家居用品,其他,2313.01,耐克,有货,
P-DOUYIN-592583,douyin_3734871,douyin,阿迪达斯 美妆个护 50,运动户外,其他,3344.67,ZARA,有货,
P-DOUYIN-594576,douyin_7929920,douyin,优衣库 家居用品 67,食品饮料,其他,317.93,阿迪达斯,有货,
P-DOUYIN-595329,douyin_9982727,douyin,三星 图书文具 20,家居用品,其他,3914.14,三星,有货,
P-DOUYIN-596943,douyin_7972699,douyin,优衣库 美妆个护 2,母婴用品,其他,1217.61,三星,有货,
P-DOUYIN-599245,douyin_5406137,douyin,ZARA 食品饮料 48,电子产品,其他,3574.44,三星,有货,
P-DOUYIN-600544,douyin_7275308,douyin,优衣库 母婴用品 59,电子产品,其他,4785.86,华为,有货,
P-DOUYIN-600902,douyin_8692115,douyin,格力 服装鞋帽 16,美妆个护,其他,2827.23,Apple,有货,
P-DOUYIN-601102,douyin_8586486,douyin,格力 美妆个护 20,服装鞋帽,其他,2915.04,Apple,有货,
P-DOUYIN-601354,douyin_2983676,douyin,三星 美妆个护 66,母婴用品,其他,4113.23,华为,有货,
P-DOUYIN-601427,douyin_9174820,douyin,华为 母婴用品 90,食品饮料,其他,4168.16,三星,有货,
P-DOUYIN-601450,douyin_5411540,douyin,海尔 家居用品 49,食品饮料,其他,425.87,三星,有货,
P-DOUYIN-603475,douyin_7497766,douyin,耐克 家居用品 6,家居用品,其他,4503.31,Apple,有货,
P-DOUYIN-603609,douyin_1832434,douyin,华为 电子产品 55,运动户外,其他,125.60,Apple,有货,
P-DOUYIN-603739,douyin_3405596,douyin,三星 图书文具 100,服装鞋帽,其他,2177.21,华为,有货,
P-DOUYIN-603929,douyin_9866397,douyin,ZARA 食品饮料 31,电子产品,其他,3447.46,小米,有货,
P-DOUYIN-605442,douyin_6878576,douyin,ZARA 食品饮料 92,服装鞋帽,其他,930.36,格力,有货,
P-DOUYIN-605882,douyin_3933824,douyin,三星 美妆个护 40,运动户外,其他,4624.30,海尔,有货,
P-DOUYIN-606232,douyin_4917016,douyin,ZARA 运动户外 96,家居用品,其他,3677.78,小米,有货,
P-DOUYIN-607758,douyin_6813105,douyin,耐克 家居用品 30,电子产品,其他,1542.53,优衣库,有货,
P-DOUYIN-607810,douyin_8617828,douyin,耐克 电子产品 70,电子产品,其他,1215.69,三星,有货,
P-DOUYIN-607927,douyin_3912697,douyin,格力 母婴用品 90,母婴用品,其他,2416.19,耐克,有货,
P-DOUYIN-608005,douyin_4450676,douyin,Apple 母婴用品 51,服装鞋帽,其他,1842.11,华为,有货,
P-DOUYIN-608024,douyin_2522583,douyin,ZARA 美妆个护 2,母婴用品,其他,1307.48,阿迪达斯,有货,
P-DOUYIN-608275,douyin_2943556,douyin,ZARA 母婴用品 43,母婴用品,其他,1612.36,ZARA,有货,
P-DOUYIN-609001,douyin_1853407,douyin,耐克 家居用品 10,母婴用品,其他,626.83,优衣库,有货,
P-DOUYIN-609054,douyin_8823274,douyin,ZARA 图书文具 73,服装鞋帽,其他,965.62,小米,有货,
P-DOUYIN-609383,douyin_1479786,douyin,小米 运动户外 27,图书文具,其他,230.32,耐克,有货,
P-DOUYIN-610278,douyin_4691618,douyin,格力 运动户外 4,电子产品,其他,4719.67,阿迪达斯,有货,
P-DOUYIN-611169,douyin_1982925,douyin,耐克 母婴用品 11,运动户外,其他,2873.32,优衣库,有货,
P-DOUYIN-611659,douyin_3730796,douyin,优衣库 美妆个护 84,图书文具,其他,1258.05,耐克,有货,
P-DOUYIN-612429,douyin_5299168,douyin,Apple 食品饮料 29,家居用品,其他,4774.33,海尔,有货,
P-DOUYIN-613020,douyin_7980391,douyin,华为 家居用品 81,美妆个护,其他,939.33,格力,有货,
P-DOUYIN-613155,douyin_9331496,douyin,ZARA 运动户外 40,电子产品,其他,69.57,耐克,有货,
P-DOUYIN-613384,douyin_8136877,douyin,海尔 服装鞋帽 44,图书文具,其他,1877.59,三星,有货,
P-DOUYIN-613481,douyin_8592474,douyin,格力 运动户外 68,母婴用品,其他,4979.82,小米,有货,
P-DOUYIN-615850,douyin_2992461,douyin,耐克 美妆个护 34,家居用品,其他,291.09,格力,有货,
P-DOUYIN-617025,douyin_4272272,douyin,格力 图书文具 31,母婴用品,其他,1882.92,Apple,有货,
P-DOUYIN-617220,douyin_9273942,douyin,耐克 图书文具 88,图书文具,其他,1693.22,小米,有货,
P-DOUYIN-617819,douyin_4896097,douyin,三星 母婴用品 50,服装鞋帽,其他,3760.41,格力,有货,
P-DOUYIN-620053,douyin_6484247,douyin,Apple 电子产品 35,食品饮料,其他,969.26,小米,有货,
P-DOUYIN-620723,douyin_5957680,douyin,海尔 母婴用品 66,美妆个护,其他,3638.81,ZARA,有货,
P-DOUYIN-624040,douyin_3609923,douyin,优衣库 服装鞋帽 33,母婴用品,其他,1866.04,ZARA,有货,
P-DOUYIN-626127,douyin_5367580,douyin,华为 服装鞋帽 10,食品饮料,其他,4730.02,格力,有货,
P-DOUYIN-626980,douyin_7508661,douyin,耐克 图书文具 12,服装鞋帽,其他,3915.31,小米,有货,
P-DOUYIN-629225,douyin_3079246,douyin,三星 母婴用品 56,图书文具,其他,461.88,华为,有货,
P-DOUYIN-629295,douyin_2435817,douyin,华为 服装鞋帽 5,图书文具,其他,2802.97,小米,有货,
P-DOUYIN-630180,douyin_7794935,douyin,耐克 图书文具 45,家居用品,其他,2131.38,阿迪达斯,有货,
P-DOUYIN-631154,douyin_7599371,douyin,小米 电子产品 88,服装鞋帽,其他,2807.59,小米,有货,
P-DOUYIN-631481,douyin_9376803,douyin,格力 图书文具 53,电子产品,其他,1317.50,Apple,有货,
P-DOUYIN-633533,douyin_8883707,douyin,三星 美妆个护 64,母婴用品,其他,3568.51,格力,有货,
P-DOUYIN-633539,douyin_2223891,douyin,ZARA 服装鞋帽 66,美妆个护,其他,2059.02,三星,有货,
P-DOUYIN-634455,douyin_7368959,douyin,三星 美妆个护 53,美妆个护,其他,1701.48,阿迪达斯,有货,
P-DOUYIN-635481,douyin_3721135,douyin,ZARA 食品饮料 90,服装鞋帽,其他,132.88,小米,有货,
P-DOUYIN-636025,douyin_7910286,douyin,Apple 美妆个护 44,母婴用品,其他,4520.94,海尔,有货,
P-DOUYIN-636297,douyin_5658851,douyin,Apple 电子产品 92,电子产品,其他,2215.62,耐克,有货,
P-DOUYIN-636439,douyin_6978355,douyin,格力 美妆个护 85,电子产品,其他,4089.59,阿迪达斯,有货,
P-DOUYIN-636686,douyin_5415738,douyin,三星 美妆个护 66,母婴用品,其他,135.28,海尔,有货,
P-DOUYIN-637081,douyin_7115914,douyin,ZARA 母婴用品 38,母婴用品,其他,292.46,三星,有货,
P-DOUYIN-637117,douyin_7559581,douyin,海尔 母婴用品 17,家居用品,其他,4573.50,格力,有货,
P-DOUYIN-637425,douyin_1656512,douyin,耐克 图书文具 58,服装鞋帽,其他,2632.33,华为,有货,
P-DOUYIN-638314,douyin_4772615,douyin,格力 服装鞋帽 6,美妆个护,其他,2849.41,ZARA,有货,
P-DOUYIN-639132,douyin_7570040,douyin,格力 电子产品 84,图书文具,其他,3502.98,ZARA,有货,
P-DOUYIN-639362,douyin_4496994,douyin,格力 食品饮料 52,食品饮料,其他,4767.15,优衣库,有货,
P-DOUYIN-640735,douyin_5018559,douyin,格力 电子产品 14,家居用品,其他,3450.09,小米,有货,
P-DOUYIN-640829,douyin_6543712,douyin,阿迪达斯 运动户外 90,运动户外,其他,517.38,优衣库,有货,
P-DOUYIN-641466,douyin_5977510,douyin,三星 电子产品 21,食品饮料,其他,3752.10,Apple,有货,
P-DOUYIN-642716,douyin_1413929,douyin,小米 电子产品 44,电子产品,其他,4687.66,耐克,有货,
P-DOUYIN-642814,douyin_9339922,douyin,格力 服装鞋帽 20,运动户外,其他,1228.85,优衣库,有货,
P-DOUYIN-643878,douyin_1653886,douyin,海尔 图书文具 91,食品饮料,其他,220.12,格力,有货,
P-DOUYIN-648618,douyin_4443771,douyin,海尔 电子产品 97,美妆个护,其他,4803.37,ZARA,有货,
P-DOUYIN-649017,douyin_1037535,douyin,阿迪达斯 美妆个护 64,母婴用品,其他,1453.44,Apple,有货,
P-DOUYIN-649087,douyin_7328311,douyin,海尔 图书文具 4,运动户外,其他,2301.76,ZARA,有货,
P-DOUYIN-649111,douyin_8214053,douyin,优衣库 家居用品 38,电子产品,其他,2798.35,华为,有货,
P-DOUYIN-649883,douyin_2488770,douyin,海尔 母婴用品 89,图书文具,其他,1308.62,华为,有货,
P-DOUYIN-650385,douyin_6652789,douyin,格力 美妆个护 48,母婴用品,其他,3717.39,ZARA,有货,
P-DOUYIN-651189,douyin_7660143,douyin,优衣库 美妆个护 26,母婴用品,其他,3774.61,Apple,有货,
P-DOUYIN-651223,douyin_4551709,douyin,格力 服装鞋帽 12,运动户外,其他,4087.32,阿迪达斯,有货,
P-DOUYIN-654405,douyin_6023016,douyin,三星 电子产品 56,图书文具,其他,788.79,Apple,有货,
P-DOUYIN-654687,douyin_1408078,douyin,海尔 运动户外 10,运动户外,其他,1317.79,优衣库,有货,
P-DOUYIN-654925,douyin_5326329,douyin,海尔 食品饮料 56,电子产品,其他,1737.72,耐克,有货,
P-DOUYIN-655444,douyin_2342720,douyin,三星 食品饮料 62,母婴用品,其他,1450.82,优衣库,有货,
P-DOUYIN-656372,douyin_4138788,douyin,小米 家居用品 10,美妆个护,其他,3671.71,小米,有货,
P-DOUYIN-656756,douyin_2700667,douyin,Apple 电子产品 4,食品饮料,其他,1266.99,优衣库,有货,
P-DOUYIN-656934,douyin_8330595,douyin,格力 母婴用品 65,服装鞋帽,其他,1258.97,海尔,有货,
P-DOUYIN-657462,douyin_2850477,douyin,阿迪达斯 服装鞋帽 68,美妆个护,其他,699.56,三星,有货,
P-DOUYIN-657987,douyin_5572923,douyin,海尔 母婴用品 100,家居用品,其他,1596.84,耐克,有货,
P-DOUYIN-658077,douyin_9549634,douyin,海尔 运动户外 33,食品饮料,其他,445.87,格力,有货,
P-DOUYIN-658916,douyin_1461187,douyin,Apple 运动户外 23,电子产品,其他,3208.51,ZARA,有货,
P-DOUYIN-659305,douyin_1944881,douyin,Apple 电子产品 75,服装鞋帽,其他,4681.27,海尔,有货,
P-DOUYIN-659640,douyin_3241878,douyin,海尔 运动户外 74,运动户外,其他,4455.40,海尔,有货,
P-DOUYIN-660243,douyin_8740994,douyin,ZARA 食品饮料 69,母婴用品,其他,679.52,格力,有货,
P-DOUYIN-660410,douyin_6714028,douyin,优衣库 母婴用品 60,图书文具,其他,3603.69,ZARA,有货,
P-DOUYIN-660704,douyin_9838310,douyin,海尔 家居用品 39,母婴用品,其他,4109.02,阿迪达斯,有货,
P-DOUYIN-662538,douyin_8365864,douyin,格力 服装鞋帽 65,电子产品,其他,4419.90,小米,有货,
P-DOUYIN-665794,douyin_2357368,douyin,三星 食品饮料 47,母婴用品,其他,4274.14,小米,有货,
P-DOUYIN-666195,douyin_1118626,douyin,Apple 家居用品 15,图书文具,其他,4623.73,海尔,有货,
P-DOUYIN-666506,douyin_4627580,douyin,优衣库 母婴用品 59,图书文具,其他,2838.85,优衣库,有货,
P-DOUYIN-666679,douyin_8859574,douyin,耐克 图书文具 55,服装鞋帽,其他,876.13,耐克,有货,
P-DOUYIN-668446,douyin_3399334,douyin,Apple 电子产品 63,服装鞋帽,其他,3496.07,华为,有货,
P-DOUYIN-668495,douyin_3785255,douyin,海尔 食品饮料 57,运动户外,其他,177.35,格力,有货,
P-DOUYIN-669192,douyin_6861028,douyin,海尔 电子产品 52,食品饮料,其他,1241.47,格力,有货,
P-DOUYIN-669808,douyin_7157648,douyin,华为 电子产品 22,母婴用品,其他,974.31,ZARA,有货,
P-DOUYIN-672059,douyin_4374629,douyin,海尔 运动户外 59,服装鞋帽,其他,4822.05,小米,有货,
P-DOUYIN-672798,douyin_7502338,douyin,优衣库 图书文具 50,家居用品,其他,4954.20,阿迪达斯,有货,
P-DOUYIN-673829,douyin_5796706,douyin,华为 服装鞋帽 89,运动户外,其他,1747.83,三星,有货,
P-DOUYIN-673936,douyin_9140424,douyin,华为 服装鞋帽 8,运动户外,其他,1207.86,格力,有货,
P-DOUYIN-675543,douyin_2293738,douyin,阿迪达斯 电子产品 92,服装鞋帽,其他,676.01,耐克,有货,
P-DOUYIN-676880,douyin_9334152,douyin,格力 图书文具 6,电子产品,其他,2567.76,格力,有货,
P-DOUYIN-678510,douyin_4336083,douyin,优衣库 家居用品 86,母婴用品,其他,761.62,格力,有货,
P-DOUYIN-680821,douyin_8202034,douyin,海尔 图书文具 70,食品饮料,其他,3494.05,ZARA,有货,
P-DOUYIN-681390,douyin_2071242,douyin,海尔 运动户外 86,运动户外,其他,4565.78,ZARA,有货,
P-DOUYIN-681398,douyin_3416314,douyin,阿迪达斯 服装鞋帽 21,图书文具,其他,2542.38,优衣库,有货,
P-DOUYIN-681912,douyin_5943419,douyin,耐克 家居用品 42,服装鞋帽,其他,2718.16,ZARA,有货,
P-DOUYIN-685309,douyin_6677258,douyin,格力 图书文具 70,电子产品,其他,3896.98,格力,有货,
P-DOUYIN-685591,douyin_7376441,douyin,Apple 母婴用品 62,运动户外,其他,3432.41,华为,有货,
P-DOUYIN-685800,douyin_6011947,douyin,优衣库 美妆个护 98,食品饮料,其他,4277.37,华为,有货,
P-DOUYIN-688002,douyin_9807283,douyin,小米 电子产品 9,运动户外,其他,4153.23,三星,有货,
P-DOUYIN-689550,douyin_1807575,douyin,华为 服装鞋帽 98,食品饮料,其他,2467.81,Apple,有货,
P-DOUYIN-690978,douyin_8410958,douyin,小米 美妆个护 33,图书文具,其他,4979.75,小米,有货,
P-DOUYIN-691359,douyin_7885462,douyin,耐克 美妆个护 2,运动户外,其他,3943.25,耐克,有货,
P-DOUYIN-692778,douyin_5591219,douyin,华为 电子产品 42,图书文具,其他,1158.34,华为,有货,
P-DOUYIN-692929,douyin_2924730,douyin,小米 服装鞋帽 65,电子产品,其他,4199.05,耐克,有货,
P-DOUYIN-693308,douyin_9688669,douyin,三星 图书文具 32,运动户外,其他,90.45,优衣库,有货,
P-DOUYIN-694179,douyin_9464518,douyin,三星 服装鞋帽 28,运动户外,其他,4843.97,三星,有货,
P-DOUYIN-696100,douyin_9420216,douyin,海尔 电子产品 71,食品饮料,其他,3159.23,优衣库,有货,
P-DOUYIN-696213,douyin_9526763,douyin,优衣库 美妆个护 25,运动户外,其他,2721.32,三星,有货,
P-DOUYIN-697541,douyin_2998631,douyin,三星 美妆个护 35,电子产品,其他,4811.98,小米,有货,
P-DOUYIN-698024,douyin_1601273,douyin,Apple 母婴用品 15,图书文具,其他,855.54,华为,有货,
P-DOUYIN-699321,douyin_9651879,douyin,小米 母婴用品 32,服装鞋帽,其他,1327.69,三星,有货,
P-DOUYIN-699640,douyin_1929146,douyin,小米 运动户外 91,美妆个护,其他,2911.94,优衣库,有货,
P-DOUYIN-699725,douyin_4008290,douyin,优衣库 图书文具 48,服装鞋帽,其他,4547.61,海尔,有货,
P-DOUYIN-700164,douyin_8819387,douyin,华为 图书文具 34,食品饮料,其他,158.95,耐克,有货,
P-DOUYIN-700501,douyin_4804978,douyin,小米 运动户外 75,母婴用品,其他,3512.47,三星,有货,
P-DOUYIN-701750,douyin_1080438,douyin,三星 图书文具 44,母婴用品,其他,2496.47,耐克,有货,
P-DOUYIN-701925,douyin_6285447,douyin,三星 母婴用品 46,家居用品,其他,4835.04,ZARA,有货,
P-DOUYIN-702531,douyin_1206485,douyin,Apple 图书文具 92,电子产品,其他,251.07,三星,有货,
P-DOUYIN-702714,douyin_4733128,douyin,小米 图书文具 70,运动户外,其他,4545.32,华为,有货,
P-DOUYIN-702853,douyin_9595623,douyin,阿迪达斯 食品饮料 31,美妆个护,其他,3529.77,华为,有货,
P-DOUYIN-703160,douyin_4120981,douyin,格力 电子产品 69,母婴用品,其他,3312.13,海尔,有货,
P-DOUYIN-703583,douyin_8111326,douyin,ZARA 母婴用品 58,美妆个护,其他,63.53,Apple,有货,
P-DOUYIN-704618,douyin_1675738,douyin,Apple 图书文具 43,美妆个护,其他,4401.71,三星,有货,
P-DOUYIN-704810,douyin_9805706,douyin,阿迪达斯 运动户外 85,图书文具,其他,4708.39,阿迪达斯,有货,
P-DOUYIN-704838,douyin_6579917,douyin,ZARA 图书文具 8,家居用品,其他,4337.85,华为,有货,
P-DOUYIN-705386,douyin_4987826,douyin,小米 服装鞋帽 83,家居用品,其他,2364.12,耐克,有货,
P-DOUYIN-706886,douyin_1316253,douyin,华为 母婴用品 81,服装鞋帽,其他,2672.12,海尔,有货,
P-DOUYIN-707781,douyin_2019355,douyin,耐克 家居用品 57,母婴用品,其他,3318.69,耐克,有货,
P-DOUYIN-708665,douyin_4638947,douyin,阿迪达斯 运动户外 51,家居用品,其他,4201.24,耐克,有货,
P-DOUYIN-713306,douyin_4054473,douyin,ZARA 母婴用品 11,服装鞋帽,其他,2242.68,耐克,有货,
P-DOUYIN-713997,douyin_7270171,douyin,华为 食品饮料 86,服装鞋帽,其他,66.22,格力,有货,
P-DOUYIN-714606,douyin_9539172,douyin,海尔 电子产品 73,服装鞋帽,其他,3419.55,格力,有货,
P-DOUYIN-715506,douyin_2626527,douyin,Apple 食品饮料 47,运动户外,其他,1891.64,阿迪达斯,有货,
P-DOUYIN-715644,douyin_5612454,douyin,华为 图书文具 55,母婴用品,其他,985.50,华为,有货,
P-DOUYIN-716664,douyin_3315537,douyin,格力 图书文具 46,服装鞋帽,其他,440.83,小米,有货,
P-DOUYIN-716820,douyin_4964890,douyin,小米 图书文具 25,运动户外,其他,102.30,海尔,有货,
P-DOUYIN-717445,douyin_4010542,douyin,小米 食品饮料 58,图书文具,其他,4141.35,Apple,有货,
P-DOUYIN-719005,douyin_2287984,douyin,海尔 服装鞋帽 87,图书文具,其他,3262.94,耐克,有货,
P-DOUYIN-719265,douyin_2924683,douyin,三星 母婴用品 25,家居用品,其他,4357.55,耐克,有货,
P-DOUYIN-720607,douyin_4435371,douyin,格力 图书文具 37,美妆个护,其他,312.96,优衣库,有货,
P-DOUYIN-720970,douyin_6102001,douyin,三星 运动户外 61,电子产品,其他,569.96,Apple,有货,
P-DOUYIN-721980,douyin_5651742,douyin,格力 母婴用品 19,食品饮料,其他,4751.19,Apple,有货,
P-DOUYIN-722055,douyin_9329297,douyin,ZARA 图书文具 67,母婴用品,其他,4373.45,耐克,有货,
P-DOUYIN-722199,douyin_2704139,douyin,华为 美妆个护 41,家居用品,其他,4986.21,ZARA,有货,
P-DOUYIN-723141,douyin_8726976,douyin,海尔 美妆个护 37,家居用品,其他,4021.41,华为,有货,
P-DOUYIN-724718,douyin_9433820,douyin,耐克 电子产品 77,美妆个护,其他,2159.94,海尔,有货,
P-DOUYIN-725653,douyin_5458365,douyin,格力 家居用品 6,运动户外,其他,2748.14,ZARA,有货,
P-DOUYIN-726535,douyin_5738297,douyin,优衣库 服装鞋帽 97,母婴用品,其他,4429.77,海尔,有货,
P-DOUYIN-727505,douyin_7392410,douyin,三星 食品饮料 37,食品饮料,其他,4306.03,华为,有货,
P-DOUYIN-729025,douyin_4476036,douyin,三星 图书文具 59,电子产品,其他,3370.97,Apple,有货,
P-DOUYIN-729822,douyin_2595606,douyin,耐克 美妆个护 49,母婴用品,其他,1422.49,优衣库,有货,
P-DOUYIN-731099,douyin_2024723,douyin,耐克 母婴用品 56,运动户外,其他,4091.91,优衣库,有货,
P-DOUYIN-732287,douyin_3393661,douyin,阿迪达斯 母婴用品 84,运动户外,其他,1779.45,华为,有货,
P-DOUYIN-732297,douyin_5514231,douyin,三星 家居用品 29,服装鞋帽,其他,1827.45,优衣库,有货,
P-DOUYIN-733298,douyin_3697584,douyin,三星 电子产品 24,家居用品,其他,3428.57,华为,有货,
P-DOUYIN-734270,douyin_9071618,douyin,小米 美妆个护 68,母婴用品,其他,3248.24,耐克,有货,
P-DOUYIN-734449,douyin_2071145,douyin,阿迪达斯 图书文具 75,美妆个护,其他,3412.54,三星,有货,
P-DOUYIN-734890,douyin_7667971,douyin,阿迪达斯 图书文具 42,母婴用品,其他,1335.56,格力,有货,
P-DOUYIN-735006,douyin_5067737,douyin,Apple 家居用品 85,美妆个护,其他,2065.43,华为,有货,
P-DOUYIN-735115,douyin_2806583,douyin,华为 电子产品 2,家居用品,其他,3987.08,华为,有货,
P-DOUYIN-736452,douyin_2747605,douyin,小米 运动户外 1,电子产品,其他,1974.48,优衣库,有货,
P-DOUYIN-738630,douyin_1731733,douyin,耐克 电子产品 2,美妆个护,其他,1797.47,华为,有货,
P-DOUYIN-739255,douyin_3622776,douyin,Apple 母婴用品 16,美妆个护,其他,4377.28,海尔,有货,
P-DOUYIN-739461,douyin_3880245,douyin,海尔 图书文具 68,母婴用品,其他,346.08,耐克,有货,
P-DOUYIN-740183,douyin_6778145,douyin,格力 家居用品 54,服装鞋帽,其他,1829.84,ZARA,有货,
P-DOUYIN-740804,douyin_5071846,douyin,三星 图书文具 8,家居用品,其他,3927.28,小米,有货,
P-DOUYIN-741014,douyin_1897816,douyin,三星 服装鞋帽 44,家居用品,其他,3211.22,优衣库,有货,
P-DOUYIN-741865,douyin_2712975,douyin,小米 食品饮料 38,图书文具,其他,4151.29,格力,有货,
P-DOUYIN-742791,douyin_9846738,douyin,海尔 电子产品 37,食品饮料,其他,1996.43,小米,有货,
P-DOUYIN-742988,douyin_4597880,douyin,阿迪达斯 运动户外 51,美妆个护,其他,3554.63,格力,有货,
P-DOUYIN-743315,douyin_6049264,douyin,华为 服装鞋帽 2,电子产品,其他,1824.54,ZARA,有货,
P-DOUYIN-743363,douyin_8281897,douyin,小米 电子产品 58,美妆个护,其他,2136.93,Apple,有货,
P-DOUYIN-744405,douyin_4149922,douyin,小米 母婴用品 1,运动户外,其他,3408.78,Apple,有货,
P-DOUYIN-744443,douyin_5242830,douyin,ZARA 美妆个护 8,电子产品,其他,3402.86,海尔,有货,
P-DOUYIN-744736,douyin_9309770,douyin,三星 家居用品 32,母婴用品,其他,3414.21,华为,有货,
P-DOUYIN-745171,douyin_2433451,douyin,华为 美妆个护 89,图书文具,其他,1708.21,Apple,有货,
P-DOUYIN-745204,douyin_2007832,douyin,格力 母婴用品 62,运动户外,其他,1853.56,阿迪达斯,有货,
P-DOUYIN-746465,douyin_7897525,douyin,格力 美妆个护 3,电子产品,其他,2681.33,海尔,有货,
P-DOUYIN-746669,douyin_5737958,douyin,小米 电子产品 3,家居用品,其他,2155.38,阿迪达斯,有货,
P-DOUYIN-746677,douyin_1760557,douyin,小米 运动户外 49,母婴用品,其他,824.52,耐克,有货,
P-DOUYIN-747149,douyin_3162241,douyin,优衣库 运动户外 46,美妆个护,其他,3789.88,Apple,有货,
P-DOUYIN-751653,douyin_9950092,douyin,ZARA 母婴用品 58,母婴用品,其他,1736.03,海尔,有货,
P-DOUYIN-752388,douyin_9598998,douyin,耐克 食品饮料 45,家居用品,其他,1064.56,ZARA,有货,
P-DOUYIN-752421,douyin_9847269,douyin,优衣库 家居用品 47,母婴用品,其他,1153.06,Apple,有货,
P-DOUYIN-752564,douyin_1882642,douyin,小米 图书文具 93,图书文具,其他,4517.92,ZARA,有货,
P-DOUYIN-752640,douyin_1634253,douyin,优衣库 食品饮料 42,家居用品,其他,258.22,华为,有货,
P-DOUYIN-752679,douyin_2847943,douyin,海尔 图书文具 86,母婴用品,其他,3231.81,优衣库,有货,
P-DOUYIN-752943,douyin_5855554,douyin,格力 家居用品 12,电子产品,其他,2409.47,ZARA,有货,
P-DOUYIN-753635,douyin_9329613,douyin,优衣库 电子产品 44,美妆个护,其他,4180.83,Apple,有货,
P-DOUYIN-753652,douyin_8713440,douyin,格力 服装鞋帽 74,服装鞋帽,其他,3269.53,小米,有货,
P-DOUYIN-753911,douyin_6400892,douyin,耐克 美妆个护 46,母婴用品,其他,2768.58,优衣库,有货,
P-DOUYIN-755411,douyin_7930047,douyin,格力 家居用品 51,食品饮料,其他,3588.31,耐克,有货,
P-DOUYIN-756032,douyin_3134235,douyin,格力 运动户外 63,电子产品,其他,4981.96,阿迪达斯,有货,
P-DOUYIN-756681,douyin_3586852,douyin,优衣库 家居用品 38,家居用品,其他,706.23,小米,有货,
P-DOUYIN-756765,douyin_4515513,douyin,格力 母婴用品 6,运动户外,其他,4656.16,华为,有货,
P-DOUYIN-756956,douyin_1908618,douyin,海尔 电子产品 58,美妆个护,其他,2908.72,三星,有货,
P-DOUYIN-761471,douyin_2123297,douyin,ZARA 食品饮料 14,食品饮料,其他,2997.35,优衣库,有货,
P-DOUYIN-762048,douyin_9652786,douyin,小米 母婴用品 50,电子产品,其他,4119.58,Apple,有货,
P-DOUYIN-762188,douyin_4462051,douyin,优衣库 家居用品 9,运动户外,其他,2547.48,小米,有货,
P-DOUYIN-763436,douyin_2260489,douyin,格力 母婴用品 77,服装鞋帽,其他,2809.75,阿迪达斯,有货,
P-DOUYIN-764997,douyin_9888851,douyin,小米 服装鞋帽 56,电子产品,其他,4817.23,ZARA,有货,
P-DOUYIN-765179,douyin_9595336,douyin,华为 图书文具 64,美妆个护,其他,592.21,ZARA,有货,
P-DOUYIN-765315,douyin_7954921,douyin,华为 家居用品 64,母婴用品,其他,1091.50,耐克,有货,
P-DOUYIN-765906,douyin_5496543,douyin,三星 家居用品 30,运动户外,其他,4603.11,ZARA,有货,
P-DOUYIN-766660,douyin_5918913,douyin,耐克 电子产品 4,美妆个护,其他,4948.48,小米,有货,
P-DOUYIN-767392,douyin_8795300,douyin,小米 图书文具 84,运动户外,其他,501.19,阿迪达斯,有货,
P-DOUYIN-768201,douyin_3040629,douyin,海尔 食品饮料 44,美妆个护,其他,3948.81,优衣库,有货,
P-DOUYIN-768957,douyin_4290406,douyin,三星 电子产品 93,母婴用品,其他,4319.05,阿迪达斯,有货,
P-DOUYIN-769444,douyin_2372761,douyin,阿迪达斯 电子产品 43,美妆个护,其他,635.22,耐克,有货,
P-DOUYIN-770172,douyin_7900142,douyin,优衣库 运动户外 33,食品饮料,其他,1811.80,三星,有货,
P-DOUYIN-770844,douyin_4225856,douyin,ZARA 服装鞋帽 87,运动户外,其他,3118.84,阿迪达斯,有货,
P-DOUYIN-772006,douyin_4672027,douyin,格力 家居用品 95,家居用品,其他,2297.40,耐克,有货,
P-DOUYIN-772381,douyin_2772646,douyin,海尔 服装鞋帽 52,电子产品,其他,3683.75,优衣库,有货,
P-DOUYIN-772651,douyin_7241621,douyin,ZARA 服装鞋帽 99,食品饮料,其他,2271.92,Apple,有货,
P-DOUYIN-773726,douyin_5622295,douyin,小米 图书文具 97,运动户外,其他,2476.75,格力,有货,
P-DOUYIN-774529,douyin_6287934,douyin,优衣库 母婴用品 14,家居用品,其他,1617.89,Apple,有货,
P-DOUYIN-774779,douyin_9844255,douyin,三星 图书文具 18,图书文具,其他,2436.38,华为,有货,
P-DOUYIN-776518,douyin_5632450,douyin,三星 服装鞋帽 96,运动户外,其他,3842.29,Apple,有货,
P-DOUYIN-776772,douyin_5856557,douyin,阿迪达斯 运动户外 100,家居用品,其他,3987.46,优衣库,有货,
P-DOUYIN-778315,douyin_2041194,douyin,小米 运动户外 51,电子产品,其他,4071.51,阿迪达斯,有货,
P-DOUYIN-778661,douyin_6924239,douyin,小米 美妆个护 48,电子产品,其他,4953.42,小米,有货,
P-DOUYIN-778868,douyin_2633766,douyin,Apple 美妆个护 26,食品饮料,其他,1336.36,ZARA,有货,
P-DOUYIN-779746,douyin_9951149,douyin,三星 食品饮料 84,运动户外,其他,3306.40,ZARA,有货,
P-DOUYIN-780311,douyin_4495480,douyin,ZARA 食品饮料 80,食品饮料,其他,2208.11,ZARA,有货,
P-DOUYIN-780543,douyin_7530288,douyin,三星 母婴用品 15,电子产品,其他,1296.08,阿迪达斯,有货,
P-DOUYIN-781163,douyin_6645701,douyin,小米 家居用品 65,家居用品,其他,1216.43,耐克,有货,
P-DOUYIN-782087,douyin_7176005,douyin,阿迪达斯 家居用品 13,母婴用品,其他,2519.55,海尔,有货,
P-DOUYIN-782311,douyin_6593712,douyin,Apple 图书文具 34,服装鞋帽,其他,3075.66,华为,有货,
P-DOUYIN-782665,douyin_9901780,douyin,阿迪达斯 服装鞋帽 88,电子产品,其他,1059.59,ZARA,有货,
P-DOUYIN-784217,douyin_1860097,douyin,Apple 服装鞋帽 79,食品饮料,其他,467.33,三星,有货,
P-DOUYIN-784642,douyin_6652870,douyin,小米 家居用品 79,美妆个护,其他,1830.07,优衣库,有货,
P-DOUYIN-784688,douyin_7956903,douyin,ZARA 美妆个护 34,食品饮料,其他,2427.63,小米,有货,
P-DOUYIN-785397,douyin_7852796,douyin,Apple 图书文具 12,家居用品,其他,2808.70,海尔,有货,
P-DOUYIN-785443,douyin_9845447,douyin,小米 电子产品 81,美妆个护,其他,2838.67,海尔,有货,
P-DOUYIN-785963,douyin_3164518,douyin,ZARA 母婴用品 58,电子产品,其他,3717.93,三星,有货,
P-DOUYIN-786186,douyin_4401330,douyin,Apple 母婴用品 82,服装鞋帽,其他,469.60,海尔,有货,
P-DOUYIN-787822,douyin_6857216,douyin,耐克 家居用品 48,食品饮料,其他,512.53,Apple,有货,
P-DOUYIN-788390,douyin_7333346,douyin,格力 运动户外 69,美妆个护,其他,2659.33,小米,有货,
P-DOUYIN-788978,douyin_6685927,douyin,耐克 美妆个护 25,美妆个护,其他,977.58,格力,有货,
P-DOUYIN-789866,douyin_8316226,douyin,ZARA 母婴用品 25,运动户外,其他,1700.96,华为,有货,
P-DOUYIN-793064,douyin_2028039,douyin,海尔 家居用品 20,母婴用品,其他,2146.32,耐克,有货,
P-DOUYIN-793139,douyin_7401400,douyin,ZARA 电子产品 25,母婴用品,其他,2979.03,三星,有货,
P-DOUYIN-793219,douyin_7773026,douyin,海尔 运动户外 4,运动户外,其他,2343.65,优衣库,有货,
P-DOUYIN-793334,douyin_6816880,douyin,阿迪达斯 服装鞋帽 72,电子产品,其他,3558.45,华为,有货,
P-DOUYIN-793746,douyin_3299405,douyin,阿迪达斯 服装鞋帽 50,电子产品,其他,1896.70,阿迪达斯,有货,
P-DOUYIN-793794,douyin_7465274,douyin,三星 运动户外 80,家居用品,其他,1347.73,格力,有货,
P-DOUYIN-795045,douyin_3581895,douyin,小米 运动户外 78,运动户外,其他,4921.52,耐克,有货,
P-DOUYIN-795123,douyin_3620649,douyin,Apple 美妆个护 52,美妆个护,其他,4533.14,耐克,有货,
P-DOUYIN-795433,douyin_6449556,douyin,Apple 美妆个护 13,图书文具,其他,4010.27,耐克,有货,
P-DOUYIN-795444,douyin_5037590,douyin,Apple 服装鞋帽 54,服装鞋帽,其他,3161.70,ZARA,有货,
P-DOUYIN-796903,douyin_4264120,douyin,三星 服装鞋帽 61,家居用品,其他,2664.34,耐克,有货,
P-DOUYIN-797667,douyin_4540600,douyin,海尔 家居用品 89,家居用品,其他,1925.52,ZARA,有货,
P-DOUYIN-799344,douyin_9271118,douyin,三星 电子产品 59,母婴用品,其他,860.89,ZARA,有货,
P-DOUYIN-802791,douyin_7875969,douyin,ZARA 运动户外 11,美妆个护,其他,2961.76,三星,有货,
P-DOUYIN-805526,douyin_5037674,douyin,耐克 服装鞋帽 21,家居用品,其他,1307.42,耐克,有货,
P-DOUYIN-805644,douyin_5561997,douyin,海尔 运动户外 4,家居用品,其他,1498.26,阿迪达斯,有货,
P-DOUYIN-807243,douyin_4406310,douyin,耐克 家居用品 41,服装鞋帽,其他,1406.85,小米,有货,
P-DOUYIN-807328,douyin_2886828,douyin,Apple 服装鞋帽 94,图书文具,其他,1511.70,阿迪达斯,有货,
P-DOUYIN-807813,douyin_8031170,douyin,阿迪达斯 食品饮料 81,美妆个护,其他,1219.20,ZARA,有货,
P-DOUYIN-808313,douyin_7845785,douyin,耐克 家居用品 40,服装鞋帽,其他,4198.01,小米,有货,
P-DOUYIN-809193,douyin_4376257,douyin,优衣库 电子产品 5,电子产品,其他,147.59,海尔,有货,
P-DOUYIN-809229,douyin_4466542,douyin,阿迪达斯 运动户外 87,图书文具,其他,4488.58,Apple,有货,
P-DOUYIN-809614,douyin_7416639,douyin,华为 图书文具 40,服装鞋帽,其他,2043.70,阿迪达斯,有货,
P-DOUYIN-810032,douyin_5360592,douyin,格力 电子产品 28,图书文具,其他,1268.26,ZARA,有货,
P-DOUYIN-810993,douyin_3675035,douyin,小米 美妆个护 81,图书文具,其他,4421.34,ZARA,有货,
P-DOUYIN-811106,douyin_6470610,douyin,格力 家居用品 11,运动户外,其他,4037.97,阿迪达斯,有货,
P-DOUYIN-811242,douyin_2201213,douyin,优衣库 家居用品 60,图书文具,其他,1559.26,小米,有货,
P-DOUYIN-812583,douyin_6573551,douyin,Apple 运动户外 6,服装鞋帽,其他,4330.57,ZARA,有货,
P-DOUYIN-813370,douyin_3042317,douyin,阿迪达斯 母婴用品 39,美妆个护,其他,2798.88,小米,有货,
P-DOUYIN-814217,douyin_8079373,douyin,海尔 家居用品 25,家居用品,其他,4890.34,Apple,有货,
P-DOUYIN-814393,douyin_6079009,douyin,ZARA 美妆个护 55,母婴用品,其他,3671.30,Apple,有货,
P-DOUYIN-815041,douyin_3615511,douyin,三星 服装鞋帽 82,电子产品,其他,3194.23,阿迪达斯,有货,
P-DOUYIN-817495,douyin_4945864,douyin,海尔 服装鞋帽 14,食品饮料,其他,2196.91,ZARA,有货,
P-DOUYIN-817737,douyin_6182825,douyin,ZARA 图书文具 34,食品饮料,其他,298.97,小米,有货,
P-DOUYIN-820840,douyin_7525863,douyin,耐克 运动户外 43,美妆个护,其他,4955.79,ZARA,有货,
P-DOUYIN-821510,douyin_6634243,douyin,Apple 电子产品 40,美妆个护,其他,363.43,华为,有货,
P-DOUYIN-822088,douyin_2452260,douyin,格力 服装鞋帽 90,美妆个护,其他,1307.74,海尔,有货,
P-DOUYIN-822233,douyin_9049884,douyin,三星 电子产品 49,图书文具,其他,1975.56,海尔,有货,
P-DOUYIN-822572,douyin_5556094,douyin,ZARA 家居用品 97,家居用品,其他,2947.97,ZARA,有货,
P-DOUYIN-823390,douyin_4739470,douyin,三星 电子产品 24,运动户外,其他,2943.76,阿迪达斯,有货,
P-DOUYIN-823391,douyin_4490892,douyin,华为 家居用品 41,食品饮料,其他,2289.96,Apple,有货,
P-DOUYIN-824101,douyin_4284545,douyin,阿迪达斯 母婴用品 96,图书文具,其他,3458.11,小米,有货,
P-DOUYIN-824115,douyin_5942312,douyin,海尔 图书文具 44,电子产品,其他,194.64,华为,有货,
P-DOUYIN-824239,douyin_3667779,douyin,优衣库 电子产品 41,图书文具,其他,95.21,海尔,有货,
P-DOUYIN-824394,douyin_4678173,douyin,海尔 图书文具 48,美妆个护,其他,2470.63,三星,有货,
P-DOUYIN-824857,douyin_3160240,douyin,小米 运动户外 3,母婴用品,其他,4771.58,三星,有货,
P-DOUYIN-830479,douyin_4209133,douyin,优衣库 家居用品 79,食品饮料,其他,4212.72,阿迪达斯,有货,
P-DOUYIN-831247,douyin_5772399,douyin,小米 服装鞋帽 20,服装鞋帽,其他,4881.19,小米,有货,
P-DOUYIN-832355,douyin_1558294,douyin,三星 母婴用品 39,母婴用品,其他,1885.10,ZARA,有货,
P-DOUYIN-833323,douyin_7948490,douyin,格力 美妆个护 67,食品饮料,其他,734.25,ZARA,有货,
P-DOUYIN-833561,douyin_4739816,douyin,华为 美妆个护 93,美妆个护,其他,4361.10,格力,有货,
P-DOUYIN-833845,douyin_9750084,douyin,耐克 母婴用品 13,电子产品,其他,1987.90,小米,有货,
P-DOUYIN-834334,douyin_2142176,douyin,优衣库 运动户外 12,运动户外,其他,781.13,三星,有货,
P-DOUYIN-834693,douyin_7420002,douyin,小米 母婴用品 38,运动户外,其他,285.74,三星,有货,
P-DOUYIN-834739,douyin_5548454,douyin,海尔 家居用品 88,母婴用品,其他,4996.22,小米,有货,
P-DOUYIN-834807,douyin_8723015,douyin,ZARA 母婴用品 4,图书文具,其他,4785.21,ZARA,有货,
P-DOUYIN-835947,douyin_7614159,douyin,海尔 图书文具 63,服装鞋帽,其他,470.64,小米,有货,
P-DOUYIN-836203,douyin_7865547,douyin,海尔 电子产品 1,食品饮料,其他,851.22,三星,有货,
P-DOUYIN-836765,douyin_6352554,douyin,Apple 美妆个护 38,图书文具,其他,668.26,华为,有货,
P-DOUYIN-837576,douyin_8503341,douyin,小米 食品饮料 13,母婴用品,其他,3550.92,ZARA,有货,
P-DOUYIN-838058,douyin_6065069,douyin,华为 家居用品 93,食品饮料,其他,3241.16,耐克,有货,
P-DOUYIN-838237,douyin_4590608,douyin,海尔 运动户外 100,食品饮料,其他,2632.42,华为,有货,
P-DOUYIN-839155,douyin_7023141,douyin,Apple 运动户外 56,运动户外,其他,823.80,三星,有货,
P-DOUYIN-839473,douyin_1206629,douyin,华为 运动户外 70,母婴用品,其他,1248.89,格力,有货,
P-DOUYIN-841015,douyin_7959208,douyin,优衣库 美妆个护 89,家居用品,其他,4282.29,小米,有货,
P-DOUYIN-842872,douyin_6324582,douyin,小米 母婴用品 22,食品饮料,其他,3322.59,海尔,有货,
P-DOUYIN-843593,douyin_8803475,douyin,阿迪达斯 美妆个护 75,图书文具,其他,4178.10,格力,有货,
P-DOUYIN-844730,douyin_1657328,douyin,耐克 运动户外 59,电子产品,其他,1993.45,华为,有货,
P-DOUYIN-845935,douyin_4487537,douyin,华为 食品饮料 83,美妆个护,其他,1862.61,海尔,有货,
P-DOUYIN-846808,douyin_9750886,douyin,小米 运动户外 59,图书文具,其他,4354.77,优衣库,有货,
P-DOUYIN-847202,douyin_7972686,douyin,华为 食品饮料 17,食品饮料,其他,682.61,阿迪达斯,有货,
P-DOUYIN-847823,douyin_2968722,douyin,格力 美妆个护 93,美妆个护,其他,736.34,三星,有货,
P-DOUYIN-848958,douyin_7636558,douyin,阿迪达斯 电子产品 35,电子产品,其他,4442.16,海尔,有货,
P-DOUYIN-850372,douyin_8155536,douyin,ZARA 美妆个护 59,图书文具,其他,3704.47,耐克,有货,
P-DOUYIN-851334,douyin_7399357,douyin,海尔 运动户外 12,电子产品,其他,100.29,海尔,有货,
P-DOUYIN-852063,douyin_3082406,douyin,海尔 图书文具 56,图书文具,其他,4653.34,ZARA,有货,
P-DOUYIN-852138,douyin_7177687,douyin,阿迪达斯 服装鞋帽 40,食品饮料,其他,4116.32,阿迪达斯,有货,
P-DOUYIN-853240,douyin_8878075,douyin,小米 母婴用品 21,美妆个护,其他,2020.28,Apple,有货,
P-DOUYIN-855345,douyin_3355288,douyin,Apple 美妆个护 99,服装鞋帽,其他,3690.54,三星,有货,
P-DOUYIN-855448,douyin_5462440,douyin,小米 美妆个护 98,美妆个护,其他,4970.29,ZARA,有货,
P-DOUYIN-856212,douyin_9653414,douyin,海尔 母婴用品 15,家居用品,其他,764.76,小米,有货,
P-DOUYIN-859343,douyin_9722473,douyin,ZARA 家居用品 85,母婴用品,其他,4799.29,格力,有货,
P-DOUYIN-860042,douyin_7725563,douyin,格力 图书文具 57,服装鞋帽,其他,684.99,优衣库,有货,
P-DOUYIN-860142,douyin_4797527,douyin,华为 美妆个护 68,电子产品,其他,591.95,优衣库,有货,
P-DOUYIN-861062,douyin_9492346,douyin,优衣库 服装鞋帽 89,美妆个护,其他,1445.91,华为,有货,
P-DOUYIN-861450,douyin_6567711,douyin,海尔 电子产品 41,运动户外,其他,2993.78,华为,有货,
P-DOUYIN-863925,douyin_2994049,douyin,华为 食品饮料 37,服装鞋帽,其他,3139.60,阿迪达斯,有货,
P-DOUYIN-864186,douyin_3575119,douyin,ZARA 运动户外 50,服装鞋帽,其他,4932.11,海尔,有货,
P-DOUYIN-865604,douyin_4101065,douyin,耐克 母婴用品 37,服装鞋帽,其他,4209.03,华为,有货,
P-DOUYIN-866916,douyin_6732235,douyin,耐克 美妆个护 2,家居用品,其他,2288.69,阿迪达斯,有货,
P-DOUYIN-867882,douyin_9041521,douyin,ZARA 家居用品 15,美妆个护,其他,249.43,阿迪达斯,有货,
P-DOUYIN-868965,douyin_2311371,douyin,三星 食品饮料 81,电子产品,其他,3973.75,三星,有货,
P-DOUYIN-869806,douyin_1374459,douyin,优衣库 运动户外 44,运动户外,其他,4578.57,华为,有货,
P-DOUYIN-870076,douyin_4535609,douyin,三星 图书文具 54,服装鞋帽,其他,3227.74,Apple,有货,
P-DOUYIN-870531,douyin_8481892,douyin,耐克 食品饮料 28,运动户外,其他,658.89,三星,有货,
P-DOUYIN-871560,douyin_4690017,douyin,耐克 服装鞋帽 82,食品饮料,其他,1348.19,小米,有货,
P-DOUYIN-872027,douyin_6310730,douyin,三星 运动户外 16,服装鞋帽,其他,936.89,海尔,有货,
P-DOUYIN-872259,douyin_6412023,douyin,海尔 服装鞋帽 70,食品饮料,其他,1060.27,小米,有货,
P-DOUYIN-873778,douyin_9170259,douyin,Apple 美妆个护 33,图书文具,其他,4759.23,Apple,有货,
P-DOUYIN-875879,douyin_7475593,douyin,三星 图书文具 50,食品饮料,其他,4577.47,ZARA,有货,
P-DOUYIN-876847,douyin_1462596,douyin,优衣库 美妆个护 59,美妆个护,其他,3432.17,阿迪达斯,有货,
P-DOUYIN-877417,douyin_3460626,douyin,耐克 服装鞋帽 39,美妆个护,其他,1123.80,三星,有货,
P-DOUYIN-877807,douyin_9214361,douyin,优衣库 美妆个护 62,运动户外,其他,4105.88,华为,有货,
P-DOUYIN-880410,douyin_4480896,douyin,格力 母婴用品 38,运动户外,其他,1816.04,华为,有货,
P-DOUYIN-880530,douyin_5592649,douyin,阿迪达斯 美妆个护 97,服装鞋帽,其他,340.09,优衣库,有货,
P-DOUYIN-882815,douyin_2232676,douyin,海尔 食品饮料 35,图书文具,其他,1481.44,耐克,有货,
P-DOUYIN-883214,douyin_7489869,douyin,Apple 美妆个护 60,电子产品,其他,112.84,格力,有货,
P-DOUYIN-883468,douyin_2973800,douyin,耐克 电子产品 78,美妆个护,其他,3065.36,三星,有货,
P-DOUYIN-884024,douyin_3275298,douyin,格力 电子产品 41,美妆个护,其他,3044.83,小米,有货,
P-DOUYIN-884407,douyin_1940603,douyin,华为 美妆个护 74,电子产品,其他,1851.72,华为,有货,
P-DOUYIN-885524,douyin_2761127,douyin,三星 美妆个护 17,服装鞋帽,其他,485.87,优衣库,有货,
P-DOUYIN-886282,douyin_4464033,douyin,Apple 食品饮料 14,服装鞋帽,其他,1756.60,小米,有货,
P-DOUYIN-888437,douyin_3731171,douyin,耐克 家居用品 15,家居用品,其他,263.61,耐克,有货,
P-DOUYIN-888849,douyin_6508912,douyin,小米 母婴用品 70,食品饮料,其他,3333.62,三星,有货,
P-DOUYIN-888863,douyin_2999299,douyin,格力 家居用品 78,电子产品,其他,3101.02,华为,有货,
P-DOUYIN-889974,douyin_5728837,douyin,华为 美妆个护 1,食品饮料,其他,2656.85,格力,有货,
P-DOUYIN-890604,douyin_7528448,douyin,耐克 母婴用品 65,美妆个护,其他,3954.91,优衣库,有货,
P-DOUYIN-892044,douyin_6419916,douyin,格力 母婴用品 10,家居用品,其他,2621.53,ZARA,有货,
P-DOUYIN-893031,douyin_5410804,douyin,耐克 家居用品 95,美妆个护,其他,2863.54,阿迪达斯,有货,
P-DOUYIN-893076,douyin_7266255,douyin,华为 电子产品 55,母婴用品,其他,4379.72,阿迪达斯,有货,
P-DOUYIN-893752,douyin_6345940,douyin,格力 图书文具 51,美妆个护,其他,1014.66,华为,有货,
P-DOUYIN-894165,douyin_6745377,douyin,Apple 家居用品 92,运动户外,其他,240.27,优衣库,有货,
P-DOUYIN-894289,douyin_6562799,douyin,三星 家居用品 72,电子产品,其他,1266.35,耐克,有货,
P-DOUYIN-894622,douyin_5389713,douyin,华为 运动户外 44,家居用品,其他,84.82,Apple,有货,
P-DOUYIN-894906,douyin_5811238,douyin,ZARA 美妆个护 4,母婴用品,其他,2609.06,华为,有货,
P-DOUYIN-896319,douyin_8751999,douyin,小米 电子产品 79,电子产品,其他,2115.89,海尔,有货,
P-DOUYIN-896365,douyin_8677737,douyin,Apple 图书文具 25,电子产品,其他,2091.33,小米,有货,
P-DOUYIN-896459,douyin_9248102,douyin,耐克 图书文具 97,食品饮料,其他,3616.95,三星,有货,
P-DOUYIN-897180,douyin_1342333,douyin,阿迪达斯 美妆个护 80,服装鞋帽,其他,395.21,ZARA,有货,
P-DOUYIN-899712,douyin_5902820,douyin,小米 家居用品 39,食品饮料,其他,3938.69,格力,有货,
P-DOUYIN-900546,douyin_3701879,douyin,三星 运动户外 45,家居用品,其他,3066.00,海尔,有货,
P-DOUYIN-900687,douyin_3048138,douyin,小米 美妆个护 96,母婴用品,其他,614.22,阿迪达斯,有货,
P-DOUYIN-900906,douyin_4748718,douyin,华为 美妆个护 40,运动户外,其他,3597.86,华为,有货,
P-DOUYIN-901242,douyin_1996044,douyin,格力 美妆个护 99,运动户外,其他,2211.47,华为,有货,
P-DOUYIN-902308,douyin_4583106,douyin,阿迪达斯 服装鞋帽 28,服装鞋帽,其他,1947.81,海尔,有货,
P-DOUYIN-903494,douyin_8205942,douyin,华为 电子产品 3,食品饮料,其他,359.85,Apple,有货,
P-DOUYIN-904192,douyin_1581713,douyin,三星 食品饮料 30,美妆个护,其他,2226.22,海尔,有货,
P-DOUYIN-904783,douyin_8158091,douyin,耐克 图书文具 46,美妆个护,其他,175.35,三星,有货,
P-DOUYIN-905940,douyin_1100460,douyin,格力 美妆个护 31,图书文具,其他,2921.17,三星,有货,
P-DOUYIN-906473,douyin_7825760,douyin,海尔 家居用品 54,电子产品,其他,3645.70,耐克,有货,
P-DOUYIN-908808,douyin_3964756,douyin,格力 服装鞋帽 17,服装鞋帽,其他,924.48,格力,有货,
P-DOUYIN-909297,douyin_7442364,douyin,小米 运动户外 26,食品饮料,其他,1556.44,优衣库,有货,
P-DOUYIN-910199,douyin_6953914,douyin,Apple 服装鞋帽 45,服装鞋帽,其他,89.86,华为,有货,
P-DOUYIN-911194,douyin_9954262,douyin,华为 食品饮料 94,食品饮料,其他,3748.28,格力,有货,
P-DOUYIN-913103,douyin_2140697,douyin,耐克 美妆个护 95,母婴用品,其他,2987.86,阿迪达斯,有货,
P-DOUYIN-913459,douyin_1293644,douyin,小米 家居用品 81,母婴用品,其他,1590.04,格力,有货,
P-DOUYIN-914203,douyin_9434885,douyin,优衣库 图书文具 37,图书文具,其他,1505.63,海尔,有货,
P-DOUYIN-914762,douyin_3728005,douyin,ZARA 食品饮料 62,母婴用品,其他,3057.52,优衣库,有货,
P-DOUYIN-915403,douyin_3000367,douyin,优衣库 食品饮料 8,图书文具,其他,2881.82,格力,有货,
P-DOUYIN-916218,douyin_4006693,douyin,ZARA 服装鞋帽 79,母婴用品,其他,2894.14,海尔,有货,
P-DOUYIN-916418,douyin_9858421,douyin,阿迪达斯 美妆个护 54,服装鞋帽,其他,4601.37,三星,有货,
P-DOUYIN-917207,douyin_2309760,douyin,阿迪达斯 运动户外 34,运动户外,其他,3290.72,ZARA,有货,
P-DOUYIN-919460,douyin_6418858,douyin,小米 图书文具 66,电子产品,其他,1780.89,三星,有货,
P-DOUYIN-920792,douyin_7287015,douyin,优衣库 电子产品 67,电子产品,其他,3123.60,格力,有货,
P-DOUYIN-921410,douyin_7471819,douyin,格力 图书文具 58,图书文具,其他,4841.84,优衣库,有货,
P-DOUYIN-922891,douyin_4743272,douyin,海尔 图书文具 89,电子产品,其他,198.98,阿迪达斯,有货,
P-DOUYIN-923258,douyin_1539043,douyin,阿迪达斯 运动户外 89,图书文具,其他,1987.42,小米,有货,
P-DOUYIN-924277,douyin_4423763,douyin,ZARA 家居用品 69,服装鞋帽,其他,3077.82,阿迪达斯,有货,
P-DOUYIN-924288,douyin_3436216,douyin,优衣库 电子产品 45,母婴用品,其他,1237.52,海尔,有货,
P-DOUYIN-924735,douyin_7451879,douyin,海尔 图书文具 20,母婴用品,其他,4750.99,阿迪达斯,有货,
P-DOUYIN-924757,douyin_3027234,douyin,华为 母婴用品 83,图书文具,其他,1127.91,ZARA,有货,
P-DOUYIN-926368,douyin_7906795,douyin,三星 家居用品 22,服装鞋帽,其他,1117.74,阿迪达斯,有货,
P-DOUYIN-926569,douyin_9326192,douyin,ZARA 电子产品 82,服装鞋帽,其他,2715.16,耐克,有货,
P-DOUYIN-927475,douyin_1562134,douyin,小米 家居用品 64,家居用品,其他,1612.77,ZARA,有货,
P-DOUYIN-928594,douyin_2587208,douyin,海尔 美妆个护 16,美妆个护,其他,1827.76,格力,有货,
P-DOUYIN-928884,douyin_9681069,douyin,华为 运动户外 51,美妆个护,其他,1591.14,ZARA,有货,
P-DOUYIN-928899,douyin_9390710,douyin,三星 母婴用品 67,服装鞋帽,其他,4927.84,ZARA,有货,
P-DOUYIN-929219,douyin_1837759,douyin,华为 母婴用品 89,图书文具,其他,3133.99,耐克,有货,
P-DOUYIN-929293,douyin_1934591,douyin,海尔 图书文具 31,美妆个护,其他,3248.99,华为,有货,
P-DOUYIN-929298,douyin_9041924,douyin,耐克 图书文具 34,电子产品,其他,3201.48,ZARA,有货,
P-DOUYIN-929481,douyin_2192262,douyin,耐克 家居用品 50,美妆个护,其他,2434.94,耐克,有货,
P-DOUYIN-930293,douyin_4813174,douyin,三星 食品饮料 38,家居用品,其他,2186.15,格力,有货,
P-DOUYIN-931366,douyin_2757586,douyin,优衣库 服装鞋帽 99,母婴用品,其他,736.65,ZARA,有货,
P-DOUYIN-932087,douyin_6490939,douyin,ZARA 食品饮料 15,服装鞋帽,其他,3818.42,华为,有货,
P-DOUYIN-932236,douyin_5615232,douyin,Apple 美妆个护 78,运动户外,其他,1478.68,Apple,有货,
P-DOUYIN-932305,douyin_9786029,douyin,三星 美妆个护 37,电子产品,其他,844.35,优衣库,有货,
P-DOUYIN-934051,douyin_2190304,douyin,Apple 家居用品 22,母婴用品,其他,4778.56,格力,有货,
P-DOUYIN-934286,douyin_8450960,douyin,小米 美妆个护 29,母婴用品,其他,2495.49,优衣库,有货,
P-DOUYIN-934340,douyin_3992151,douyin,小米 食品饮料 64,图书文具,其他,3846.89,耐克,有货,
P-DOUYIN-936929,douyin_1514744,douyin,Apple 电子产品 26,母婴用品,其他,2504.53,小米,有货,
P-DOUYIN-938111,douyin_6156934,douyin,小米 服装鞋帽 81,食品饮料,其他,2938.27,耐克,有货,
P-DOUYIN-940577,douyin_3271665,douyin,海尔 电子产品 55,食品饮料,其他,1266.85,小米,有货,
P-DOUYIN-940971,douyin_5085768,douyin,耐克 图书文具 96,服装鞋帽,其他,1180.29,华为,有货,
P-DOUYIN-941066,douyin_8715966,douyin,阿迪达斯 母婴用品 32,母婴用品,其他,4981.78,华为,有货,
P-DOUYIN-941304,douyin_5767934,douyin,阿迪达斯 母婴用品 7,服装鞋帽,其他,202.55,Apple,有货,
P-DOUYIN-941358,douyin_4749105,douyin,ZARA 食品饮料 36,服装鞋帽,其他,1297.31,海尔,有货,
P-DOUYIN-943569,douyin_5241710,douyin,三星 图书文具 41,食品饮料,其他,4865.96,三星,有货,
P-DOUYIN-945136,douyin_3156223,douyin,阿迪达斯 母婴用品 78,美妆个护,其他,3892.02,ZARA,有货,
P-DOUYIN-946133,douyin_8716884,douyin,优衣库 运动户外 87,服装鞋帽,其他,2865.06,海尔,有货,
P-DOUYIN-947431,douyin_8727631,douyin,阿迪达斯 母婴用品 33,母婴用品,其他,4521.71,ZARA,有货,
P-DOUYIN-947540,douyin_4890294,douyin,优衣库 运动户外 6,家居用品,其他,3704.09,海尔,有货,
P-DOUYIN-947619,douyin_7781317,douyin,华为 美妆个护 35,服装鞋帽,其他,2986.27,阿迪达斯,有货,
P-DOUYIN-949457,douyin_1657950,douyin,小米 美妆个护 93,电子产品,其他,120.65,格力,有货,
P-DOUYIN-949592,douyin_1450814,douyin,格力 食品饮料 1,电子产品,其他,3855.43,三星,有货,
P-DOUYIN-950839,douyin_3055042,douyin,小米 美妆个护 7,母婴用品,其他,3111.54,海尔,有货,
P-DOUYIN-950941,douyin_7827390,douyin,优衣库 电子产品 30,美妆个护,其他,2891.34,优衣库,有货,
P-DOUYIN-951347,douyin_9469707,douyin,华为 电子产品 100,美妆个护,其他,3883.00,小米,有货,
P-DOUYIN-952514,douyin_7564216,douyin,格力 图书文具 60,电子产品,其他,161.48,三星,有货,
P-DOUYIN-952666,douyin_2952163,douyin,Apple 美妆个护 70,电子产品,其他,1753.83,ZARA,有货,
P-DOUYIN-953024,douyin_7100876,douyin,小米 图书文具 48,运动户外,其他,3229.71,ZARA,有货,
P-DOUYIN-953747,douyin_9180196,douyin,华为 运动户外 24,图书文具,其他,410.83,ZARA,有货,
P-DOUYIN-954980,douyin_1171090,douyin,耐克 食品饮料 90,家居用品,其他,3203.92,格力,有货,
P-DOUYIN-956114,douyin_6976920,douyin,Apple 服装鞋帽 38,图书文具,其他,1166.73,耐克,有货,
P-DOUYIN-957456,douyin_5225974,douyin,三星 运动户外 50,图书文具,其他,4629.86,华为,有货,
P-DOUYIN-958386,douyin_6974683,douyin,ZARA 电子产品 52,图书文具,其他,4763.40,小米,有货,
P-DOUYIN-960414,douyin_9974419,douyin,格力 图书文具 93,电子产品,其他,1487.44,格力,有货,
P-DOUYIN-961419,douyin_5815731,douyin,耐克 图书文具 29,电子产品,其他,3106.00,ZARA,有货,
P-DOUYIN-961663,douyin_8110401,douyin,耐克 食品饮料 40,美妆个护,其他,3252.36,优衣库,有货,
P-DOUYIN-962628,douyin_1003644,douyin,Apple 运动户外 87,母婴用品,其他,2467.39,海尔,有货,
P-DOUYIN-963052,douyin_4448205,douyin,ZARA 图书文具 62,美妆个护,其他,3755.87,优衣库,有货,
P-DOUYIN-964746,douyin_6886516,douyin,Apple 食品饮料 61,服装鞋帽,其他,2895.53,耐克,有货,
P-DOUYIN-966871,douyin_5659704,douyin,耐克 运动户外 61,美妆个护,其他,1974.74,阿迪达斯,有货,
P-DOUYIN-967008,douyin_3380444,douyin,Apple 家居用品 65,美妆个护,其他,2147.37,三星,有货,
P-DOUYIN-967083,douyin_7938273,douyin,耐克 母婴用品 50,电子产品,其他,1278.14,三星,有货,
P-DOUYIN-968337,douyin_7593350,douyin,格力 母婴用品 6,图书文具,其他,2435.93,Apple,有货,
P-DOUYIN-969233,douyin_3687505,douyin,ZARA 服装鞋帽 29,电子产品,其他,2690.67,Apple,有货,
P-DOUYIN-970572,douyin_7446529,douyin,海尔 家居用品 12,电子产品,其他,1754.51,阿迪达斯,有货,
P-DOUYIN-970978,douyin_1160213,douyin,小米 图书文具 93,电子产品,其他,3063.44,优衣库,有货,
P-DOUYIN-972947,douyin_1760643,douyin,小米 图书文具 67,母婴用品,其他,3809.44,海尔,有货,
P-DOUYIN-973694,douyin_9576709,douyin,海尔 母婴用品 38,美妆个护,其他,4597.73,三星,有货,
P-DOUYIN-973940,douyin_6392089,douyin,优衣库 服装鞋帽 2,图书文具,其他,863.86,Apple,有货,
P-DOUYIN-974411,douyin_7773884,douyin,Apple 电子产品 92,图书文具,其他,1178.67,阿迪达斯,有货,
P-DOUYIN-975114,douyin_5446939,douyin,海尔 美妆个护 60,食品饮料,其他,1914.62,格力,有货,
P-DOUYIN-975502,douyin_5724680,douyin,阿迪达斯 电子产品 6,运动户外,其他,4436.88,优衣库,有货,
P-DOUYIN-976464,douyin_3552721,douyin,Apple 图书文具 84,服装鞋帽,其他,1915.74,ZARA,有货,
P-DOUYIN-977387,douyin_4572282,douyin,小米 家居用品 94,电子产品,其他,1022.77,三星,有货,
P-DOUYIN-977722,douyin_5557639,douyin,阿迪达斯 服装鞋帽 12,图书文具,其他,2903.94,格力,有货,
P-DOUYIN-978114,douyin_8802873,douyin,阿迪达斯 母婴用品 74,食品饮料,其他,3774.04,格力,有货,
P-DOUYIN-980406,douyin_2080317,douyin,优衣库 母婴用品 7,服装鞋帽,其他,1706.51,优衣库,有货,
P-DOUYIN-981333,douyin_3361502,douyin,阿迪达斯 食品饮料 44,家居用品,其他,4877.08,优衣库,有货,
P-DOUYIN-981767,douyin_9794952,douyin,阿迪达斯 食品饮料 96,运动户外,其他,2166.53,优衣库,有货,
P-DOUYIN-982620,douyin_2059891,douyin,格力 图书文具 15,美妆个护,其他,115.14,阿迪达斯,有货,
P-DOUYIN-983115,douyin_4441624,douyin,阿迪达斯 图书文具 35,图书文具,其他,2161.14,ZARA,有货,
P-DOUYIN-983946,douyin_3897562,douyin,阿迪达斯 图书文具 96,母婴用品,其他,3874.46,海尔,有货,
P-DOUYIN-984439,douyin_6624294,douyin,Apple 服装鞋帽 51,美妆个护,其他,1749.70,三星,有货,
P-DOUYIN-984501,douyin_3081474,douyin,格力 食品饮料 84,电子产品,其他,4579.34,三星,有货,
P-DOUYIN-985863,douyin_2732549,douyin,Apple 家居用品 8,电子产品,其他,2552.80,海尔,有货,
P-DOUYIN-986441,douyin_9475442,douyin,耐克 服装鞋帽 64,美妆个护,其他,3521.45,三星,有货,
P-DOUYIN-987610,douyin_1695169,douyin,ZARA 美妆个护 16,食品饮料,其他,3302.99,阿迪达斯,有货,
P-DOUYIN-987841,douyin_3984959,douyin,海尔 电子产品 70,图书文具,其他,3831.61,海尔,有货,
P-DOUYIN-989971,douyin_9192944,douyin,优衣库 家居用品 11,运动户外,其他,3182.20,耐克,有货,
P-DOUYIN-990557,douyin_2401120,douyin,耐克 美妆个护 85,美妆个护,其他,1539.13,华为,有货,
P-DOUYIN-991318,douyin_7737671,douyin,Apple 家居用品 32,食品饮料,其他,2909.83,格力,有货,
P-DOUYIN-993292,douyin_6111983,douyin,ZARA 美妆个护 61,母婴用品,其他,4134.10,海尔,有货,
P-DOUYIN-994305,douyin_1074800,douyin,优衣库 运动户外 59,电子产品,其他,1900.85,ZARA,有货,
P-DOUYIN-995226,douyin_2320175,douyin,ZARA 食品饮料 88,运动户外,其他,1347.76,耐克,有货,
P-DOUYIN-995250,douyin_6344944,douyin,阿迪达斯 电子产品 99,运动户外,其他,3380.93,小米,有货,
P-DOUYIN-995260,douyin_7163741,douyin,格力 服装鞋帽 88,母婴用品,其他,2952.22,华为,有货,
P-DOUYIN-996803,douyin_6155841,douyin,三星 图书文具 70,美妆个护,其他,4550.85,三星,有货,
P-DOUYIN-996979,douyin_1340868,douyin,Apple 食品饮料 99,电子产品,其他,967.98,小米,有货,
P-DOUYIN-997701,douyin_7600969,douyin,格力 电子产品 53,电子产品,其他,4211.60,ZARA,有货,
P-DOUYIN-998206,douyin_5891243,douyin,海尔 食品饮料 72,母婴用品,其他,543.31,Apple,有货,
P-DOUYIN-998643,douyin_5587665,douyin,优衣库 美妆个护 28,食品饮料,其他,2443.32,海尔,有货,
P-DOUYIN-998914,douyin_8559790,douyin,ZARA 图书文具 19,家居用品,其他,1371.70,格力,有货,
P-DOUYIN-999136,douyin_8774579,douyin,华为 服装鞋帽 13,家居用品,其他,2046.24,耐克,有货,
P-DOUYIN-999415,douyin_3966487,douyin,Apple 美妆个护 41,服装鞋帽,其他,2069.09,华为,有货,
P-DOUYIN-999425,douyin_4764680,douyin,耐克 运动户外 53,图书文具,其他,683.38,华为,有货,
P-JD-100160,jd_4931265,jd,Apple 服装鞋帽 89,运动户外,其他,3723.07,华为,有货,
P-JD-101291,jd_3849102,jd,三星 食品饮料 79,电子产品,其他,1564.48,海尔,有货,
P-JD-101892,jd_3874457,jd,耐克 服装鞋帽 7,图书文具,其他,4002.41,优衣库,有货,
P-JD-102342,jd_3040130,jd,海尔 运动户外 53,运动户外,其他,3664.26,华为,有货,
P-JD-102357,jd_4604150,jd,耐克 美妆个护 15,家居用品,其他,1194.55,优衣库,有货,
P-JD-103103,jd_8829627,jd,格力 运动户外 18,食品饮料,其他,2575.62,优衣库,有货,
P-JD-104924,jd_8090716,jd,优衣库 服装鞋帽 69,图书文具,其他,3883.12,优衣库,有货,
P-JD-105587,jd_5530588,jd,Apple 家居用品 71,运动户外,其他,4654.24,阿迪达斯,有货,
P-JD-108161,jd_4362520,jd,Apple 服装鞋帽 33,母婴用品,其他,3202.79,格力,有货,
P-JD-109203,jd_3590353,jd,优衣库 母婴用品 11,食品饮料,其他,4606.27,阿迪达斯,有货,
P-JD-109398,jd_3865781,jd,华为 图书文具 45,电子产品,其他,1652.29,海尔,有货,
P-JD-109404,jd_8277436,jd,优衣库 运动户外 46,家居用品,其他,1671.86,华为,有货,
P-JD-110027,jd_8050515,jd,格力 运动户外 83,服装鞋帽,其他,1696.83,优衣库,有货,
P-JD-110804,jd_2287438,jd,格力 美妆个护 22,母婴用品,其他,2065.62,优衣库,有货,
P-JD-111728,jd_8396579,jd,阿迪达斯 服装鞋帽 21,服装鞋帽,其他,827.83,ZARA,有货,
P-JD-112053,jd_9513239,jd,Apple 图书文具 28,食品饮料,其他,4909.46,耐克,有货,
P-JD-112573,jd_4164880,jd,华为 家居用品 34,家居用品,其他,2932.37,ZARA,有货,
P-JD-112762,jd_2331917,jd,三星 图书文具 85,服装鞋帽,其他,3948.40,Apple,有货,
P-JD-112884,jd_9787447,jd,耐克 食品饮料 25,美妆个护,其他,1618.44,耐克,有货,
P-JD-112961,jd_6566158,jd,华为 美妆个护 57,家居用品,其他,2998.83,Apple,有货,
P-JD-113444,jd_4091469,jd,小米 电子产品 90,母婴用品,其他,4023.16,Apple,有货,
P-JD-113475,jd_5217874,jd,优衣库 食品饮料 84,美妆个护,其他,3930.05,海尔,有货,
P-JD-116334,jd_3175307,jd,耐克 运动户外 38,母婴用品,其他,154.99,三星,有货,
P-JD-116366,jd_7494960,jd,小米 食品饮料 74,母婴用品,其他,1180.45,耐克,有货,
P-JD-116586,jd_2055524,jd,海尔 电子产品 83,美妆个护,其他,4746.44,优衣库,有货,
P-JD-116949,jd_5451688,jd,格力 服装鞋帽 68,母婴用品,其他,2811.83,耐克,有货,
P-JD-117626,jd_3948214,jd,三星 家居用品 79,美妆个护,其他,1956.17,海尔,有货,
P-JD-119071,jd_4580956,jd,ZARA 图书文具 35,电子产品,其他,1868.09,优衣库,有货,
P-JD-119334,jd_8306364,jd,三星 美妆个护 67,食品饮料,其他,1411.65,阿迪达斯,有货,
P-JD-119751,jd_6126677,jd,华为 美妆个护 49,家居用品,其他,2183.18,华为,有货,
P-JD-119783,jd_4879649,jd,ZARA 图书文具 89,运动户外,其他,4189.62,耐克,有货,
P-JD-120152,jd_8749583,jd,耐克 电子产品 97,母婴用品,其他,930.48,优衣库,有货,
P-JD-122583,jd_4866908,jd,小米 电子产品 73,服装鞋帽,其他,3821.94,海尔,有货,
P-JD-122872,jd_5600763,jd,格力 美妆个护 55,家居用品,其他,369.88,Apple,有货,
P-JD-124540,jd_8471186,jd,海尔 图书文具 25,食品饮料,其他,1802.16,阿迪达斯,有货,
P-JD-125159,jd_5495254,jd,Apple 美妆个护 11,服装鞋帽,其他,2206.67,海尔,有货,
P-JD-126720,jd_3548530,jd,ZARA 服装鞋帽 66,食品饮料,其他,366.44,华为,有货,
P-JD-129218,jd_4201627,jd,华为 家居用品 85,家居用品,其他,3398.01,小米,有货,
P-JD-130086,jd_1631466,jd,格力 美妆个护 80,电子产品,其他,4687.25,Apple,有货,
P-JD-130217,jd_2122038,jd,Apple 图书文具 100,母婴用品,其他,3698.77,三星,有货,
P-JD-131490,jd_8698546,jd,三星 家居用品 65,运动户外,其他,4697.36,格力,有货,
P-JD-131617,jd_9455954,jd,Apple 服装鞋帽 84,图书文具,其他,3691.85,优衣库,有货,
P-JD-131666,jd_3579646,jd,华为 家居用品 43,电子产品,其他,4304.62,ZARA,有货,
P-JD-132008,jd_2097641,jd,优衣库 服装鞋帽 77,家居用品,其他,628.01,ZARA,有货,
P-JD-133470,jd_8162576,jd,Apple 服装鞋帽 18,家居用品,其他,1767.99,耐克,有货,
P-JD-133581,jd_1825300,jd,耐克 食品饮料 97,运动户外,其他,443.59,小米,有货,
P-JD-134230,jd_2648447,jd,ZARA 服装鞋帽 71,食品饮料,其他,3905.46,华为,有货,
P-JD-135368,jd_8649655,jd,阿迪达斯 电子产品 76,服装鞋帽,其他,4583.77,小米,有货,
P-JD-135788,jd_8938610,jd,Apple 家居用品 49,美妆个护,其他,164.22,耐克,有货,
P-JD-136437,jd_6162760,jd,海尔 美妆个护 12,图书文具,其他,1020.96,ZARA,有货,
P-JD-136465,jd_7242868,jd,海尔 家居用品 6,食品饮料,其他,81.40,华为,有货,
P-JD-137167,jd_9691374,jd,格力 运动户外 34,美妆个护,其他,897.55,格力,有货,
P-JD-138223,jd_3026531,jd,小米 食品饮料 99,图书文具,其他,1896.36,格力,有货,
P-JD-139387,jd_3937240,jd,耐克 母婴用品 94,食品饮料,其他,3083.39,ZARA,有货,
P-JD-139970,jd_9528645,jd,Apple 图书文具 23,服装鞋帽,其他,2273.96,耐克,有货,
P-JD-140046,jd_3001765,jd,格力 服装鞋帽 60,运动户外,其他,108.21,阿迪达斯,有货,
P-JD-140181,jd_8726805,jd,ZARA 母婴用品 72,服装鞋帽,其他,2227.49,ZARA,有货,
P-JD-140410,jd_1357820,jd,优衣库 食品饮料 12,母婴用品,其他,2314.92,海尔,有货,
P-JD-140580,jd_5769355,jd,Apple 运动户外 16,服装鞋帽,其他,4621.95,阿迪达斯,有货,
P-JD-143381,jd_4581291,jd,小米 图书文具 12,美妆个护,其他,1728.39,海尔,有货,
P-JD-143784,jd_9436671,jd,三星 图书文具 81,母婴用品,其他,1989.79,Apple,有货,
P-JD-143892,jd_1464161,jd,阿迪达斯 家居用品 51,服装鞋帽,其他,619.98,阿迪达斯,有货,
P-JD-145220,jd_4622316,jd,优衣库 电子产品 64,图书文具,其他,1911.13,格力,有货,
P-JD-146245,jd_1808637,jd,耐克 电子产品 77,服装鞋帽,其他,4296.24,耐克,有货,
P-JD-148766,jd_3084479,jd,优衣库 食品饮料 58,美妆个护,其他,4877.10,耐克,有货,
P-JD-150317,jd_7561286,jd,阿迪达斯 电子产品 44,图书文具,其他,4977.76,海尔,有货,
P-JD-150732,jd_9953740,jd,格力 电子产品 27,服装鞋帽,其他,2150.57,华为,有货,
P-JD-150746,jd_4309464,jd,ZARA 食品饮料 84,食品饮料,其他,849.76,格力,有货,
P-JD-152775,jd_7795775,jd,阿迪达斯 运动户外 78,运动户外,其他,860.93,三星,有货,
P-JD-154048,jd_2344850,jd,ZARA 电子产品 60,食品饮料,其他,3589.72,Apple,有货,
P-JD-154364,jd_5619045,jd,三星 家居用品 47,运动户外,其他,2608.27,小米,有货,
P-JD-154679,jd_3292518,jd,耐克 美妆个护 76,图书文具,其他,2516.63,小米,有货,
P-JD-155826,jd_4635259,jd,海尔 食品饮料 54,美妆个护,其他,4426.59,Apple,有货,
P-JD-157169,jd_9296568,jd,Apple 食品饮料 90,运动户外,其他,2750.94,阿迪达斯,有货,
P-JD-157777,jd_3697077,jd,耐克 电子产品 40,运动户外,其他,2372.45,格力,有货,
P-JD-158401,jd_1712108,jd,Apple 服装鞋帽 21,食品饮料,其他,1074.40,阿迪达斯,有货,
P-JD-158465,jd_4153099,jd,耐克 家居用品 54,美妆个护,其他,2236.96,三星,有货,
P-JD-159311,jd_5821500,jd,Apple 服装鞋帽 21,美妆个护,其他,3513.62,三星,有货,
P-JD-160866,jd_5718090,jd,华为 电子产品 76,家居用品,其他,4919.85,ZARA,有货,
P-JD-161846,jd_6003532,jd,阿迪达斯 美妆个护 65,美妆个护,其他,2118.24,三星,有货,
P-JD-163510,jd_5844766,jd,ZARA 服装鞋帽 91,服装鞋帽,其他,94.09,阿迪达斯,有货,
P-JD-163775,jd_8567661,jd,海尔 美妆个护 93,美妆个护,其他,3164.18,阿迪达斯,有货,
P-JD-163938,jd_8426301,jd,Apple 服装鞋帽 95,食品饮料,其他,1818.26,格力,有货,
P-JD-164729,jd_2509891,jd,海尔 电子产品 87,电子产品,其他,3113.04,三星,有货,
P-JD-167013,jd_4309096,jd,Apple 电子产品 16,食品饮料,其他,1823.71,ZARA,有货,
P-JD-167614,jd_3566772,jd,耐克 母婴用品 79,家居用品,其他,2407.98,格力,有货,
P-JD-168471,jd_8695462,jd,华为 图书文具 57,食品饮料,其他,4657.82,格力,有货,
P-JD-168796,jd_4806750,jd,ZARA 食品饮料 5,图书文具,其他,775.02,格力,有货,
P-JD-169317,jd_4139721,jd,阿迪达斯 食品饮料 93,美妆个护,其他,1341.76,海尔,有货,
P-JD-169349,jd_6909484,jd,Apple 运动户外 16,电子产品,其他,746.15,阿迪达斯,有货,
P-JD-170035,jd_4537557,jd,海尔 运动户外 38,美妆个护,其他,2148.79,耐克,有货,
P-JD-170581,jd_6987853,jd,小米 美妆个护 25,图书文具,其他,3932.58,ZARA,有货,
P-JD-170608,jd_7930682,jd,耐克 家居用品 80,美妆个护,其他,1854.86,阿迪达斯,有货,
P-JD-171115,jd_9118438,jd,ZARA 服装鞋帽 1,运动户外,其他,2150.40,ZARA,有货,
P-JD-173576,jd_2306983,jd,华为 图书文具 96,图书文具,其他,3550.07,格力,有货,
P-JD-174084,jd_7056294,jd,三星 电子产品 85,服装鞋帽,其他,1918.81,耐克,有货,
P-JD-174198,jd_6624589,jd,阿迪达斯 图书文具 99,电子产品,其他,544.89,小米,有货,
P-JD-174824,jd_3348521,jd,三星 电子产品 66,运动户外,其他,359.46,华为,有货,
P-JD-175758,jd_4677125,jd,小米 家居用品 64,家居用品,其他,4894.86,海尔,有货,
P-JD-176791,jd_1702859,jd,阿迪达斯 母婴用品 71,图书文具,其他,2407.37,华为,有货,
P-JD-177228,jd_8820981,jd,华为 运动户外 21,服装鞋帽,其他,2872.49,海尔,有货,
P-JD-177405,jd_4370624,jd,三星 美妆个护 33,电子产品,其他,2707.31,三星,有货,
P-JD-178711,jd_6997625,jd,海尔 食品饮料 80,服装鞋帽,其他,3374.94,优衣库,有货,
P-JD-179925,jd_8350793,jd,华为 食品饮料 77,运动户外,其他,4318.94,Apple,有货,
P-JD-180128,jd_1741744,jd,ZARA 母婴用品 63,服装鞋帽,其他,2974.27,海尔,有货,
P-JD-180299,jd_4296252,jd,华为 家居用品 97,图书文具,其他,4860.24,耐克,有货,
P-JD-181294,jd_1427387,jd,小米 美妆个护 82,家居用品,其他,2675.19,小米,有货,
P-JD-182839,jd_9970488,jd,优衣库 服装鞋帽 66,运动户外,其他,1882.32,阿迪达斯,有货,
P-JD-184254,jd_7000481,jd,ZARA 家居用品 26,服装鞋帽,其他,3718.85,ZARA,有货,
P-JD-186752,jd_1901550,jd,耐克 美妆个护 96,图书文具,其他,2543.02,三星,有货,
P-JD-187551,jd_3764692,jd,耐克 运动户外 77,母婴用品,其他,1111.69,ZARA,有货,
P-JD-187936,jd_4109789,jd,海尔 服装鞋帽 43,图书文具,其他,1973.41,小米,有货,
P-JD-188293,jd_9845235,jd,格力 电子产品 81,食品饮料,其他,2647.60,海尔,有货,
P-JD-188655,jd_5799033,jd,海尔 母婴用品 25,美妆个护,其他,270.36,华为,有货,
P-JD-188950,jd_9782389,jd,阿迪达斯 母婴用品 68,图书文具,其他,1771.07,格力,有货,
P-JD-189419,jd_8347783,jd,三星 电子产品 83,美妆个护,其他,1370.66,阿迪达斯,有货,
P-JD-189693,jd_5613972,jd,华为 美妆个护 24,运动户外,其他,1004.33,三星,有货,
P-JD-190075,jd_9367890,jd,三星 母婴用品 14,美妆个护,其他,3837.19,Apple,有货,
P-JD-190083,jd_6093019,jd,ZARA 食品饮料 65,家居用品,其他,3169.37,ZARA,有货,
P-JD-190374,jd_4527534,jd,三星 服装鞋帽 86,美妆个护,其他,3701.97,华为,有货,
P-JD-190989,jd_6028565,jd,优衣库 运动户外 84,运动户外,其他,1194.34,三星,有货,
P-JD-191023,jd_7204786,jd,格力 服装鞋帽 62,家居用品,其他,358.85,华为,有货,
P-JD-191207,jd_2215216,jd,ZARA 电子产品 62,家居用品,其他,4357.16,ZARA,有货,
P-JD-191365,jd_3620286,jd,小米 家居用品 72,家居用品,其他,720.84,海尔,有货,
P-JD-192651,jd_2715118,jd,ZARA 服装鞋帽 24,食品饮料,其他,385.40,华为,有货,
P-JD-192654,jd_7050647,jd,海尔 家居用品 35,母婴用品,其他,2078.15,优衣库,有货,
P-JD-192691,jd_5284626,jd,耐克 电子产品 4,食品饮料,其他,832.31,格力,有货,
P-JD-192857,jd_4531433,jd,耐克 食品饮料 49,图书文具,其他,87.55,格力,有货,
P-JD-193125,jd_2400092,jd,三星 美妆个护 45,食品饮料,其他,4203.25,ZARA,有货,
P-JD-193299,jd_4272650,jd,Apple 食品饮料 32,图书文具,其他,529.26,格力,有货,
P-JD-193933,jd_2878825,jd,阿迪达斯 电子产品 97,家居用品,其他,1018.08,华为,有货,
P-JD-195445,jd_5891440,jd,小米 食品饮料 7,美妆个护,其他,636.39,格力,有货,
P-JD-195509,jd_8076213,jd,ZARA 食品饮料 18,运动户外,其他,4812.43,三星,有货,
P-JD-197553,jd_3420122,jd,格力 运动户外 67,美妆个护,其他,318.45,耐克,有货,
P-JD-199812,jd_2977600,jd,格力 食品饮料 24,美妆个护,其他,4209.59,三星,有货,
P-JD-200848,jd_2634028,jd,华为 母婴用品 76,图书文具,其他,2429.38,三星,有货,
P-JD-201459,jd_6535906,jd,格力 食品饮料 78,图书文具,其他,2495.57,三星,有货,
P-JD-201525,jd_6473383,jd,ZARA 图书文具 79,图书文具,其他,1395.99,海尔,有货,
P-JD-202981,jd_1260059,jd,海尔 家居用品 41,食品饮料,其他,2674.33,小米,有货,
P-JD-204747,jd_8723277,jd,格力 图书文具 94,图书文具,其他,386.95,格力,有货,
P-JD-205620,jd_3992089,jd,优衣库 食品饮料 68,食品饮料,其他,1546.21,优衣库,有货,
P-JD-205804,jd_2090033,jd,海尔 图书文具 18,运动户外,其他,1172.18,Apple,有货,
P-JD-206716,jd_2649752,jd,阿迪达斯 食品饮料 95,家居用品,其他,3072.21,格力,有货,
P-JD-209775,jd_5815479,jd,华为 服装鞋帽 59,食品饮料,其他,3206.20,优衣库,有货,
P-JD-212086,jd_9119590,jd,格力 电子产品 67,图书文具,其他,3085.19,阿迪达斯,有货,
P-JD-212137,jd_2051796,jd,优衣库 美妆个护 56,母婴用品,其他,4077.63,阿迪达斯,有货,
P-JD-212625,jd_6665340,jd,三星 美妆个护 66,母婴用品,其他,2663.67,小米,有货,
P-JD-213578,jd_4880536,jd,Apple 电子产品 2,运动户外,其他,2491.72,海尔,有货,
P-JD-214091,jd_2577320,jd,优衣库 美妆个护 95,服装鞋帽,其他,3597.04,阿迪达斯,有货,
P-JD-214143,jd_4945181,jd,优衣库 母婴用品 6,服装鞋帽,其他,3738.31,海尔,有货,
P-JD-214793,jd_8852769,jd,小米 电子产品 32,电子产品,其他,2289.19,小米,有货,
P-JD-215934,jd_9599123,jd,Apple 电子产品 85,家居用品,其他,4885.89,海尔,有货,
P-JD-216620,jd_5292960,jd,ZARA 母婴用品 9,电子产品,其他,1787.48,阿迪达斯,有货,
P-JD-216880,jd_4179811,jd,优衣库 运动户外 39,图书文具,其他,535.53,耐克,有货,
P-JD-217091,jd_9355429,jd,优衣库 运动户外 7,图书文具,其他,4604.33,阿迪达斯,有货,
P-JD-219118,jd_4046857,jd,三星 服装鞋帽 87,母婴用品,其他,4375.26,华为,有货,
P-JD-219795,jd_5723845,jd,优衣库 服装鞋帽 83,运动户外,其他,2307.03,华为,有货,
P-JD-220610,jd_3957227,jd,优衣库 家居用品 100,服装鞋帽,其他,3690.89,三星,有货,
P-JD-221300,jd_7774798,jd,格力 图书文具 52,母婴用品,其他,4059.67,小米,有货,
P-JD-221505,jd_7672445,jd,三星 母婴用品 64,电子产品,其他,584.81,Apple,有货,
P-JD-221644,jd_4507333,jd,优衣库 母婴用品 68,图书文具,其他,970.66,耐克,有货,
P-JD-222560,jd_4435369,jd,Apple 美妆个护 35,美妆个护,其他,3935.48,小米,有货,
P-JD-223131,jd_5891599,jd,阿迪达斯 母婴用品 26,家居用品,其他,955.18,Apple,有货,
P-JD-223247,jd_4526521,jd,海尔 图书文具 84,家居用品,其他,1713.00,ZARA,有货,
P-JD-223747,jd_1199245,jd,Apple 美妆个护 88,食品饮料,其他,1098.34,格力,有货,
P-JD-225641,jd_7746673,jd,ZARA 美妆个护 46,电子产品,其他,2336.95,ZARA,有货,
P-JD-226184,jd_8891482,jd,格力 母婴用品 36,服装鞋帽,其他,1444.98,海尔,有货,
P-JD-226742,jd_5614331,jd,Apple 运动户外 89,母婴用品,其他,103.19,格力,有货,
P-JD-227249,jd_6320121,jd,海尔 电子产品 27,运动户外,其他,4822.48,阿迪达斯,有货,
P-JD-229121,jd_1579470,jd,华为 家居用品 53,电子产品,其他,3876.54,优衣库,有货,
P-JD-229718,jd_9660601,jd,小米 电子产品 83,家居用品,其他,2298.04,海尔,有货,
P-JD-231697,jd_7409525,jd,耐克 电子产品 60,电子产品,其他,3072.36,小米,有货,
P-JD-231999,jd_3711654,jd,耐克 食品饮料 17,美妆个护,其他,2552.83,ZARA,有货,
P-JD-232013,jd_1524468,jd,耐克 食品饮料 69,服装鞋帽,其他,3557.98,小米,有货,
P-JD-233106,jd_6182557,jd,华为 运动户外 33,家居用品,其他,2690.55,优衣库,有货,
P-JD-233810,jd_5472653,jd,优衣库 服装鞋帽 95,食品饮料,其他,4168.14,Apple,有货,
P-JD-234035,jd_9828904,jd,优衣库 美妆个护 26,服装鞋帽,其他,2600.05,华为,有货,
P-JD-235110,jd_4362285,jd,海尔 美妆个护 96,家居用品,其他,2674.82,ZARA,有货,
P-JD-235597,jd_4681624,jd,三星 服装鞋帽 74,母婴用品,其他,4447.24,ZARA,有货,
P-JD-237407,jd_1128802,jd,Apple 电子产品 8,食品饮料,其他,3554.99,华为,有货,
P-JD-240059,jd_8497287,jd,优衣库 母婴用品 9,母婴用品,其他,939.72,Apple,有货,
P-JD-240170,jd_6951318,jd,阿迪达斯 电子产品 52,图书文具,其他,3898.07,海尔,有货,
P-JD-240220,jd_3415935,jd,三星 电子产品 100,服装鞋帽,其他,3534.84,华为,有货,
P-JD-240679,jd_8366134,jd,华为 运动户外 90,美妆个护,其他,4654.43,三星,有货,
P-JD-241461,jd_8751437,jd,小米 图书文具 63,运动户外,其他,1113.01,华为,有货,
P-JD-241684,jd_5096951,jd,耐克 运动户外 2,家居用品,其他,1083.13,优衣库,有货,
P-JD-242569,jd_6798926,jd,三星 图书文具 55,图书文具,其他,3659.41,格力,有货,
P-JD-242961,jd_6889232,jd,耐克 图书文具 62,电子产品,其他,1880.53,海尔,有货,
P-JD-243060,jd_3754745,jd,格力 运动户外 39,食品饮料,其他,1679.29,小米,有货,
P-JD-243472,jd_7604236,jd,格力 家居用品 44,服装鞋帽,其他,4568.82,海尔,有货,
P-JD-244970,jd_3106591,jd,阿迪达斯 电子产品 24,食品饮料,其他,3802.44,海尔,有货,
P-JD-245153,jd_2447377,jd,华为 母婴用品 54,母婴用品,其他,1769.65,三星,有货,
P-JD-245215,jd_1177584,jd,华为 服装鞋帽 7,家居用品,其他,3797.87,小米,有货,
P-JD-246571,jd_5352881,jd,Apple 美妆个护 78,服装鞋帽,其他,2562.88,Apple,有货,
P-JD-247603,jd_2410265,jd,优衣库 母婴用品 25,美妆个护,其他,2061.94,华为,有货,
P-JD-248500,jd_8501557,jd,三星 运动户外 34,美妆个护,其他,4593.61,格力,有货,
P-JD-248953,jd_6197045,jd,ZARA 服装鞋帽 43,运动户外,其他,1999.38,海尔,有货,
P-JD-250035,jd_8809705,jd,耐克 母婴用品 50,图书文具,其他,714.78,阿迪达斯,有货,
P-JD-251124,jd_4127925,jd,三星 图书文具 18,食品饮料,其他,4027.32,耐克,有货,
P-JD-253206,jd_3391126,jd,华为 服装鞋帽 61,家居用品,其他,4038.59,阿迪达斯,有货,
P-JD-253794,jd_6112022,jd,格力 电子产品 95,电子产品,其他,2456.91,三星,有货,
P-JD-256227,jd_6169351,jd,海尔 食品饮料 66,电子产品,其他,1023.34,优衣库,有货,
P-JD-256426,jd_1585945,jd,耐克 美妆个护 80,电子产品,其他,2125.89,海尔,有货,
P-JD-256777,jd_9281011,jd,海尔 美妆个护 9,家居用品,其他,906.66,华为,有货,
P-JD-256845,jd_5078790,jd,华为 食品饮料 72,运动户外,其他,1835.44,Apple,有货,
P-JD-257996,jd_6015086,jd,华为 服装鞋帽 82,运动户外,其他,4893.04,Apple,有货,
P-JD-258097,jd_7169981,jd,海尔 服装鞋帽 49,家居用品,其他,2606.12,优衣库,有货,
P-JD-258221,jd_4636650,jd,格力 家居用品 40,运动户外,其他,1171.10,海尔,有货,
P-JD-259729,jd_2379498,jd,三星 美妆个护 57,食品饮料,其他,684.45,海尔,有货,
P-JD-260007,jd_2727651,jd,耐克 母婴用品 5,家居用品,其他,1402.86,小米,有货,
P-JD-260109,jd_1738107,jd,阿迪达斯 美妆个护 56,母婴用品,其他,386.11,耐克,有货,
P-JD-261057,jd_5716548,jd,耐克 服装鞋帽 8,运动户外,其他,4698.79,海尔,有货,
P-JD-264406,jd_2903901,jd,三星 电子产品 47,美妆个护,其他,1803.50,海尔,有货,
P-JD-264419,jd_7364247,jd,耐克 运动户外 27,服装鞋帽,其他,4529.74,耐克,有货,
P-JD-264504,jd_1399294,jd,优衣库 电子产品 74,家居用品,其他,4538.09,优衣库,有货,
P-JD-264922,jd_5896004,jd,阿迪达斯 电子产品 53,家居用品,其他,2781.55,华为,有货,
P-JD-265867,jd_8527876,jd,海尔 电子产品 80,图书文具,其他,1845.90,华为,有货,
P-JD-267437,jd_5641032,jd,阿迪达斯 电子产品 74,美妆个护,其他,2270.98,优衣库,有货,
P-JD-267891,jd_7079983,jd,三星 母婴用品 39,服装鞋帽,其他,110.81,华为,有货,
P-JD-268654,jd_5555736,jd,三星 图书文具 41,电子产品,其他,2588.18,三星,有货,
P-JD-269221,jd_6669152,jd,小米 美妆个护 22,母婴用品,其他,1029.57,优衣库,有货,
P-JD-270239,jd_8747410,jd,Apple 图书文具 41,食品饮料,其他,3885.75,三星,有货,
P-JD-270785,jd_6551161,jd,小米 家居用品 49,图书文具,其他,4168.26,小米,有货,
P-JD-271194,jd_8172868,jd,海尔 电子产品 46,母婴用品,其他,4203.93,阿迪达斯,有货,
P-JD-271233,jd_3675001,jd,阿迪达斯 图书文具 38,电子产品,其他,907.24,阿迪达斯,有货,
P-JD-271806,jd_9822803,jd,Apple 图书文具 55,美妆个护,其他,1988.81,小米,有货,
P-JD-272095,jd_4059168,jd,ZARA 运动户外 24,食品饮料,其他,4567.88,格力,有货,
P-JD-272968,jd_2795235,jd,优衣库 食品饮料 48,电子产品,其他,253.60,三星,有货,
P-JD-273267,jd_6592778,jd,阿迪达斯 运动户外 50,美妆个护,其他,2224.56,ZARA,有货,
P-JD-273898,jd_3564918,jd,耐克 食品饮料 30,电子产品,其他,3987.00,格力,有货,
P-JD-274391,jd_9721553,jd,格力 母婴用品 86,电子产品,其他,2420.44,华为,有货,
P-JD-274468,jd_8981553,jd,ZARA 美妆个护 86,服装鞋帽,其他,3920.62,格力,有货,
P-JD-274666,jd_9509891,jd,ZARA 图书文具 90,食品饮料,其他,4459.55,ZARA,有货,
P-JD-274865,jd_1883328,jd,耐克 美妆个护 9,美妆个护,其他,3035.47,三星,有货,
P-JD-275017,jd_4136278,jd,海尔 食品饮料 42,家居用品,其他,3992.77,ZARA,有货,
P-JD-275389,jd_4213958,jd,阿迪达斯 运动户外 33,电子产品,其他,2147.97,Apple,有货,
P-JD-275498,jd_1873389,jd,三星 服装鞋帽 60,食品饮料,其他,1182.90,Apple,有货,
P-JD-275519,jd_6658038,jd,海尔 食品饮料 64,美妆个护,其他,2670.95,格力,有货,
P-JD-275829,jd_2227920,jd,格力 家居用品 72,家居用品,其他,2699.30,海尔,有货,
P-JD-275960,jd_1209160,jd,Apple 食品饮料 27,图书文具,其他,4893.66,ZARA,有货,
P-JD-277030,jd_5184266,jd,优衣库 运动户外 96,图书文具,其他,2754.66,耐克,有货,
P-JD-277507,jd_5595289,jd,三星 运动户外 19,母婴用品,其他,2089.16,小米,有货,
P-JD-278940,jd_3940546,jd,阿迪达斯 服装鞋帽 22,电子产品,其他,418.51,格力,有货,
P-JD-279736,jd_6856603,jd,优衣库 服装鞋帽 85,食品饮料,其他,541.30,优衣库,有货,
P-JD-280875,jd_3470252,jd,华为 服装鞋帽 10,食品饮料,其他,4022.05,海尔,有货,
P-JD-281458,jd_8540033,jd,华为 家居用品 42,图书文具,其他,1356.65,格力,有货,
P-JD-281939,jd_3035519,jd,Apple 家居用品 17,电子产品,其他,3781.24,格力,有货,
P-JD-282724,jd_8142955,jd,耐克 美妆个护 30,家居用品,其他,4018.04,华为,有货,
P-JD-283157,jd_1292531,jd,阿迪达斯 图书文具 57,美妆个护,其他,2610.71,华为,有货,
P-JD-283245,jd_1158426,jd,耐克 母婴用品 53,食品饮料,其他,1669.74,ZARA,有货,
P-JD-283645,jd_9429467,jd,ZARA 图书文具 71,母婴用品,其他,1332.91,三星,有货,
P-JD-284992,jd_6728920,jd,优衣库 美妆个护 74,服装鞋帽,其他,2795.67,三星,有货,
P-JD-286362,jd_1202611,jd,小米 运动户外 56,服装鞋帽,其他,3243.88,小米,有货,
P-JD-286554,jd_5666854,jd,格力 图书文具 46,食品饮料,其他,4166.12,耐克,有货,
P-JD-289042,jd_2536231,jd,海尔 食品饮料 66,服装鞋帽,其他,3415.03,格力,有货,
P-JD-290302,jd_2972385,jd,格力 服装鞋帽 57,美妆个护,其他,2597.43,华为,有货,
P-JD-290587,jd_9479694,jd,华为 运动户外 56,母婴用品,其他,247.95,海尔,有货,
P-JD-290835,jd_5403618,jd,ZARA 母婴用品 17,运动户外,其他,1588.49,海尔,有货,
P-JD-292219,jd_4121314,jd,华为 图书文具 18,服装鞋帽,其他,2032.58,格力,有货,
P-JD-292255,jd_9081944,jd,小米 母婴用品 49,家居用品,其他,4549.03,华为,有货,
P-JD-292264,jd_8234147,jd,阿迪达斯 电子产品 79,美妆个护,其他,4024.92,优衣库,有货,
P-JD-292347,jd_6642757,jd,格力 美妆个护 50,家居用品,其他,324.26,三星,有货,
P-JD-292459,jd_4846385,jd,小米 运动户外 76,母婴用品,其他,3603.72,阿迪达斯,有货,
P-JD-292785,jd_2406471,jd,耐克 美妆个护 42,运动户外,其他,2625.01,三星,有货,
P-JD-292974,jd_9371396,jd,三星 运动户外 11,电子产品,其他,3496.75,优衣库,有货,
P-JD-293060,jd_7732239,jd,优衣库 美妆个护 86,食品饮料,其他,2301.13,Apple,有货,
P-JD-293071,jd_6913906,jd,ZARA 母婴用品 22,服装鞋帽,其他,2410.89,Apple,有货,
P-JD-295295,jd_3806078,jd,阿迪达斯 家居用品 4,美妆个护,其他,1216.26,小米,有货,
P-JD-295924,jd_1750782,jd,格力 食品饮料 93,电子产品,其他,2312.84,ZARA,有货,
P-JD-297121,jd_6879393,jd,华为 电子产品 42,图书文具,其他,1200.28,三星,有货,
P-JD-297328,jd_7818481,jd,ZARA 美妆个护 9,电子产品,其他,449.82,Apple,有货,
P-JD-297703,jd_2933234,jd,阿迪达斯 母婴用品 75,图书文具,其他,1309.05,耐克,有货,
P-JD-298245,jd_5144216,jd,三星 食品饮料 91,服装鞋帽,其他,1403.78,格力,有货,
P-JD-299109,jd_4154383,jd,小米 图书文具 43,美妆个护,其他,4547.81,华为,有货,
P-JD-299786,jd_4233445,jd,海尔 服装鞋帽 38,食品饮料,其他,3503.22,三星,有货,
P-JD-300632,jd_1493617,jd,三星 图书文具 45,图书文具,其他,1319.10,华为,有货,
P-JD-301164,jd_6908410,jd,耐克 美妆个护 87,美妆个护,其他,4829.97,华为,有货,
P-JD-301858,jd_8273752,jd,海尔 服装鞋帽 74,美妆个护,其他,2541.76,阿迪达斯,有货,
P-JD-304567,jd_6662194,jd,格力 母婴用品 5,图书文具,其他,2889.09,ZARA,有货,
P-JD-305403,jd_8633920,jd,三星 家居用品 41,家居用品,其他,3847.88,三星,有货,
P-JD-305612,jd_2913786,jd,华为 家居用品 61,电子产品,其他,4506.09,ZARA,有货,
P-JD-305809,jd_9925176,jd,海尔 家居用品 11,美妆个护,其他,3989.72,海尔,有货,
P-JD-307744,jd_3307322,jd,Apple 电子产品 83,食品饮料,其他,4456.80,海尔,有货,
P-JD-307887,jd_3719701,jd,海尔 运动户外 85,母婴用品,其他,3006.50,ZARA,有货,
P-JD-308525,jd_7203093,jd,耐克 美妆个护 81,食品饮料,其他,375.07,海尔,有货,
P-JD-309682,jd_7367525,jd,华为 服装鞋帽 79,母婴用品,其他,4452.55,耐克,有货,
P-JD-312939,jd_3720658,jd,三星 食品饮料 81,电子产品,其他,640.60,海尔,有货,
P-JD-313385,jd_6269907,jd,海尔 服装鞋帽 56,图书文具,其他,592.21,Apple,有货,
P-JD-313641,jd_2307587,jd,华为 运动户外 39,服装鞋帽,其他,3716.35,耐克,有货,
P-JD-313660,jd_6690049,jd,海尔 服装鞋帽 72,图书文具,其他,3765.07,ZARA,有货,
P-JD-314418,jd_5817431,jd,华为 运动户外 30,电子产品,其他,3637.33,格力,有货,
P-JD-316242,jd_4517395,jd,阿迪达斯 电子产品 26,食品饮料,其他,470.96,ZARA,有货,
P-JD-317147,jd_8011343,jd,海尔 服装鞋帽 56,电子产品,其他,3362.31,华为,有货,
P-JD-317931,jd_8159781,jd,Apple 美妆个护 7,电子产品,其他,2808.19,海尔,有货,
P-JD-318489,jd_1799915,jd,耐克 母婴用品 91,运动户外,其他,871.10,ZARA,有货,
P-JD-318872,jd_3060197,jd,ZARA 电子产品 82,家居用品,其他,2587.70,Apple,有货,
P-JD-319139,jd_7014725,jd,耐克 食品饮料 83,电子产品,其他,2240.60,优衣库,有货,
P-JD-319233,jd_5109510,jd,ZARA 图书文具 96,食品饮料,其他,2405.61,海尔,有货,
P-JD-319319,jd_3447241,jd,小米 美妆个护 92,服装鞋帽,其他,378.95,阿迪达斯,有货,
P-JD-321057,jd_2770136,jd,优衣库 母婴用品 90,服装鞋帽,其他,2499.39,耐克,有货,
P-JD-322114,jd_6758800,jd,华为 母婴用品 34,家居用品,其他,2666.78,小米,有货,
P-JD-322765,jd_6535451,jd,格力 美妆个护 73,服装鞋帽,其他,2824.70,格力,有货,
P-JD-324001,jd_5042530,jd,ZARA 家居用品 23,服装鞋帽,其他,453.57,耐克,有货,
P-JD-324159,jd_7542645,jd,ZARA 家居用品 6,电子产品,其他,3028.19,ZARA,有货,
P-JD-324693,jd_4418996,jd,Apple 母婴用品 26,母婴用品,其他,4770.74,耐克,有货,
P-JD-324931,jd_1237595,jd,海尔 服装鞋帽 7,美妆个护,其他,4783.23,阿迪达斯,有货,
P-JD-325297,jd_4076300,jd,海尔 运动户外 72,服装鞋帽,其他,1980.41,华为,有货,
P-JD-325572,jd_5469180,jd,三星 美妆个护 86,家居用品,其他,3441.69,耐克,有货,
P-JD-326989,jd_1819311,jd,优衣库 电子产品 100,美妆个护,其他,4084.56,小米,有货,
P-JD-327632,jd_1601826,jd,Apple 食品饮料 52,母婴用品,其他,4078.97,华为,有货,
P-JD-327706,jd_1932930,jd,海尔 图书文具 63,图书文具,其他,1459.83,格力,有货,
P-JD-328194,jd_1325759,jd,华为 运动户外 7,图书文具,其他,1664.86,耐克,有货,
P-JD-329355,jd_2979614,jd,三星 服装鞋帽 26,母婴用品,其他,4144.57,ZARA,有货,
P-JD-329372,jd_7462221,jd,阿迪达斯 图书文具 88,母婴用品,其他,3957.01,格力,有货,
P-JD-330140,jd_4399977,jd,耐克 电子产品 48,运动户外,其他,3807.15,格力,有货,
P-JD-330226,jd_5179680,jd,阿迪达斯 美妆个护 83,家居用品,其他,1587.98,小米,有货,
P-JD-330370,jd_7020580,jd,ZARA 食品饮料 14,运动户外,其他,901.72,华为,有货,
P-JD-330649,jd_1371388,jd,华为 家居用品 49,图书文具,其他,3955.41,阿迪达斯,有货,
P-JD-330784,jd_1818424,jd,ZARA 运动户外 51,图书文具,其他,88.59,阿迪达斯,有货,
P-JD-331614,jd_4528184,jd,华为 服装鞋帽 7,美妆个护,其他,1537.13,华为,有货,
P-JD-332911,jd_1873505,jd,三星 运动户外 95,服装鞋帽,其他,679.71,小米,有货,
P-JD-332951,jd_4003592,jd,华为 食品饮料 57,食品饮料,其他,2429.56,海尔,有货,
P-JD-334057,jd_1419779,jd,ZARA 电子产品 19,美妆个护,其他,4750.98,ZARA,有货,
P-JD-336227,jd_4420621,jd,ZARA 电子产品 74,家居用品,其他,2841.79,优衣库,有货,
P-JD-337872,jd_8629707,jd,耐克 美妆个护 27,美妆个护,其他,4858.66,三星,有货,
P-JD-338183,jd_9665583,jd,华为 图书文具 3,服装鞋帽,其他,3712.44,阿迪达斯,有货,
P-JD-338358,jd_7828056,jd,三星 图书文具 88,服装鞋帽,其他,1361.62,优衣库,有货,
P-JD-338403,jd_9486479,jd,阿迪达斯 食品饮料 57,家居用品,其他,4870.15,优衣库,有货,
P-JD-338537,jd_4846378,jd,三星 食品饮料 6,美妆个护,其他,3335.20,优衣库,有货,
P-JD-339350,jd_4140577,jd,阿迪达斯 美妆个护 36,电子产品,其他,335.18,耐克,有货,
P-JD-339960,jd_2204954,jd,ZARA 美妆个护 36,图书文具,其他,4203.17,ZARA,有货,
P-JD-340573,jd_8671503,jd,三星 服装鞋帽 61,食品饮料,其他,1783.94,三星,有货,
P-JD-343401,jd_2458656,jd,Apple 电子产品 97,美妆个护,其他,827.26,海尔,有货,
P-JD-344399,jd_5030231,jd,耐克 服装鞋帽 45,食品饮料,其他,331.50,阿迪达斯,有货,
P-JD-344972,jd_7502470,jd,耐克 家居用品 15,母婴用品,其他,2239.34,小米,有货,
P-JD-345236,jd_3340344,jd,三星 家居用品 24,图书文具,其他,4128.87,ZARA,有货,
P-JD-346219,jd_9729661,jd,阿迪达斯 电子产品 3,母婴用品,其他,1262.16,三星,有货,
P-JD-346229,jd_2511768,jd,阿迪达斯 服装鞋帽 54,家居用品,其他,1792.00,阿迪达斯,有货,
P-JD-346705,jd_5618234,jd,Apple 母婴用品 4,图书文具,其他,4951.96,ZARA,有货,
P-JD-347232,jd_8469837,jd,海尔 服装鞋帽 32,运动户外,其他,2065.99,ZARA,有货,
P-JD-347657,jd_5669869,jd,华为 服装鞋帽 31,服装鞋帽,其他,4495.31,小米,有货,
P-JD-347820,jd_3110196,jd,华为 食品饮料 79,食品饮料,其他,3754.10,Apple,有货,
P-JD-348124,jd_5135490,jd,Apple 服装鞋帽 38,服装鞋帽,其他,919.67,ZARA,有货,
P-JD-349122,jd_4983557,jd,耐克 服装鞋帽 25,图书文具,其他,3437.29,ZARA,有货,
P-JD-349145,jd_3267980,jd,ZARA 食品饮料 5,图书文具,其他,1126.88,阿迪达斯,有货,
P-JD-349943,jd_4656785,jd,格力 服装鞋帽 7,食品饮料,其他,4309.42,阿迪达斯,有货,
P-JD-351181,jd_6587268,jd,华为 图书文具 63,运动户外,其他,1626.90,华为,有货,
P-JD-351447,jd_8590798,jd,格力 电子产品 3,电子产品,其他,1042.47,耐克,有货,
P-JD-351650,jd_1815148,jd,格力 家居用品 37,电子产品,其他,1906.92,海尔,有货,
P-JD-351656,jd_9438510,jd,阿迪达斯 电子产品 40,美妆个护,其他,569.51,ZARA,有货,
P-JD-352578,jd_4504011,jd,ZARA 食品饮料 68,母婴用品,其他,1486.35,耐克,有货,
P-JD-353296,jd_3610017,jd,小米 电子产品 83,服装鞋帽,其他,4917.04,格力,有货,
P-JD-353358,jd_2192817,jd,华为 美妆个护 37,图书文具,其他,1352.39,优衣库,有货,
P-JD-353929,jd_8642214,jd,小米 美妆个护 41,母婴用品,其他,3372.19,海尔,有货,
P-JD-354580,jd_5217153,jd,格力 家居用品 44,运动户外,其他,4849.50,三星,有货,
P-JD-355103,jd_8194152,jd,Apple 母婴用品 17,服装鞋帽,其他,4704.34,三星,有货,
P-JD-355447,jd_9049062,jd,Apple 电子产品 27,图书文具,其他,3762.78,Apple,有货,
P-JD-355927,jd_6833163,jd,ZARA 食品饮料 26,家居用品,其他,3923.14,海尔,有货,
P-JD-356308,jd_8844544,jd,华为 食品饮料 100,服装鞋帽,其他,1104.70,华为,有货,
P-JD-356982,jd_9187181,jd,小米 母婴用品 53,家居用品,其他,4726.40,Apple,有货,
P-JD-358638,jd_5137173,jd,Apple 家居用品 75,图书文具,其他,1537.82,三星,有货,
P-JD-360030,jd_9430569,jd,格力 服装鞋帽 31,电子产品,其他,3454.08,Apple,有货,
P-JD-360777,jd_5968016,jd,格力 运动户外 67,美妆个护,其他,935.30,海尔,有货,
P-JD-360976,jd_3431066,jd,三星 家居用品 51,美妆个护,其他,4575.72,三星,有货,
P-JD-361006,jd_9020598,jd,三星 母婴用品 20,食品饮料,其他,4761.55,阿迪达斯,有货,
P-JD-364868,jd_9804065,jd,小米 电子产品 41,美妆个护,其他,1914.87,三星,有货,
P-JD-366705,jd_6659617,jd,三星 服装鞋帽 40,运动户外,其他,2849.50,三星,有货,
P-JD-367075,jd_2944218,jd,格力 美妆个护 8,母婴用品,其他,993.88,三星,有货,
P-JD-367361,jd_4134466,jd,阿迪达斯 美妆个护 61,家居用品,其他,2645.80,Apple,有货,
P-JD-369982,jd_6708154,jd,耐克 服装鞋帽 76,服装鞋帽,其他,3408.69,三星,有货,
P-JD-371559,jd_5015852,jd,Apple 电子产品 12,母婴用品,其他,3505.78,小米,有货,
P-JD-372167,jd_3123862,jd,三星 美妆个护 41,服装鞋帽,其他,3188.67,格力,有货,
P-JD-372308,jd_4884075,jd,格力 食品饮料 69,美妆个护,其他,1307.64,Apple,有货,
P-JD-373051,jd_3331683,jd,小米 运动户外 3,家居用品,其他,4826.42,阿迪达斯,有货,
P-JD-373896,jd_5605237,jd,ZARA 图书文具 96,电子产品,其他,1844.27,Apple,有货,
P-JD-374078,jd_4503178,jd,小米 美妆个护 46,食品饮料,其他,4822.94,小米,有货,
P-JD-375736,jd_2077458,jd,Apple 美妆个护 35,运动户外,其他,763.47,格力,有货,
P-JD-376247,jd_2901797,jd,海尔 美妆个护 69,母婴用品,其他,2271.53,Apple,有货,
P-JD-376441,jd_5101713,jd,小米 图书文具 3,图书文具,其他,3558.67,阿迪达斯,有货,
P-JD-376663,jd_6084761,jd,优衣库 运动户外 6,美妆个护,其他,3553.77,优衣库,有货,
P-JD-378349,jd_6101953,jd,优衣库 食品饮料 88,家居用品,其他,4043.86,优衣库,有货,
P-JD-379977,jd_8698041,jd,耐克 母婴用品 13,服装鞋帽,其他,1316.65,优衣库,有货,
P-JD-380545,jd_1948913,jd,Apple 母婴用品 33,图书文具,其他,2114.60,格力,有货,
P-JD-381264,jd_5801037,jd,耐克 食品饮料 62,母婴用品,其他,750.16,海尔,有货,
P-JD-381275,jd_8273828,jd,海尔 运动户外 87,母婴用品,其他,251.94,Apple,有货,
P-JD-382652,jd_7204935,jd,华为 食品饮料 21,图书文具,其他,1320.62,耐克,有货,
P-JD-383092,jd_9929177,jd,小米 食品饮料 22,食品饮料,其他,3932.00,华为,有货,
P-JD-383335,jd_1434974,jd,华为 家居用品 55,母婴用品,其他,3799.81,海尔,有货,
P-JD-384562,jd_5556965,jd,华为 图书文具 52,美妆个护,其他,4308.24,耐克,有货,
P-JD-386081,jd_6235551,jd,格力 家居用品 23,食品饮料,其他,1890.65,耐克,有货,
P-JD-388581,jd_1559600,jd,优衣库 家居用品 25,家居用品,其他,3829.62,海尔,有货,
P-JD-389627,jd_5477783,jd,格力 图书文具 67,家居用品,其他,4501.71,华为,有货,
P-JD-389838,jd_5213333,jd,华为 母婴用品 12,食品饮料,其他,1537.63,阿迪达斯,有货,
P-JD-390094,jd_7078334,jd,阿迪达斯 图书文具 31,图书文具,其他,1953.77,Apple,有货,
P-JD-391326,jd_8342420,jd,耐克 美妆个护 88,图书文具,其他,2948.37,优衣库,有货,
P-JD-392744,jd_6556222,jd,阿迪达斯 母婴用品 7,家居用品,其他,1037.95,三星,有货,
P-JD-392886,jd_9586831,jd,优衣库 电子产品 86,家居用品,其他,3116.25,Apple,有货,
P-JD-392917,jd_5385064,jd,华为 服装鞋帽 99,家居用品,其他,1278.91,小米,有货,
P-JD-393128,jd_1684343,jd,海尔 家居用品 88,食品饮料,其他,1337.79,耐克,有货,
P-JD-393347,jd_4121349,jd,优衣库 电子产品 96,运动户外,其他,735.84,华为,有货,
P-JD-393915,jd_6017430,jd,阿迪达斯 美妆个护 48,图书文具,其他,2408.12,阿迪达斯,有货,
P-JD-394473,jd_9789369,jd,阿迪达斯 运动户外 67,电子产品,其他,1531.30,优衣库,有货,
P-JD-396072,jd_3831480,jd,三星 运动户外 53,图书文具,其他,3997.92,小米,有货,
P-JD-396133,jd_4113231,jd,阿迪达斯 图书文具 81,母婴用品,其他,209.13,三星,有货,
P-JD-396320,jd_9840050,jd,小米 运动户外 88,服装鞋帽,其他,1349.57,耐克,有货,
P-JD-396743,jd_8744805,jd,阿迪达斯 运动户外 64,美妆个护,其他,2409.12,海尔,有货,
P-JD-396756,jd_8198132,jd,华为 电子产品 33,家居用品,其他,1029.70,优衣库,有货,
P-JD-397544,jd_7853682,jd,Apple 母婴用品 81,美妆个护,其他,2973.49,华为,有货,
P-JD-397769,jd_2184729,jd,耐克 图书文具 71,电子产品,其他,2807.09,阿迪达斯,有货,
P-JD-398276,jd_4517987,jd,三星 美妆个护 64,服装鞋帽,其他,3835.15,耐克,有货,
P-JD-398845,jd_6021562,jd,海尔 食品饮料 91,服装鞋帽,其他,3947.52,海尔,有货,
P-JD-398852,jd_9532432,jd,Apple 母婴用品 41,图书文具,其他,3841.97,小米,有货,
P-JD-400116,jd_2492094,jd,阿迪达斯 家居用品 6,服装鞋帽,其他,2617.40,阿迪达斯,有货,
P-JD-401784,jd_2712474,jd,海尔 运动户外 28,美妆个护,其他,1919.01,Apple,有货,
P-JD-402077,jd_7407826,jd,优衣库 服装鞋帽 72,服装鞋帽,其他,2145.49,阿迪达斯,有货,
P-JD-405094,jd_3866229,jd,Apple 服装鞋帽 57,电子产品,其他,3575.66,ZARA,有货,
P-JD-406134,jd_8423648,jd,小米 图书文具 11,运动户外,其他,4365.14,优衣库,有货,
P-JD-406160,jd_8743473,jd,ZARA 食品饮料 44,家居用品,其他,2053.92,耐克,有货,
P-JD-406463,jd_8245244,jd,耐克 母婴用品 57,电子产品,其他,3452.83,Apple,有货,
P-JD-406602,jd_1287563,jd,阿迪达斯 图书文具 16,母婴用品,其他,3587.19,耐克,有货,
P-JD-406874,jd_2869422,jd,小米 图书文具 47,电子产品,其他,2470.42,华为,有货,
P-JD-407419,jd_8259040,jd,优衣库 服装鞋帽 17,电子产品,其他,2638.13,三星,有货,
P-JD-408679,jd_4600795,jd,阿迪达斯 食品饮料 97,食品饮料,其他,3793.22,海尔,有货,
P-JD-408785,jd_7465098,jd,小米 图书文具 32,运动户外,其他,2097.50,Apple,有货,
P-JD-409490,jd_2312574,jd,格力 图书文具 95,家居用品,其他,2553.13,阿迪达斯,有货,
P-JD-410216,jd_5110340,jd,耐克 家居用品 75,食品饮料,其他,3420.38,小米,有货,
P-JD-411293,jd_3957339,jd,优衣库 电子产品 7,食品饮料,其他,4013.38,华为,有货,
P-JD-411379,jd_4308160,jd,Apple 电子产品 63,服装鞋帽,其他,3934.15,阿迪达斯,有货,
P-JD-411854,jd_2677820,jd,海尔 运动户外 12,母婴用品,其他,2567.94,ZARA,有货,
P-JD-412267,jd_3017593,jd,小米 运动户外 66,美妆个护,其他,54.32,三星,有货,
P-JD-412295,jd_4909486,jd,耐克 母婴用品 53,家居用品,其他,1022.41,华为,有货,
P-JD-412668,jd_5409193,jd,格力 食品饮料 10,食品饮料,其他,1458.38,阿迪达斯,有货,
P-JD-412986,jd_5116811,jd,阿迪达斯 电子产品 51,电子产品,其他,4451.96,ZARA,有货,
P-JD-415344,jd_2695397,jd,耐克 家居用品 34,美妆个护,其他,1536.26,Apple,有货,
P-JD-415731,jd_7845549,jd,小米 美妆个护 18,运动户外,其他,4137.10,三星,有货,
P-JD-416163,jd_8996876,jd,耐克 运动户外 24,食品饮料,其他,4477.68,ZARA,有货,
P-JD-416836,jd_8068266,jd,Apple 服装鞋帽 80,美妆个护,其他,747.35,小米,有货,
P-JD-417657,jd_8128886,jd,小米 食品饮料 9,图书文具,其他,2210.12,优衣库,有货,
P-JD-418369,jd_9023615,jd,阿迪达斯 母婴用品 41,运动户外,其他,1153.18,格力,有货,
P-JD-418963,jd_4757285,jd,格力 服装鞋帽 72,食品饮料,其他,694.11,三星,有货,
P-JD-419160,jd_3071375,jd,格力 图书文具 47,家居用品,其他,523.11,格力,有货,
P-JD-420532,jd_3378321,jd,格力 美妆个护 60,家居用品,其他,4886.80,ZARA,有货,
P-JD-421509,jd_2970841,jd,格力 家居用品 6,家居用品,其他,3461.42,耐克,有货,
P-JD-422791,jd_3650756,jd,小米 母婴用品 63,电子产品,其他,241.46,Apple,有货,
P-JD-422917,jd_4132736,jd,海尔 美妆个护 3,服装鞋帽,其他,1245.74,耐克,有货,
P-JD-423228,jd_5460895,jd,阿迪达斯 食品饮料 34,服装鞋帽,其他,2994.71,海尔,有货,
P-JD-423976,jd_4093786,jd,小米 美妆个护 76,家居用品,其他,1673.37,小米,有货,
P-JD-424435,jd_9733047,jd,耐克 母婴用品 79,母婴用品,其他,2699.57,优衣库,有货,
P-JD-424502,jd_9833532,jd,小米 美妆个护 85,家居用品,其他,2274.87,海尔,有货,
P-JD-425129,jd_9372080,jd,耐克 美妆个护 2,电子产品,其他,2398.77,阿迪达斯,有货,
P-JD-425967,jd_4203867,jd,海尔 服装鞋帽 63,美妆个护,其他,1643.96,格力,有货,
P-JD-426654,jd_2942865,jd,格力 图书文具 56,美妆个护,其他,1819.78,耐克,有货,
P-JD-427393,jd_5022924,jd,Apple 美妆个护 29,食品饮料,其他,1823.02,Apple,有货,
P-JD-428137,jd_1865103,jd,耐克 服装鞋帽 30,美妆个护,其他,3586.51,耐克,有货,
P-JD-428431,jd_5261025,jd,海尔 运动户外 60,运动户外,其他,3623.98,Apple,有货,
P-JD-429361,jd_3509175,jd,华为 食品饮料 96,电子产品,其他,3099.89,海尔,有货,
P-JD-429364,jd_7958690,jd,海尔 母婴用品 37,电子产品,其他,2670.67,华为,有货,
P-JD-429808,jd_2828151,jd,Apple 运动户外 97,运动户外,其他,3858.82,阿迪达斯,有货,
P-JD-429904,jd_1382572,jd,阿迪达斯 运动户外 2,服装鞋帽,其他,4516.58,Apple,有货,
P-JD-431353,jd_4465689,jd,华为 运动户外 78,食品饮料,其他,2094.86,三星,有货,
P-JD-431656,jd_3999525,jd,三星 食品饮料 12,运动户外,其他,3879.98,三星,有货,
P-JD-433005,jd_1002937,jd,优衣库 食品饮料 71,运动户外,其他,3387.18,耐克,有货,
P-JD-433206,jd_8783413,jd,三星 美妆个护 94,运动户外,其他,4253.58,耐克,有货,
P-JD-433328,jd_2887733,jd,耐克 母婴用品 45,服装鞋帽,其他,4731.69,阿迪达斯,有货,
P-JD-433443,jd_6038696,jd,阿迪达斯 电子产品 6,图书文具,其他,536.53,ZARA,有货,
P-JD-433717,jd_9161288,jd,优衣库 运动户外 20,电子产品,其他,881.29,耐克,有货,
P-JD-433983,jd_1839525,jd,优衣库 美妆个护 58,图书文具,其他,2205.69,ZARA,有货,
P-JD-436056,jd_6292126,jd,小米 食品饮料 81,图书文具,其他,2654.57,优衣库,有货,
P-JD-439440,jd_9544799,jd,格力 家居用品 11,服装鞋帽,其他,2239.28,三星,有货,
P-JD-439441,jd_5238530,jd,Apple 电子产品 40,美妆个护,其他,584.02,优衣库,有货,
P-JD-440420,jd_8760463,jd,华为 图书文具 4,美妆个护,其他,3409.77,优衣库,有货,
P-JD-440987,jd_2246566,jd,阿迪达斯 食品饮料 13,家居用品,其他,4957.66,Apple,有货,
P-JD-441353,jd_6327809,jd,Apple 电子产品 54,家居用品,其他,3907.27,小米,有货,
P-JD-441532,jd_6415012,jd,三星 运动户外 8,图书文具,其他,810.83,格力,有货,
P-JD-442725,jd_4099689,jd,阿迪达斯 图书文具 93,食品饮料,其他,3458.61,三星,有货,
P-JD-443258,jd_7239975,jd,耐克 电子产品 13,运动户外,其他,2366.63,格力,有货,
P-JD-443384,jd_7494721,jd,三星 美妆个护 60,美妆个护,其他,1720.02,耐克,有货,
P-JD-443549,jd_5883116,jd,优衣库 美妆个护 78,电子产品,其他,2086.74,三星,有货,
P-JD-443701,jd_1820889,jd,Apple 电子产品 62,服装鞋帽,其他,866.65,华为,有货,
P-JD-444790,jd_6576549,jd,小米 食品饮料 6,运动户外,其他,141.70,华为,有货,
P-JD-444799,jd_8100846,jd,华为 运动户外 88,家居用品,其他,1995.38,Apple,有货,
P-JD-445902,jd_7410907,jd,三星 食品饮料 45,图书文具,其他,555.36,优衣库,有货,
P-JD-446119,jd_8146959,jd,ZARA 图书文具 8,运动户外,其他,3953.36,格力,有货,
P-JD-446139,jd_8614979,jd,ZARA 运动户外 39,母婴用品,其他,1958.33,小米,有货,
P-JD-446584,jd_6703742,jd,小米 母婴用品 72,运动户外,其他,3136.30,小米,有货,
P-JD-446597,jd_4171134,jd,格力 服装鞋帽 34,电子产品,其他,3659.93,阿迪达斯,有货,
P-JD-447719,jd_7444210,jd,Apple 母婴用品 49,服装鞋帽,其他,3818.02,Apple,有货,
P-JD-448813,jd_7555349,jd,阿迪达斯 图书文具 42,服装鞋帽,其他,764.21,华为,有货,
P-JD-449191,jd_7495425,jd,华为 食品饮料 72,美妆个护,其他,4306.28,阿迪达斯,有货,
P-JD-450911,jd_4796135,jd,格力 运动户外 86,食品饮料,其他,2887.72,小米,有货,
P-JD-451761,jd_5017175,jd,ZARA 美妆个护 52,食品饮料,其他,1630.89,海尔,有货,
P-JD-451959,jd_1957922,jd,小米 家居用品 78,服装鞋帽,其他,3623.70,小米,有货,
P-JD-452100,jd_9301871,jd,Apple 美妆个护 67,服装鞋帽,其他,3635.98,优衣库,有货,
P-JD-453634,jd_8729427,jd,格力 服装鞋帽 34,图书文具,其他,499.11,优衣库,有货,
P-JD-454261,jd_2304174,jd,海尔 食品饮料 54,美妆个护,其他,161.85,三星,有货,
P-JD-455698,jd_6148377,jd,小米 电子产品 54,家居用品,其他,1700.44,Apple,有货,
P-JD-458461,jd_6735350,jd,格力 美妆个护 55,家居用品,其他,2718.24,ZARA,有货,
P-JD-458468,jd_5408742,jd,ZARA 运动户外 58,运动户外,其他,3118.10,三星,有货,
P-JD-458995,jd_2009387,jd,Apple 运动户外 17,电子产品,其他,3344.65,三星,有货,
P-JD-459033,jd_2764368,jd,耐克 图书文具 14,运动户外,其他,1338.72,耐克,有货,
P-JD-460751,jd_7052349,jd,三星 母婴用品 21,图书文具,其他,509.60,Apple,有货,
P-JD-460786,jd_8006499,jd,优衣库 食品饮料 20,母婴用品,其他,4858.00,耐克,有货,
P-JD-462658,jd_9311361,jd,华为 服装鞋帽 62,美妆个护,其他,1473.35,三星,有货,
P-JD-462755,jd_6818485,jd,海尔 食品饮料 73,美妆个护,其他,3481.48,华为,有货,
P-JD-462992,jd_2857614,jd,阿迪达斯 美妆个护 54,图书文具,其他,942.75,ZARA,有货,
P-JD-463512,jd_8694493,jd,格力 电子产品 28,母婴用品,其他,1222.33,格力,有货,
P-JD-463917,jd_4203546,jd,格力 服装鞋帽 49,运动户外,其他,1781.25,华为,有货,
P-JD-464053,jd_5230139,jd,ZARA 美妆个护 25,图书文具,其他,3963.88,ZARA,有货,
P-JD-465316,jd_4427758,jd,华为 图书文具 44,运动户外,其他,1446.66,Apple,有货,
P-JD-466109,jd_3638510,jd,小米 母婴用品 69,图书文具,其他,3180.93,阿迪达斯,有货,
P-JD-466827,jd_2840312,jd,华为 食品饮料 2,母婴用品,其他,108.41,ZARA,有货,
P-JD-467283,jd_1488670,jd,海尔 美妆个护 73,电子产品,其他,4835.61,小米,有货,
P-JD-469357,jd_4052078,jd,小米 食品饮料 69,食品饮料,其他,143.83,Apple,有货,
P-JD-469764,jd_4241958,jd,ZARA 母婴用品 83,家居用品,其他,2604.04,优衣库,有货,
P-JD-470512,jd_7753073,jd,三星 母婴用品 78,服装鞋帽,其他,3573.47,格力,有货,
P-JD-470525,jd_8030667,jd,小米 运动户外 82,母婴用品,其他,1073.52,优衣库,有货,
P-JD-471958,jd_9412883,jd,海尔 食品饮料 45,母婴用品,其他,1933.48,阿迪达斯,有货,
P-JD-472017,jd_2239292,jd,三星 家居用品 34,食品饮料,其他,2150.42,华为,有货,
P-JD-473901,jd_2282546,jd,小米 图书文具 64,运动户外,其他,3855.56,海尔,有货,
P-JD-474378,jd_9584516,jd,小米 图书文具 98,家居用品,其他,3080.56,海尔,有货,
P-JD-474862,jd_4741650,jd,小米 食品饮料 64,电子产品,其他,3727.06,优衣库,有货,
P-JD-475448,jd_4850043,jd,小米 食品饮料 20,家居用品,其他,2545.08,三星,有货,
P-JD-475900,jd_6356692,jd,耐克 食品饮料 22,运动户外,其他,4419.60,格力,有货,
P-JD-477131,jd_1441888,jd,华为 母婴用品 82,食品饮料,其他,492.26,耐克,有货,
P-JD-477260,jd_6018660,jd,阿迪达斯 电子产品 58,美妆个护,其他,3454.36,Apple,有货,
P-JD-477487,jd_2173407,jd,华为 运动户外 85,美妆个护,其他,2330.17,海尔,有货,
P-JD-477931,jd_2594526,jd,耐克 母婴用品 99,服装鞋帽,其他,2422.72,三星,有货,
P-JD-477961,jd_9256348,jd,格力 运动户外 2,图书文具,其他,3322.69,格力,有货,
P-JD-478255,jd_9816810,jd,耐克 电子产品 64,服装鞋帽,其他,2330.91,海尔,有货,
P-JD-478593,jd_9824221,jd,Apple 美妆个护 79,美妆个护,其他,4761.67,优衣库,有货,
P-JD-478807,jd_8558211,jd,优衣库 食品饮料 14,服装鞋帽,其他,165.76,海尔,有货,
P-JD-480121,jd_2126133,jd,Apple 母婴用品 37,食品饮料,其他,2298.98,华为,有货,
P-JD-481266,jd_9587783,jd,海尔 服装鞋帽 96,图书文具,其他,3487.67,三星,有货,
P-JD-481765,jd_7559774,jd,海尔 服装鞋帽 65,食品饮料,其他,2323.89,格力,有货,
P-JD-482600,jd_6422031,jd,格力 母婴用品 37,运动户外,其他,2407.55,Apple,有货,
P-JD-482652,jd_8659526,jd,阿迪达斯 家居用品 10,母婴用品,其他,4040.20,优衣库,有货,
P-JD-482747,jd_8278737,jd,海尔 食品饮料 60,运动户外,其他,4657.32,Apple,有货,
P-JD-482944,jd_6002469,jd,Apple 美妆个护 70,图书文具,其他,3956.80,Apple,有货,
P-JD-482959,jd_8227971,jd,海尔 电子产品 78,运动户外,其他,2744.22,华为,有货,
P-JD-485471,jd_9326838,jd,海尔 图书文具 5,食品饮料,其他,2627.12,优衣库,有货,
P-JD-486640,jd_5154701,jd,三星 美妆个护 12,运动户外,其他,1903.26,格力,有货,
P-JD-486651,jd_2421309,jd,Apple 食品饮料 21,图书文具,其他,4950.18,三星,有货,
P-JD-486660,jd_5246537,jd,Apple 图书文具 79,电子产品,其他,4648.15,海尔,有货,
P-JD-487272,jd_6374778,jd,格力 服装鞋帽 3,食品饮料,其他,2802.54,华为,有货,
P-JD-487809,jd_8369462,jd,三星 服装鞋帽 52,母婴用品,其他,899.75,Apple,有货,
P-JD-489551,jd_5345614,jd,小米 母婴用品 46,电子产品,其他,1202.81,格力,有货,
P-JD-489934,jd_7050168,jd,耐克 图书文具 6,家居用品,其他,3187.55,华为,有货,
P-JD-492732,jd_1777267,jd,优衣库 家居用品 81,食品饮料,其他,191.76,海尔,有货,
P-JD-493154,jd_5090982,jd,海尔 图书文具 8,母婴用品,其他,2671.82,小米,有货,
P-JD-494860,jd_7329888,jd,海尔 图书文具 4,母婴用品,其他,3978.76,海尔,有货,
P-JD-496853,jd_9969979,jd,华为 母婴用品 84,美妆个护,其他,581.47,海尔,有货,
P-JD-497153,jd_5808363,jd,三星 运动户外 32,母婴用品,其他,3863.32,阿迪达斯,有货,
P-JD-498185,jd_7781415,jd,小米 服装鞋帽 94,运动户外,其他,4885.79,Apple,有货,
P-JD-498300,jd_2670700,jd,三星 服装鞋帽 24,图书文具,其他,4092.35,华为,有货,
P-JD-499224,jd_4897040,jd,阿迪达斯 母婴用品 30,母婴用品,其他,4918.16,Apple,有货,
P-JD-500596,jd_1845467,jd,格力 运动户外 42,图书文具,其他,1847.38,华为,有货,
P-JD-501944,jd_7105478,jd,阿迪达斯 服装鞋帽 100,美妆个护,其他,1529.63,海尔,有货,
P-JD-502307,jd_3060686,jd,格力 食品饮料 43,母婴用品,其他,3835.36,海尔,有货,
P-JD-502464,jd_3457262,jd,小米 服装鞋帽 71,运动户外,其他,4758.66,海尔,有货,
P-JD-503092,jd_1522019,jd,Apple 家居用品 83,电子产品,其他,4839.71,ZARA,有货,
P-JD-503732,jd_8144829,jd,格力 服装鞋帽 14,运动户外,其他,2252.18,ZARA,有货,
P-JD-504516,jd_1133969,jd,华为 食品饮料 54,食品饮料,其他,805.36,海尔,有货,
P-JD-504537,jd_8997354,jd,优衣库 食品饮料 100,运动户外,其他,2588.68,小米,有货,
P-JD-504960,jd_7447554,jd,耐克 美妆个护 79,美妆个护,其他,1561.87,优衣库,有货,
P-JD-506021,jd_9022147,jd,小米 美妆个护 41,运动户外,其他,2408.69,耐克,有货,
P-JD-506037,jd_4327727,jd,耐克 图书文具 78,服装鞋帽,其他,2993.47,华为,有货,
P-JD-506444,jd_7938729,jd,耐克 服装鞋帽 29,家居用品,其他,1449.22,Apple,有货,
P-JD-506778,jd_4397960,jd,阿迪达斯 美妆个护 3,运动户外,其他,2101.72,Apple,有货,
P-JD-507472,jd_8475410,jd,ZARA 服装鞋帽 40,运动户外,其他,823.22,小米,有货,
P-JD-507867,jd_1743500,jd,优衣库 母婴用品 44,家居用品,其他,4470.40,阿迪达斯,有货,
P-JD-507964,jd_1656897,jd,华为 运动户外 57,食品饮料,其他,3651.68,阿迪达斯,有货,
P-JD-508383,jd_6922243,jd,格力 母婴用品 82,图书文具,其他,3034.57,海尔,有货,
P-JD-509560,jd_3039991,jd,格力 母婴用品 44,美妆个护,其他,4803.91,Apple,有货,
P-JD-511682,jd_9727388,jd,华为 食品饮料 67,家居用品,其他,2405.07,小米,有货,
P-JD-514049,jd_4796066,jd,优衣库 母婴用品 25,服装鞋帽,其他,975.56,格力,有货,
P-JD-514733,jd_2052266,jd,小米 美妆个护 72,服装鞋帽,其他,1775.03,耐克,有货,
P-JD-514839,jd_5780582,jd,小米 运动户外 7,图书文具,其他,2261.01,Apple,有货,
P-JD-514918,jd_3354097,jd,Apple 家居用品 59,运动户外,其他,4998.09,格力,有货,
P-JD-515623,jd_1011736,jd,ZARA 母婴用品 81,服装鞋帽,其他,4906.13,Apple,有货,
P-JD-517353,jd_3646913,jd,ZARA 美妆个护 70,运动户外,其他,4093.71,三星,有货,
P-JD-517844,jd_5628134,jd,优衣库 家居用品 73,图书文具,其他,519.19,海尔,有货,
P-JD-518336,jd_7773349,jd,三星 美妆个护 26,家居用品,其他,4166.68,耐克,有货,
P-JD-519438,jd_7900024,jd,海尔 母婴用品 6,母婴用品,其他,4091.03,优衣库,有货,
P-JD-519538,jd_8935551,jd,优衣库 图书文具 15,运动户外,其他,733.17,格力,有货,
P-JD-519884,jd_9549615,jd,三星 美妆个护 68,运动户外,其他,1407.47,优衣库,有货,
P-JD-520851,jd_7745450,jd,小米 服装鞋帽 48,图书文具,其他,4334.63,格力,有货,
P-JD-521771,jd_2222045,jd,小米 美妆个护 1,运动户外,其他,2106.20,格力,有货,
P-JD-523845,jd_6643898,jd,Apple 服装鞋帽 45,家居用品,其他,1099.80,格力,有货,
P-JD-524457,jd_2289501,jd,格力 运动户外 70,电子产品,其他,3287.24,小米,有货,
P-JD-524810,jd_4311177,jd,华为 母婴用品 48,母婴用品,其他,3793.14,华为,有货,
P-JD-525060,jd_2565207,jd,耐克 电子产品 30,图书文具,其他,300.64,ZARA,有货,
P-JD-526069,jd_7730495,jd,小米 美妆个护 45,食品饮料,其他,3817.08,优衣库,有货,
P-JD-526284,jd_8418536,jd,Apple 图书文具 33,服装鞋帽,其他,3967.78,三星,有货,
P-JD-526588,jd_3788670,jd,ZARA 电子产品 95,运动户外,其他,545.57,Apple,有货,
P-JD-527168,jd_9765445,jd,三星 电子产品 68,图书文具,其他,710.53,华为,有货,
P-JD-527219,jd_1353382,jd,优衣库 家居用品 98,图书文具,其他,1171.30,ZARA,有货,
P-JD-527814,jd_3880649,jd,Apple 电子产品 41,家居用品,其他,4097.97,ZARA,有货,
P-JD-528149,jd_4258993,jd,格力 食品饮料 70,图书文具,其他,3442.55,优衣库,有货,
P-JD-530999,jd_6472207,jd,三星 美妆个护 33,母婴用品,其他,440.38,三星,有货,
P-JD-531165,jd_6459004,jd,Apple 图书文具 78,家居用品,其他,957.29,ZARA,有货,
P-JD-531809,jd_8809960,jd,小米 电子产品 5,图书文具,其他,1768.30,耐克,有货,
P-JD-532014,jd_4560797,jd,阿迪达斯 食品饮料 74,美妆个护,其他,330.44,华为,有货,
P-JD-532494,jd_9746120,jd,阿迪达斯 电子产品 7,美妆个护,其他,554.09,格力,有货,
P-JD-532950,jd_8323353,jd,海尔 运动户外 11,服装鞋帽,其他,3869.84,海尔,有货,
P-JD-533627,jd_4176885,jd,优衣库 运动户外 85,服装鞋帽,其他,4246.39,华为,有货,
P-JD-534845,jd_1784794,jd,阿迪达斯 图书文具 63,食品饮料,其他,2996.50,耐克,有货,
P-JD-535104,jd_4899142,jd,华为 家居用品 68,电子产品,其他,963.51,ZARA,有货,
P-JD-535936,jd_7845072,jd,阿迪达斯 母婴用品 85,电子产品,其他,3041.36,三星,有货,
P-JD-536098,jd_9280195,jd,小米 食品饮料 84,美妆个护,其他,3499.66,格力,有货,
P-JD-536145,jd_1667563,jd,格力 电子产品 66,美妆个护,其他,1154.05,耐克,有货,
P-JD-536149,jd_9029401,jd,格力 服装鞋帽 66,美妆个护,其他,2997.69,海尔,有货,
P-JD-536859,jd_7059380,jd,阿迪达斯 母婴用品 51,图书文具,其他,3100.81,三星,有货,
P-JD-537088,jd_9699986,jd,格力 家居用品 25,食品饮料,其他,4957.27,格力,有货,
P-JD-537569,jd_5719913,jd,阿迪达斯 电子产品 51,母婴用品,其他,2495.91,ZARA,有货,
P-JD-537678,jd_6748517,jd,ZARA 图书文具 94,家居用品,其他,4538.31,ZARA,有货,
P-JD-538476,jd_1381165,jd,小米 运动户外 8,家居用品,其他,1349.93,阿迪达斯,有货,
P-JD-539146,jd_2105183,jd,三星 美妆个护 82,美妆个护,其他,4826.34,阿迪达斯,有货,
P-JD-539591,jd_9738082,jd,阿迪达斯 食品饮料 9,美妆个护,其他,2435.69,ZARA,有货,
P-JD-540776,jd_6212560,jd,三星 运动户外 27,电子产品,其他,2333.09,三星,有货,
P-JD-543343,jd_9558014,jd,三星 美妆个护 66,家居用品,其他,3786.13,格力,有货,
P-JD-544011,jd_5602403,jd,ZARA 食品饮料 2,家居用品,其他,2575.76,优衣库,有货,
P-JD-544121,jd_4357508,jd,阿迪达斯 服装鞋帽 3,图书文具,其他,76.68,三星,有货,
P-JD-545042,jd_3749906,jd,海尔 母婴用品 73,母婴用品,其他,4016.33,阿迪达斯,有货,
P-JD-545256,jd_9376215,jd,ZARA 电子产品 13,家居用品,其他,367.21,优衣库,有货,
P-JD-545719,jd_2523472,jd,小米 图书文具 71,图书文具,其他,950.52,ZARA,有货,
P-JD-545731,jd_7468042,jd,耐克 家居用品 41,母婴用品,其他,1104.59,优衣库,有货,
P-JD-546858,jd_7688606,jd,耐克 服装鞋帽 13,食品饮料,其他,4111.56,Apple,有货,
P-JD-549106,jd_1130012,jd,华为 食品饮料 57,美妆个护,其他,87.10,华为,有货,
P-JD-549224,jd_6756083,jd,Apple 家居用品 94,食品饮料,其他,3408.68,ZARA,有货,
P-JD-549529,jd_3791478,jd,优衣库 美妆个护 78,美妆个护,其他,2165.75,海尔,有货,
P-JD-549734,jd_5303870,jd,Apple 母婴用品 36,母婴用品,其他,3833.14,海尔,有货,
P-JD-550817,jd_4063381,jd,阿迪达斯 美妆个护 57,服装鞋帽,其他,1873.96,耐克,有货,
P-JD-551482,jd_1833393,jd,小米 母婴用品 13,美妆个护,其他,1456.40,三星,有货,
P-JD-551696,jd_2096747,jd,Apple 家居用品 9,电子产品,其他,3092.95,Apple,有货,
P-JD-553540,jd_7795345,jd,优衣库 食品饮料 99,服装鞋帽,其他,4832.83,耐克,有货,
P-JD-555354,jd_4139225,jd,小米 美妆个护 74,电子产品,其他,1070.62,耐克,有货,
P-JD-557190,jd_5178713,jd,华为 家居用品 86,食品饮料,其他,2515.52,格力,有货,
P-JD-559357,jd_6784923,jd,Apple 食品饮料 73,家居用品,其他,2379.81,阿迪达斯,有货,
P-JD-560815,jd_4336590,jd,海尔 美妆个护 24,美妆个护,其他,861.18,海尔,有货,
P-JD-561643,jd_6943132,jd,海尔 服装鞋帽 51,图书文具,其他,524.38,海尔,有货,
P-JD-562207,jd_5589533,jd,小米 食品饮料 97,电子产品,其他,695.59,海尔,有货,
P-JD-562723,jd_6984556,jd,阿迪达斯 电子产品 35,服装鞋帽,其他,999.94,华为,有货,
P-JD-562876,jd_9221754,jd,阿迪达斯 食品饮料 49,服装鞋帽,其他,3803.22,小米,有货,
P-JD-563243,jd_4874693,jd,三星 服装鞋帽 63,食品饮料,其他,3279.35,优衣库,有货,
P-JD-563400,jd_5656845,jd,阿迪达斯 电子产品 58,运动户外,其他,4350.65,Apple,有货,
P-JD-564802,jd_2970931,jd,华为 食品饮料 40,食品饮料,其他,2641.56,耐克,有货,
P-JD-564803,jd_7453330,jd,小米 运动户外 16,电子产品,其他,4223.53,ZARA,有货,
P-JD-565545,jd_7565108,jd,ZARA 服装鞋帽 54,服装鞋帽,其他,2295.64,海尔,有货,
P-JD-567610,jd_1456403,jd,格力 美妆个护 26,电子产品,其他,1537.78,优衣库,有货,
P-JD-567684,jd_8762243,jd,优衣库 图书文具 58,图书文具,其他,1321.61,ZARA,有货,
P-JD-571817,jd_4274295,jd,ZARA 母婴用品 82,母婴用品,其他,2589.53,小米,有货,
P-JD-573123,jd_5610113,jd,华为 母婴用品 15,电子产品,其他,655.58,格力,有货,
P-JD-573215,jd_3180466,jd,Apple 运动户外 56,食品饮料,其他,1778.11,优衣库,有货,
P-JD-573691,jd_8076533,jd,Apple 母婴用品 62,美妆个护,其他,1728.20,小米,有货,
P-JD-574659,jd_8097487,jd,华为 食品饮料 66,母婴用品,其他,2248.03,华为,有货,
P-JD-574732,jd_8725432,jd,优衣库 母婴用品 76,运动户外,其他,3091.32,格力,有货,
P-JD-575717,jd_5561794,jd,阿迪达斯 图书文具 3,家居用品,其他,3522.33,三星,有货,
P-JD-576645,jd_6310354,jd,ZARA 美妆个护 58,运动户外,其他,3836.71,优衣库,有货,
P-JD-577037,jd_3982443,jd,ZARA 食品饮料 95,运动户外,其他,1753.55,优衣库,有货,
P-JD-577067,jd_3095527,jd,华为 图书文具 36,食品饮料,其他,3811.02,三星,有货,
P-JD-578192,jd_2977237,jd,优衣库 服装鞋帽 73,运动户外,其他,2216.98,Apple,有货,
P-JD-578312,jd_2448359,jd,Apple 运动户外 33,美妆个护,其他,918.98,ZARA,有货,
P-JD-579022,jd_7912228,jd,Apple 运动户外 3,美妆个护,其他,1684.51,优衣库,有货,
P-JD-579381,jd_2090964,jd,海尔 运动户外 28,家居用品,其他,1777.89,格力,有货,
P-JD-579865,jd_3584436,jd,Apple 母婴用品 94,电子产品,其他,355.15,海尔,有货,
P-JD-580148,jd_5580712,jd,耐克 电子产品 38,家居用品,其他,2920.71,三星,有货,
P-JD-580287,jd_6798880,jd,小米 服装鞋帽 49,运动户外,其他,1034.75,耐克,有货,
P-JD-580849,jd_9216018,jd,阿迪达斯 服装鞋帽 97,电子产品,其他,557.19,小米,有货,
P-JD-580928,jd_8160837,jd,优衣库 电子产品 24,家居用品,其他,3479.90,ZARA,有货,
P-JD-581818,jd_4002077,jd,ZARA 母婴用品 38,母婴用品,其他,278.06,华为,有货,
P-JD-583648,jd_1261539,jd,格力 美妆个护 10,运动户外,其他,3288.04,ZARA,有货,
P-JD-584599,jd_8794240,jd,阿迪达斯 电子产品 73,服装鞋帽,其他,3572.74,ZARA,有货,
P-JD-586306,jd_8505023,jd,ZARA 家居用品 61,图书文具,其他,2487.31,三星,有货,
P-JD-586557,jd_9046078,jd,格力 美妆个护 84,服装鞋帽,其他,2554.78,Apple,有货,
P-JD-587975,jd_4758289,jd,耐克 母婴用品 80,家居用品,其他,1696.33,三星,有货,
P-JD-588904,jd_8894308,jd,华为 服装鞋帽 17,家居用品,其他,2348.58,海尔,有货,
P-JD-589574,jd_7658371,jd,Apple 母婴用品 26,服装鞋帽,其他,1589.88,Apple,有货,
P-JD-590682,jd_9359424,jd,耐克 电子产品 25,食品饮料,其他,1637.76,格力,有货,
P-JD-591184,jd_5913200,jd,华为 母婴用品 97,母婴用品,其他,1606.44,华为,有货,
P-JD-592294,jd_6150873,jd,三星 母婴用品 99,运动户外,其他,4021.07,Apple,有货,
P-JD-592314,jd_2750984,jd,格力 食品饮料 84,图书文具,其他,1183.68,格力,有货,
P-JD-592409,jd_9371304,jd,华为 服装鞋帽 3,图书文具,其他,1709.43,ZARA,有货,
P-JD-594390,jd_6512327,jd,小米 运动户外 43,美妆个护,其他,2066.84,海尔,有货,
P-JD-596284,jd_4829532,jd,格力 运动户外 45,美妆个护,其他,1173.59,小米,有货,
P-JD-597872,jd_1300964,jd,阿迪达斯 运动户外 84,家居用品,其他,3345.37,华为,有货,
P-JD-599190,jd_6027924,jd,阿迪达斯 服装鞋帽 32,食品饮料,其他,2063.96,ZARA,有货,
P-JD-599815,jd_6283485,jd,海尔 图书文具 62,母婴用品,其他,1800.88,海尔,有货,
P-JD-600920,jd_3530603,jd,优衣库 家居用品 97,美妆个护,其他,938.88,格力,有货,
P-JD-601437,jd_3109575,jd,耐克 运动户外 58,图书文具,其他,4588.40,格力,有货,
P-JD-601470,jd_8590172,jd,ZARA 图书文具 1,服装鞋帽,其他,2169.15,阿迪达斯,有货,
P-JD-602729,jd_2446981,jd,小米 母婴用品 19,母婴用品,其他,3496.47,小米,有货,
P-JD-604332,jd_3336184,jd,三星 运动户外 66,美妆个护,其他,3907.98,耐克,有货,
P-JD-604956,jd_6546660,jd,小米 图书文具 42,母婴用品,其他,2428.94,格力,有货,
P-JD-605128,jd_2057604,jd,格力 食品饮料 32,家居用品,其他,596.06,耐克,有货,
P-JD-606787,jd_5621648,jd,阿迪达斯 电子产品 96,图书文具,其他,1777.13,华为,有货,
P-JD-607630,jd_1792478,jd,ZARA 家居用品 28,图书文具,其他,4267.94,耐克,有货,
P-JD-608313,jd_8430873,jd,华为 服装鞋帽 59,食品饮料,其他,2514.17,三星,有货,
P-JD-609226,jd_4882888,jd,优衣库 美妆个护 76,食品饮料,其他,2409.87,格力,有货,
P-JD-610908,jd_5930589,jd,海尔 美妆个护 75,食品饮料,其他,688.33,ZARA,有货,
P-JD-611754,jd_8250745,jd,三星 运动户外 14,运动户外,其他,90.35,阿迪达斯,有货,
P-JD-612001,jd_8274930,jd,阿迪达斯 图书文具 15,食品饮料,其他,4378.66,ZARA,有货,
P-JD-612237,jd_7078972,jd,ZARA 运动户外 42,母婴用品,其他,118.76,华为,有货,
P-JD-612390,jd_5151383,jd,Apple 食品饮料 11,图书文具,其他,3396.15,耐克,有货,
P-JD-613601,jd_3674521,jd,三星 家居用品 48,母婴用品,其他,2369.57,小米,有货,
P-JD-613807,jd_4399141,jd,华为 电子产品 84,母婴用品,其他,1496.19,优衣库,有货,
P-JD-613848,jd_5566069,jd,阿迪达斯 家居用品 70,母婴用品,其他,663.72,格力,有货,
P-JD-614287,jd_6846605,jd,Apple 运动户外 68,美妆个护,其他,3013.13,耐克,有货,
P-JD-615019,jd_5567242,jd,华为 美妆个护 29,服装鞋帽,其他,2871.41,ZARA,有货,
P-JD-615919,jd_4233419,jd,阿迪达斯 母婴用品 69,运动户外,其他,1944.06,小米,有货,
P-JD-617239,jd_5480843,jd,格力 美妆个护 81,母婴用品,其他,1011.06,优衣库,有货,
P-JD-618687,jd_5482195,jd,格力 母婴用品 75,家居用品,其他,2995.19,三星,有货,
P-JD-619454,jd_6599176,jd,华为 食品饮料 45,美妆个护,其他,4616.08,ZARA,有货,
P-JD-619722,jd_1399778,jd,格力 美妆个护 100,家居用品,其他,2077.02,小米,有货,
P-JD-620325,jd_8137215,jd,ZARA 服装鞋帽 39,食品饮料,其他,3922.02,阿迪达斯,有货,
P-JD-620770,jd_4922424,jd,Apple 美妆个护 72,母婴用品,其他,3675.95,耐克,有货,
P-JD-621344,jd_3074374,jd,小米 服装鞋帽 54,美妆个护,其他,546.95,华为,有货,
P-JD-622306,jd_6825544,jd,海尔 美妆个护 13,运动户外,其他,1951.66,ZARA,有货,
P-JD-622863,jd_3957655,jd,阿迪达斯 食品饮料 49,服装鞋帽,其他,4094.12,三星,有货,
P-JD-623068,jd_1644504,jd,小米 运动户外 13,家居用品,其他,4391.13,优衣库,有货,
P-JD-623695,jd_6511340,jd,ZARA 图书文具 38,家居用品,其他,3052.25,耐克,有货,
P-JD-625474,jd_3421899,jd,耐克 服装鞋帽 41,运动户外,其他,3906.14,耐克,有货,
P-JD-625519,jd_4245658,jd,优衣库 电子产品 31,服装鞋帽,其他,2411.92,小米,有货,
P-JD-626828,jd_9951633,jd,华为 美妆个护 24,运动户外,其他,868.63,阿迪达斯,有货,
P-JD-627392,jd_5333207,jd,Apple 家居用品 26,服装鞋帽,其他,2149.03,小米,有货,
P-JD-627545,jd_7069719,jd,Apple 电子产品 94,运动户外,其他,2554.89,耐克,有货,
P-JD-628814,jd_8260069,jd,阿迪达斯 电子产品 79,美妆个护,其他,3035.37,Apple,有货,
P-JD-630352,jd_9937589,jd,三星 运动户外 95,图书文具,其他,787.28,小米,有货,
P-JD-630674,jd_4990554,jd,小米 母婴用品 38,运动户外,其他,3615.19,耐克,有货,
P-JD-630734,jd_2383163,jd,格力 食品饮料 88,图书文具,其他,2000.75,阿迪达斯,有货,
P-JD-631335,jd_6178727,jd,三星 食品饮料 9,美妆个护,其他,1282.82,格力,有货,
P-JD-631547,jd_9022668,jd,ZARA 电子产品 72,美妆个护,其他,1289.16,格力,有货,
P-JD-631730,jd_6287167,jd,小米 图书文具 55,家居用品,其他,4892.55,格力,有货,
P-JD-632648,jd_7246576,jd,华为 电子产品 47,电子产品,其他,1316.03,海尔,有货,
P-JD-633457,jd_3598651,jd,海尔 电子产品 92,运动户外,其他,3624.42,三星,有货,
P-JD-633636,jd_1950644,jd,优衣库 美妆个护 99,运动户外,其他,3697.32,Apple,有货,
P-JD-634876,jd_2693176,jd,海尔 美妆个护 43,运动户外,其他,2216.83,优衣库,有货,
P-JD-635225,jd_9368399,jd,优衣库 食品饮料 88,家居用品,其他,1503.74,海尔,有货,
P-JD-635945,jd_9683457,jd,三星 服装鞋帽 56,家居用品,其他,327.52,耐克,有货,
P-JD-636049,jd_8993913,jd,Apple 食品饮料 83,母婴用品,其他,612.18,三星,有货,
P-JD-636114,jd_1105957,jd,Apple 电子产品 28,母婴用品,其他,872.55,三星,有货,
P-JD-636312,jd_1142060,jd,优衣库 运动户外 17,电子产品,其他,3033.74,小米,有货,
P-JD-637073,jd_6452141,jd,海尔 家居用品 52,图书文具,其他,2916.49,阿迪达斯,有货,
P-JD-638469,jd_8455930,jd,三星 图书文具 63,电子产品,其他,464.54,Apple,有货,
P-JD-638655,jd_2987371,jd,优衣库 家居用品 49,服装鞋帽,其他,3427.03,海尔,有货,
P-JD-639048,jd_4363487,jd,阿迪达斯 电子产品 43,服装鞋帽,其他,736.12,格力,有货,
P-JD-640782,jd_4923128,jd,华为 母婴用品 43,服装鞋帽,其他,2845.89,优衣库,有货,
P-JD-641985,jd_8051675,jd,华为 美妆个护 9,图书文具,其他,4855.60,ZARA,有货,
P-JD-642305,jd_9377568,jd,三星 家居用品 42,电子产品,其他,2842.60,优衣库,有货,
P-JD-643004,jd_1303512,jd,格力 家居用品 14,美妆个护,其他,3786.96,Apple,有货,
P-JD-644380,jd_7733745,jd,ZARA 食品饮料 57,图书文具,其他,1814.35,阿迪达斯,有货,
P-JD-644866,jd_8365285,jd,优衣库 美妆个护 35,美妆个护,其他,1693.23,小米,有货,
P-JD-645125,jd_1111738,jd,阿迪达斯 家居用品 54,家居用品,其他,4227.14,三星,有货,
P-JD-645490,jd_2681882,jd,小米 图书文具 85,运动户外,其他,826.47,耐克,有货,
P-JD-645645,jd_9621623,jd,华为 家居用品 31,图书文具,其他,564.18,Apple,有货,
P-JD-646087,jd_8015876,jd,华为 运动户外 34,图书文具,其他,3648.65,ZARA,有货,
P-JD-646532,jd_8106232,jd,小米 电子产品 23,运动户外,其他,1577.45,耐克,有货,
P-JD-647017,jd_7646925,jd,海尔 家居用品 59,图书文具,其他,2917.55,华为,有货,
P-JD-647478,jd_1509303,jd,小米 图书文具 77,运动户外,其他,2313.34,耐克,有货,
P-JD-648026,jd_5360402,jd,小米 母婴用品 33,电子产品,其他,3567.87,格力,有货,
P-JD-648441,jd_1773316,jd,小米 母婴用品 72,食品饮料,其他,2738.94,海尔,有货,
P-JD-649416,jd_1458582,jd,ZARA 母婴用品 55,运动户外,其他,2865.71,优衣库,有货,
P-JD-649784,jd_8930478,jd,耐克 美妆个护 70,母婴用品,其他,2193.10,格力,有货,
P-JD-649968,jd_7314688,jd,华为 食品饮料 67,母婴用品,其他,1196.50,Apple,有货,
P-JD-650526,jd_9117607,jd,Apple 电子产品 30,家居用品,其他,4457.84,格力,有货,
P-JD-651119,jd_4346834,jd,耐克 美妆个护 27,家居用品,其他,1600.08,ZARA,有货,
P-JD-651200,jd_6118295,jd,阿迪达斯 运动户外 48,图书文具,其他,2130.21,优衣库,有货,
P-JD-651416,jd_8512782,jd,小米 食品饮料 86,母婴用品,其他,2524.13,三星,有货,
P-JD-651555,jd_5588272,jd,耐克 电子产品 50,家居用品,其他,608.23,优衣库,有货,
P-JD-652582,jd_1799755,jd,小米 母婴用品 91,母婴用品,其他,4044.14,海尔,有货,
P-JD-652780,jd_4645827,jd,三星 服装鞋帽 27,电子产品,其他,3776.32,华为,有货,
P-JD-653500,jd_9872975,jd,ZARA 母婴用品 7,家居用品,其他,1471.61,ZARA,有货,
P-JD-653641,jd_9640611,jd,华为 电子产品 90,服装鞋帽,其他,2782.51,阿迪达斯,有货,
P-JD-653742,jd_2503659,jd,阿迪达斯 服装鞋帽 94,图书文具,其他,4062.62,格力,有货,
P-JD-654368,jd_6631591,jd,ZARA 电子产品 66,食品饮料,其他,649.41,华为,有货,
P-JD-655185,jd_4755597,jd,ZARA 母婴用品 50,家居用品,其他,1238.69,ZARA,有货,
P-JD-655835,jd_2769773,jd,小米 食品饮料 64,美妆个护,其他,140.72,ZARA,有货,
P-JD-657631,jd_1510534,jd,华为 电子产品 10,运动户外,其他,454.62,三星,有货,
P-JD-657817,jd_4896479,jd,华为 美妆个护 3,运动户外,其他,3339.22,阿迪达斯,有货,
P-JD-659609,jd_8826163,jd,优衣库 家居用品 44,食品饮料,其他,276.36,Apple,有货,
P-JD-660151,jd_7433516,jd,Apple 图书文具 72,家居用品,其他,162.31,优衣库,有货,
P-JD-662179,jd_1450548,jd,Apple 食品饮料 75,电子产品,其他,2963.34,华为,有货,
P-JD-662325,jd_8406232,jd,小米 服装鞋帽 65,图书文具,其他,3517.95,ZARA,有货,
P-JD-662608,jd_2469952,jd,Apple 食品饮料 83,图书文具,其他,1621.42,ZARA,有货,
P-JD-662740,jd_7243311,jd,三星 食品饮料 61,母婴用品,其他,4710.81,ZARA,有货,
P-JD-664005,jd_6941042,jd,阿迪达斯 家居用品 7,图书文具,其他,1721.00,优衣库,有货,
P-JD-664174,jd_7964556,jd,小米 电子产品 19,电子产品,其他,3765.72,华为,有货,
P-JD-665399,jd_7484364,jd,ZARA 服装鞋帽 59,运动户外,其他,1339.54,三星,有货,
P-JD-665562,jd_1300763,jd,ZARA 运动户外 40,母婴用品,其他,1725.13,优衣库,有货,
P-JD-667059,jd_6193978,jd,华为 食品饮料 30,美妆个护,其他,2648.79,华为,有货,
P-JD-667578,jd_9248454,jd,ZARA 运动户外 51,电子产品,其他,1254.81,华为,有货,
P-JD-667863,jd_9039008,jd,Apple 家居用品 84,图书文具,其他,3038.18,阿迪达斯,有货,
P-JD-668452,jd_8033866,jd,格力 食品饮料 61,母婴用品,其他,4596.87,ZARA,有货,
P-JD-669082,jd_9321897,jd,优衣库 图书文具 98,服装鞋帽,其他,1716.47,三星,有货,
P-JD-670492,jd_3783803,jd,ZARA 母婴用品 26,食品饮料,其他,4460.34,海尔,有货,
P-JD-671738,jd_6986394,jd,华为 家居用品 71,图书文具,其他,4581.36,华为,有货,
P-JD-671902,jd_8468241,jd,Apple 美妆个护 56,运动户外,其他,4803.99,Apple,有货,
P-JD-674309,jd_8120598,jd,三星 家居用品 100,图书文具,其他,840.61,Apple,有货,
P-JD-675561,jd_3851959,jd,华为 运动户外 92,食品饮料,其他,3293.86,耐克,有货,
P-JD-677791,jd_8094993,jd,华为 食品饮料 32,母婴用品,其他,1902.98,耐克,有货,
P-JD-680516,jd_2011246,jd,ZARA 食品饮料 90,电子产品,其他,1712.21,Apple,有货,
P-JD-682310,jd_2191834,jd,耐克 运动户外 30,美妆个护,其他,3814.74,阿迪达斯,有货,
P-JD-682678,jd_4132119,jd,华为 家居用品 61,电子产品,其他,474.89,Apple,有货,
P-JD-683243,jd_7080327,jd,海尔 母婴用品 88,食品饮料,其他,1454.60,小米,有货,
P-JD-683342,jd_5257099,jd,三星 母婴用品 37,服装鞋帽,其他,1000.49,海尔,有货,
P-JD-684543,jd_6285872,jd,海尔 图书文具 98,食品饮料,其他,1019.68,阿迪达斯,有货,
P-JD-684550,jd_8612637,jd,优衣库 美妆个护 39,家居用品,其他,4436.99,Apple,有货,
P-JD-684591,jd_5287826,jd,三星 家居用品 77,服装鞋帽,其他,142.10,海尔,有货,
P-JD-686785,jd_4496793,jd,ZARA 家居用品 17,美妆个护,其他,3308.08,阿迪达斯,有货,
P-JD-687245,jd_5286479,jd,Apple 电子产品 17,母婴用品,其他,785.11,海尔,有货,
P-JD-688616,jd_1403567,jd,优衣库 美妆个护 37,美妆个护,其他,2715.34,海尔,有货,
P-JD-688678,jd_2570222,jd,格力 母婴用品 61,电子产品,其他,1799.38,海尔,有货,
P-JD-688712,jd_4279820,jd,格力 运动户外 98,母婴用品,其他,3510.65,格力,有货,
P-JD-689434,jd_7908087,jd,Apple 图书文具 95,母婴用品,其他,2551.79,华为,有货,
P-JD-689710,jd_4756641,jd,耐克 运动户外 10,食品饮料,其他,1334.39,优衣库,有货,
P-JD-690065,jd_5225012,jd,华为 运动户外 39,家居用品,其他,568.22,耐克,有货,
P-JD-690566,jd_2764932,jd,耐克 图书文具 20,母婴用品,其他,1649.35,海尔,有货,
P-JD-691881,jd_5772668,jd,三星 食品饮料 94,电子产品,其他,4488.97,格力,有货,
P-JD-692436,jd_5405583,jd,格力 图书文具 46,运动户外,其他,4602.36,阿迪达斯,有货,
P-JD-692514,jd_5877157,jd,优衣库 图书文具 12,母婴用品,其他,4894.56,华为,有货,
P-JD-692865,jd_5444117,jd,小米 家居用品 12,运动户外,其他,1914.40,Apple,有货,
P-JD-693465,jd_4214854,jd,小米 电子产品 46,运动户外,其他,343.42,小米,有货,
P-JD-694106,jd_3695500,jd,小米 运动户外 12,母婴用品,其他,1969.04,海尔,有货,
P-JD-694217,jd_2584212,jd,华为 图书文具 78,母婴用品,其他,756.78,小米,有货,
P-JD-694775,jd_7610138,jd,三星 服装鞋帽 7,美妆个护,其他,3872.49,Apple,有货,
P-JD-695054,jd_6726225,jd,小米 美妆个护 20,运动户外,其他,1815.08,耐克,有货,
P-JD-695360,jd_2538516,jd,优衣库 运动户外 46,电子产品,其他,2859.49,海尔,有货,
P-JD-695573,jd_6760454,jd,海尔 电子产品 28,食品饮料,其他,999.86,ZARA,有货,
P-JD-695597,jd_3930630,jd,海尔 电子产品 28,家居用品,其他,1867.72,阿迪达斯,有货,
P-JD-696219,jd_5568894,jd,耐克 食品饮料 50,母婴用品,其他,642.09,格力,有货,
P-JD-696251,jd_2022051,jd,格力 食品饮料 59,母婴用品,其他,4585.21,耐克,有货,
P-JD-696355,jd_2242855,jd,优衣库 食品饮料 3,食品饮料,其他,4112.74,海尔,有货,
P-JD-696702,jd_3518513,jd,小米 食品饮料 78,图书文具,其他,3888.10,ZARA,有货,
P-JD-696880,jd_9891820,jd,格力 母婴用品 8,母婴用品,其他,2056.94,阿迪达斯,有货,
P-JD-698473,jd_4930148,jd,三星 服装鞋帽 65,美妆个护,其他,904.44,华为,有货,
P-JD-698844,jd_5975788,jd,海尔 服装鞋帽 61,家居用品,其他,1123.90,小米,有货,
P-JD-698987,jd_2373254,jd,Apple 美妆个护 42,食品饮料,其他,1848.92,三星,有货,
P-JD-699086,jd_9877593,jd,ZARA 电子产品 25,食品饮料,其他,1796.15,ZARA,有货,
P-JD-700919,jd_1783108,jd,优衣库 母婴用品 61,服装鞋帽,其他,2692.68,海尔,有货,
P-JD-701266,jd_2821166,jd,耐克 电子产品 11,食品饮料,其他,1955.70,优衣库,有货,
P-JD-701579,jd_5552341,jd,阿迪达斯 美妆个护 8,家居用品,其他,545.80,小米,有货,
P-JD-703267,jd_2036838,jd,ZARA 图书文具 72,图书文具,其他,1508.15,ZARA,有货,
P-JD-704135,jd_6143571,jd,格力 电子产品 78,美妆个护,其他,255.43,阿迪达斯,有货,
P-JD-704730,jd_2447289,jd,优衣库 服装鞋帽 53,食品饮料,其他,4132.08,优衣库,有货,
P-JD-704856,jd_4483451,jd,Apple 电子产品 3,美妆个护,其他,3668.23,华为,有货,
P-JD-704861,jd_2716989,jd,ZARA 图书文具 90,运动户外,其他,4990.99,格力,有货,
P-JD-705588,jd_1510142,jd,耐克 运动户外 38,图书文具,其他,2356.23,小米,有货,
P-JD-706010,jd_4028686,jd,小米 美妆个护 58,母婴用品,其他,4461.14,小米,有货,
P-JD-706374,jd_1115586,jd,三星 食品饮料 92,运动户外,其他,3292.63,格力,有货,
P-JD-706759,jd_7812000,jd,阿迪达斯 运动户外 15,母婴用品,其他,1887.85,海尔,有货,
P-JD-707242,jd_1308490,jd,耐克 母婴用品 44,美妆个护,其他,4510.95,阿迪达斯,有货,
P-JD-707951,jd_4789320,jd,阿迪达斯 服装鞋帽 23,服装鞋帽,其他,1513.96,Apple,有货,
P-JD-708643,jd_5564737,jd,Apple 食品饮料 69,母婴用品,其他,1910.31,Apple,有货,
P-JD-709746,jd_6995991,jd,优衣库 母婴用品 88,美妆个护,其他,1928.54,阿迪达斯,有货,
P-JD-710323,jd_5341885,jd,华为 电子产品 50,服装鞋帽,其他,1824.24,海尔,有货,
P-JD-710683,jd_4544803,jd,优衣库 母婴用品 9,图书文具,其他,2374.98,阿迪达斯,有货,
P-JD-711499,jd_4395481,jd,优衣库 食品饮料 81,服装鞋帽,其他,1780.45,耐克,有货,
P-JD-711743,jd_9564102,jd,格力 图书文具 32,服装鞋帽,其他,136.48,耐克,有货,
P-JD-712015,jd_9860302,jd,格力 电子产品 31,运动户外,其他,3099.43,格力,有货,
P-JD-712028,jd_5756987,jd,耐克 服装鞋帽 78,美妆个护,其他,4336.16,阿迪达斯,有货,
P-JD-713131,jd_3266016,jd,海尔 食品饮料 54,美妆个护,其他,2784.74,ZARA,有货,
P-JD-713591,jd_3350622,jd,小米 家居用品 20,食品饮料,其他,3908.71,海尔,有货,
P-JD-714046,jd_3613344,jd,三星 母婴用品 15,服装鞋帽,其他,2599.08,海尔,有货,
P-JD-714789,jd_9809603,jd,三星 家居用品 73,美妆个护,其他,1434.25,格力,有货,
P-JD-715968,jd_7668874,jd,优衣库 母婴用品 64,母婴用品,其他,2798.37,华为,有货,
P-JD-716163,jd_8792929,jd,阿迪达斯 家居用品 60,食品饮料,其他,3389.96,海尔,有货,
P-JD-716409,jd_8803862,jd,华为 美妆个护 100,食品饮料,其他,2014.22,优衣库,有货,
P-JD-716468,jd_9247811,jd,阿迪达斯 食品饮料 32,服装鞋帽,其他,855.95,耐克,有货,
P-JD-718552,jd_6226622,jd,华为 服装鞋帽 17,服装鞋帽,其他,4515.85,Apple,有货,
P-JD-719237,jd_7471379,jd,三星 家居用品 84,电子产品,其他,118.75,小米,有货,
P-JD-719553,jd_3993221,jd,华为 母婴用品 48,电子产品,其他,708.85,三星,有货,
P-JD-720382,jd_9471913,jd,Apple 电子产品 67,服装鞋帽,其他,842.48,小米,有货,
P-JD-720567,jd_2043623,jd,ZARA 家居用品 77,美妆个护,其他,1196.16,华为,有货,
P-JD-722296,jd_4699074,jd,阿迪达斯 服装鞋帽 100,美妆个护,其他,4086.34,格力,有货,
P-JD-723043,jd_2109263,jd,海尔 服装鞋帽 2,电子产品,其他,2699.18,优衣库,有货,
P-JD-724471,jd_6737685,jd,三星 服装鞋帽 94,电子产品,其他,4083.51,耐克,有货,
P-JD-724703,jd_6135039,jd,小米 母婴用品 81,图书文具,其他,4346.73,ZARA,有货,
P-JD-724857,jd_6386804,jd,阿迪达斯 家居用品 17,电子产品,其他,2598.75,华为,有货,
P-JD-726716,jd_2871380,jd,三星 服装鞋帽 46,食品饮料,其他,1373.05,华为,有货,
P-JD-728274,jd_7994042,jd,三星 母婴用品 12,电子产品,其他,341.14,小米,有货,
P-JD-729413,jd_5987565,jd,小米 运动户外 70,电子产品,其他,4168.74,ZARA,有货,
P-JD-730293,jd_7926631,jd,华为 家居用品 33,美妆个护,其他,4764.58,优衣库,有货,
P-JD-730412,jd_1990894,jd,ZARA 图书文具 27,母婴用品,其他,1603.66,三星,有货,
P-JD-730575,jd_6686530,jd,ZARA 家居用品 86,家居用品,其他,93.09,阿迪达斯,有货,
P-JD-732389,jd_1976872,jd,华为 母婴用品 36,运动户外,其他,2616.64,海尔,有货,
P-JD-733782,jd_6808878,jd,三星 服装鞋帽 71,服装鞋帽,其他,1612.06,海尔,有货,
P-JD-734401,jd_3131228,jd,小米 母婴用品 7,服装鞋帽,其他,2119.34,三星,有货,
P-JD-735071,jd_6767442,jd,阿迪达斯 母婴用品 61,食品饮料,其他,3423.54,海尔,有货,
P-JD-735172,jd_5482066,jd,Apple 运动户外 97,家居用品,其他,4755.16,耐克,有货,
P-JD-735295,jd_1027331,jd,海尔 食品饮料 54,图书文具,其他,1707.52,三星,有货,
P-JD-735457,jd_2872046,jd,华为 母婴用品 83,服装鞋帽,其他,3764.63,阿迪达斯,有货,
P-JD-736479,jd_8010978,jd,耐克 图书文具 58,运动户外,其他,4503.92,格力,有货,
P-JD-737032,jd_2372434,jd,ZARA 家居用品 99,食品饮料,其他,3234.37,小米,有货,
P-JD-737380,jd_3123243,jd,阿迪达斯 家居用品 37,美妆个护,其他,2984.63,华为,有货,
P-JD-737418,jd_3016745,jd,格力 电子产品 96,服装鞋帽,其他,2763.08,三星,有货,
P-JD-737847,jd_6337624,jd,格力 电子产品 52,服装鞋帽,其他,3155.10,ZARA,有货,
P-JD-738607,jd_5236640,jd,华为 家居用品 82,美妆个护,其他,3818.70,华为,有货,
P-JD-741323,jd_9971571,jd,海尔 运动户外 37,运动户外,其他,149.80,小米,有货,
P-JD-741546,jd_8704164,jd,ZARA 服装鞋帽 50,运动户外,其他,4850.43,耐克,有货,
P-JD-742516,jd_1331658,jd,优衣库 家居用品 39,电子产品,其他,3740.53,Apple,有货,
P-JD-742673,jd_7366451,jd,三星 母婴用品 55,电子产品,其他,3222.70,小米,有货,
P-JD-742967,jd_2604084,jd,ZARA 食品饮料 63,运动户外,其他,3038.39,小米,有货,
P-JD-743301,jd_5995818,jd,优衣库 服装鞋帽 18,图书文具,其他,2290.04,格力,有货,
P-JD-743364,jd_6007479,jd,耐克 服装鞋帽 53,家居用品,其他,1480.28,小米,有货,
P-JD-743567,jd_8534552,jd,格力 服装鞋帽 80,母婴用品,其他,1395.81,阿迪达斯,有货,
P-JD-744077,jd_9750459,jd,优衣库 母婴用品 26,服装鞋帽,其他,4566.54,Apple,有货,
P-JD-744896,jd_9946272,jd,华为 电子产品 10,运动户外,其他,216.22,Apple,有货,
P-JD-745149,jd_4002452,jd,ZARA 家居用品 11,美妆个护,其他,4556.68,海尔,有货,
P-JD-746648,jd_2877324,jd,小米 运动户外 28,电子产品,其他,636.10,格力,有货,
P-JD-747491,jd_3557846,jd,小米 服装鞋帽 96,食品饮料,其他,3125.66,优衣库,有货,
P-JD-748292,jd_2085256,jd,ZARA 服装鞋帽 77,美妆个护,其他,3440.11,三星,有货,
P-JD-748713,jd_5640832,jd,Apple 食品饮料 99,美妆个护,其他,3945.71,耐克,有货,
P-JD-749380,jd_1067989,jd,三星 家居用品 81,食品饮料,其他,994.37,格力,有货,
P-JD-750150,jd_7732444,jd,Apple 运动户外 28,母婴用品,其他,4410.64,优衣库,有货,
P-JD-750244,jd_9830566,jd,格力 食品饮料 81,图书文具,其他,2010.70,耐克,有货,
P-JD-750459,jd_2866320,jd,ZARA 食品饮料 55,图书文具,其他,3993.19,三星,有货,
P-JD-750726,jd_4237006,jd,海尔 母婴用品 17,服装鞋帽,其他,2095.34,三星,有货,
P-JD-751148,jd_2912983,jd,耐克 食品饮料 84,美妆个护,其他,469.37,三星,有货,
P-JD-752055,jd_7909531,jd,ZARA 美妆个护 43,服装鞋帽,其他,2322.25,阿迪达斯,有货,
P-JD-752772,jd_6515004,jd,小米 图书文具 99,运动户外,其他,1073.44,耐克,有货,
P-JD-753458,jd_9365942,jd,格力 电子产品 58,服装鞋帽,其他,648.74,耐克,有货,
P-JD-754163,jd_9666999,jd,海尔 服装鞋帽 65,食品饮料,其他,112.49,格力,有货,
P-JD-755055,jd_5749618,jd,ZARA 运动户外 82,家居用品,其他,3294.91,阿迪达斯,有货,
P-JD-760524,jd_5695915,jd,优衣库 美妆个护 57,服装鞋帽,其他,788.12,小米,有货,
P-JD-761200,jd_7217143,jd,ZARA 图书文具 48,图书文具,其他,3283.48,海尔,有货,
P-JD-762219,jd_5674558,jd,三星 母婴用品 14,美妆个护,其他,2717.75,格力,有货,
P-JD-763015,jd_5742338,jd,Apple 图书文具 43,食品饮料,其他,3921.72,华为,有货,
P-JD-763354,jd_2568232,jd,小米 家居用品 52,美妆个护,其他,1249.98,Apple,有货,
P-JD-764054,jd_2810051,jd,小米 家居用品 74,美妆个护,其他,356.97,华为,有货,
P-JD-765011,jd_2145169,jd,三星 运动户外 5,服装鞋帽,其他,2296.12,华为,有货,
P-JD-765459,jd_1477900,jd,耐克 母婴用品 33,美妆个护,其他,3791.09,Apple,有货,
P-JD-766859,jd_6249339,jd,阿迪达斯 服装鞋帽 28,服装鞋帽,其他,2896.30,小米,有货,
P-JD-766944,jd_1615495,jd,三星 家居用品 93,美妆个护,其他,1579.63,三星,有货,
P-JD-766971,jd_4504854,jd,格力 电子产品 86,家居用品,其他,1875.16,三星,有货,
P-JD-767137,jd_1770458,jd,阿迪达斯 图书文具 14,电子产品,其他,248.14,耐克,有货,
P-JD-767237,jd_8279858,jd,海尔 运动户外 16,服装鞋帽,其他,1378.49,格力,有货,
P-JD-767786,jd_4772757,jd,格力 食品饮料 32,服装鞋帽,其他,905.12,耐克,有货,
P-JD-769000,jd_6699741,jd,ZARA 美妆个护 62,图书文具,其他,4162.31,华为,有货,
P-JD-769449,jd_1716557,jd,ZARA 服装鞋帽 22,美妆个护,其他,1912.76,三星,有货,
P-JD-769497,jd_2020925,jd,Apple 食品饮料 100,服装鞋帽,其他,2585.91,华为,有货,
P-JD-769545,jd_8019175,jd,耐克 家居用品 64,母婴用品,其他,2159.07,ZARA,有货,
P-JD-770109,jd_1352441,jd,ZARA 食品饮料 17,家居用品,其他,1682.38,华为,有货,
P-JD-771937,jd_7105363,jd,优衣库 美妆个护 33,运动户外,其他,1080.54,华为,有货,
P-JD-771983,jd_4513122,jd,优衣库 食品饮料 12,家居用品,其他,366.62,小米,有货,
P-JD-772441,jd_9047511,jd,华为 运动户外 37,运动户外,其他,2008.73,海尔,有货,
P-JD-773149,jd_4156723,jd,优衣库 电子产品 26,电子产品,其他,4068.26,华为,有货,
P-JD-773270,jd_7707066,jd,三星 电子产品 83,母婴用品,其他,391.53,华为,有货,
P-JD-775153,jd_2869922,jd,海尔 图书文具 95,家居用品,其他,2416.26,耐克,有货,
P-JD-775363,jd_3001060,jd,耐克 美妆个护 81,美妆个护,其他,4454.10,优衣库,有货,
P-JD-775679,jd_1464291,jd,阿迪达斯 家居用品 25,美妆个护,其他,3101.42,小米,有货,
P-JD-776014,jd_7223158,jd,海尔 服装鞋帽 53,电子产品,其他,1653.42,耐克,有货,
P-JD-776869,jd_6533198,jd,ZARA 母婴用品 39,美妆个护,其他,341.13,三星,有货,
P-JD-777890,jd_3114179,jd,Apple 图书文具 6,母婴用品,其他,237.99,Apple,有货,
P-JD-778251,jd_7645552,jd,耐克 食品饮料 50,服装鞋帽,其他,60.56,ZARA,有货,
P-JD-778578,jd_8004992,jd,耐克 食品饮料 92,图书文具,其他,2106.70,耐克,有货,
P-JD-779316,jd_2733940,jd,阿迪达斯 电子产品 34,家居用品,其他,2968.73,Apple,有货,
P-JD-780984,jd_5944914,jd,阿迪达斯 服装鞋帽 67,服装鞋帽,其他,916.07,三星,有货,
P-JD-781677,jd_1131638,jd,三星 电子产品 52,图书文具,其他,2095.00,ZARA,有货,
P-JD-781905,jd_4336687,jd,三星 服装鞋帽 20,美妆个护,其他,50.31,Apple,有货,
P-JD-782883,jd_5757394,jd,华为 运动户外 66,图书文具,其他,99.22,海尔,有货,
P-JD-783830,jd_7785261,jd,小米 美妆个护 94,母婴用品,其他,1838.18,ZARA,有货,
P-JD-785326,jd_7398991,jd,ZARA 家居用品 52,家居用品,其他,4722.81,海尔,有货,
P-JD-785425,jd_3584245,jd,优衣库 电子产品 78,运动户外,其他,3844.27,优衣库,有货,
P-JD-786378,jd_2804892,jd,ZARA 家居用品 54,家居用品,其他,1239.80,ZARA,有货,
P-JD-788278,jd_3895792,jd,小米 食品饮料 39,母婴用品,其他,3118.14,小米,有货,
P-JD-788652,jd_4165558,jd,Apple 运动户外 5,图书文具,其他,2989.26,耐克,有货,
P-JD-790000,jd_1731893,jd,优衣库 电子产品 98,美妆个护,其他,4151.14,格力,有货,
P-JD-791394,jd_4957065,jd,小米 母婴用品 80,服装鞋帽,其他,2823.35,海尔,有货,
P-JD-792041,jd_5575276,jd,华为 电子产品 88,家居用品,其他,3660.39,华为,有货,
P-JD-792526,jd_2071033,jd,小米 图书文具 82,美妆个护,其他,89.25,耐克,有货,
P-JD-792758,jd_1929424,jd,三星 美妆个护 70,图书文具,其他,1925.57,耐克,有货,
P-JD-793335,jd_9514886,jd,ZARA 美妆个护 91,食品饮料,其他,3171.06,阿迪达斯,有货,
P-JD-793483,jd_9138850,jd,优衣库 家居用品 1,运动户外,其他,2111.41,Apple,有货,
P-JD-793519,jd_7336953,jd,海尔 电子产品 65,图书文具,其他,281.32,阿迪达斯,有货,
P-JD-795466,jd_3235640,jd,耐克 食品饮料 56,家居用品,其他,4035.11,小米,有货,
P-JD-795728,jd_6066321,jd,阿迪达斯 电子产品 24,母婴用品,其他,1837.99,ZARA,有货,
P-JD-795777,jd_7934437,jd,三星 家居用品 30,服装鞋帽,其他,292.96,Apple,有货,
P-JD-796217,jd_7771063,jd,华为 母婴用品 61,母婴用品,其他,1563.05,小米,有货,
P-JD-796378,jd_1604026,jd,耐克 家居用品 66,食品饮料,其他,3209.24,优衣库,有货,
P-JD-797181,jd_9635402,jd,阿迪达斯 食品饮料 86,母婴用品,其他,4154.60,华为,有货,
P-JD-799218,jd_5332630,jd,阿迪达斯 电子产品 14,图书文具,其他,3633.69,耐克,有货,
P-JD-800396,jd_2337330,jd,三星 图书文具 97,母婴用品,其他,2998.35,耐克,有货,
P-JD-801201,jd_7246418,jd,华为 母婴用品 76,食品饮料,其他,3917.03,Apple,有货,
P-JD-801385,jd_9138569,jd,三星 服装鞋帽 42,家居用品,其他,1712.26,优衣库,有货,
P-JD-802125,jd_1368288,jd,海尔 运动户外 61,母婴用品,其他,377.85,耐克,有货,
P-JD-802323,jd_9771395,jd,三星 运动户外 89,电子产品,其他,3470.36,海尔,有货,
P-JD-803550,jd_3470002,jd,海尔 图书文具 72,运动户外,其他,351.97,小米,有货,
P-JD-804075,jd_7647617,jd,阿迪达斯 家居用品 62,服装鞋帽,其他,4926.88,优衣库,有货,
P-JD-804724,jd_5480258,jd,海尔 服装鞋帽 86,母婴用品,其他,2571.33,耐克,有货,
P-JD-804778,jd_6365933,jd,小米 运动户外 90,服装鞋帽,其他,4552.34,优衣库,有货,
P-JD-805163,jd_9569098,jd,Apple 母婴用品 90,图书文具,其他,1852.66,格力,有货,
P-JD-805780,jd_2497654,jd,耐克 电子产品 4,家居用品,其他,1869.56,阿迪达斯,有货,
P-JD-806642,jd_2330889,jd,耐克 母婴用品 97,母婴用品,其他,602.16,ZARA,有货,
P-JD-806898,jd_3056095,jd,小米 食品饮料 98,家居用品,其他,3157.85,华为,有货,
P-JD-807872,jd_5077087,jd,小米 母婴用品 15,运动户外,其他,4952.34,华为,有货,
P-JD-808032,jd_9309951,jd,格力 电子产品 47,电子产品,其他,75.42,华为,有货,
P-JD-808389,jd_8108983,jd,格力 电子产品 58,美妆个护,其他,840.65,海尔,有货,
P-JD-809484,jd_1169232,jd,格力 服装鞋帽 59,服装鞋帽,其他,757.43,华为,有货,
P-JD-809516,jd_8746785,jd,优衣库 图书文具 11,图书文具,其他,2426.68,耐克,有货,
P-JD-810902,jd_3938756,jd,阿迪达斯 母婴用品 13,图书文具,其他,4542.49,耐克,有货,
P-JD-810932,jd_5298322,jd,三星 母婴用品 95,服装鞋帽,其他,4036.82,阿迪达斯,有货,
P-JD-811007,jd_2600101,jd,ZARA 家居用品 14,食品饮料,其他,3727.21,格力,有货,
P-JD-811858,jd_9012519,jd,华为 母婴用品 51,图书文具,其他,1134.36,ZARA,有货,
P-JD-812867,jd_1532361,jd,海尔 图书文具 98,服装鞋帽,其他,1329.60,格力,有货,
P-JD-814284,jd_4964942,jd,阿迪达斯 图书文具 42,图书文具,其他,2842.76,华为,有货,
P-JD-816275,jd_2878727,jd,三星 图书文具 10,运动户外,其他,3921.11,优衣库,有货,
P-JD-816428,jd_7440465,jd,海尔 电子产品 30,美妆个护,其他,1606.65,海尔,有货,
P-JD-816755,jd_2038967,jd,优衣库 家居用品 96,图书文具,其他,1843.05,ZARA,有货,
P-JD-817987,jd_5819562,jd,ZARA 电子产品 61,美妆个护,其他,830.35,阿迪达斯,有货,
P-JD-818385,jd_8236788,jd,格力 母婴用品 17,美妆个护,其他,1486.11,海尔,有货,
P-JD-819490,jd_8802107,jd,耐克 图书文具 73,服装鞋帽,其他,668.38,Apple,有货,
P-JD-820997,jd_7706291,jd,华为 运动户外 27,服装鞋帽,其他,1464.93,ZARA,有货,
P-JD-822196,jd_5883317,jd,海尔 美妆个护 4,美妆个护,其他,2693.12,三星,有货,
P-JD-823382,jd_8557329,jd,海尔 食品饮料 99,运动户外,其他,1580.41,海尔,有货,
P-JD-823641,jd_9679670,jd,优衣库 美妆个护 74,电子产品,其他,4187.72,小米,有货,
P-JD-824848,jd_3079951,jd,华为 家居用品 96,家居用品,其他,612.36,阿迪达斯,有货,
P-JD-825214,jd_8846996,jd,小米 食品饮料 80,图书文具,其他,4950.14,三星,有货,
P-JD-826537,jd_6716726,jd,小米 家居用品 14,电子产品,其他,4289.73,海尔,有货,
P-JD-826593,jd_8413381,jd,阿迪达斯 美妆个护 7,服装鞋帽,其他,3526.44,优衣库,有货,
P-JD-826999,jd_5703959,jd,ZARA 美妆个护 49,电子产品,其他,3448.78,耐克,有货,
P-JD-827167,jd_4969631,jd,阿迪达斯 美妆个护 52,母婴用品,其他,1431.16,阿迪达斯,有货,
P-JD-827646,jd_2335501,jd,格力 母婴用品 76,图书文具,其他,3504.39,小米,有货,
P-JD-827666,jd_9611352,jd,阿迪达斯 运动户外 14,电子产品,其他,1941.97,优衣库,有货,
P-JD-828015,jd_8863620,jd,小米 电子产品 86,母婴用品,其他,2826.33,华为,有货,
P-JD-829228,jd_2027871,jd,华为 美妆个护 16,服装鞋帽,其他,4106.95,小米,有货,
P-JD-831069,jd_2415596,jd,阿迪达斯 美妆个护 22,电子产品,其他,4112.23,小米,有货,
P-JD-832110,jd_4233030,jd,小米 图书文具 35,服装鞋帽,其他,1398.60,小米,有货,
P-JD-832834,jd_1426356,jd,耐克 服装鞋帽 50,运动户外,其他,4508.35,优衣库,有货,
P-JD-833991,jd_4598084,jd,优衣库 服装鞋帽 63,食品饮料,其他,1035.03,阿迪达斯,有货,
P-JD-836410,jd_3561974,jd,格力 图书文具 86,母婴用品,其他,3150.99,格力,有货,
P-JD-836924,jd_8819590,jd,ZARA 服装鞋帽 38,食品饮料,其他,965.35,三星,有货,
P-JD-838848,jd_7179551,jd,耐克 食品饮料 89,美妆个护,其他,202.82,耐克,有货,
P-JD-839513,jd_2220948,jd,Apple 食品饮料 36,美妆个护,其他,2556.68,格力,有货,
P-JD-840840,jd_4846955,jd,Apple 母婴用品 43,电子产品,其他,2349.48,ZARA,有货,
P-JD-841688,jd_9006385,jd,三星 图书文具 58,美妆个护,其他,3194.71,耐克,有货,
P-JD-843273,jd_4630578,jd,小米 食品饮料 51,电子产品,其他,4491.76,三星,有货,
P-JD-843316,jd_4643694,jd,海尔 母婴用品 55,食品饮料,其他,1406.04,三星,有货,
P-JD-843441,jd_3232590,jd,优衣库 服装鞋帽 63,电子产品,其他,3675.72,海尔,有货,
P-JD-843864,jd_6504083,jd,优衣库 美妆个护 50,美妆个护,其他,3239.37,海尔,有货,
P-JD-844757,jd_4930186,jd,格力 食品饮料 6,美妆个护,其他,2046.82,耐克,有货,
P-JD-845653,jd_2047028,jd,Apple 运动户外 39,美妆个护,其他,3687.76,小米,有货,
P-JD-845832,jd_2224206,jd,华为 家居用品 34,家居用品,其他,4999.82,小米,有货,
P-JD-845994,jd_5797081,jd,海尔 家居用品 94,美妆个护,其他,4573.64,ZARA,有货,
P-JD-846294,jd_6901483,jd,优衣库 运动户外 29,食品饮料,其他,3770.23,阿迪达斯,有货,
P-JD-846791,jd_2321352,jd,三星 家居用品 1,食品饮料,其他,4749.55,ZARA,有货,
P-JD-848275,jd_5430306,jd,华为 电子产品 91,图书文具,其他,3062.98,优衣库,有货,
P-JD-848372,jd_5641549,jd,华为 图书文具 46,运动户外,其他,638.37,华为,有货,
P-JD-848570,jd_5826796,jd,小米 美妆个护 48,母婴用品,其他,3199.23,华为,有货,
P-JD-850266,jd_1809420,jd,格力 图书文具 43,服装鞋帽,其他,3538.46,三星,有货,
P-JD-850623,jd_2601900,jd,格力 食品饮料 68,服装鞋帽,其他,3605.95,阿迪达斯,有货,
P-JD-850701,jd_4009901,jd,阿迪达斯 母婴用品 90,家居用品,其他,4337.19,阿迪达斯,有货,
P-JD-851643,jd_6529772,jd,优衣库 母婴用品 42,运动户外,其他,4266.78,小米,有货,
P-JD-851712,jd_7899740,jd,华为 电子产品 63,图书文具,其他,1702.18,格力,有货,
P-JD-852605,jd_2203762,jd,Apple 家居用品 50,图书文具,其他,2691.17,阿迪达斯,有货,
P-JD-853090,jd_5182517,jd,耐克 美妆个护 67,母婴用品,其他,4184.29,ZARA,有货,
P-JD-853441,jd_4779836,jd,阿迪达斯 电子产品 89,家居用品,其他,475.02,优衣库,有货,
P-JD-853614,jd_9037884,jd,格力 美妆个护 57,运动户外,其他,1742.75,优衣库,有货,
P-JD-855841,jd_9543157,jd,三星 电子产品 88,食品饮料,其他,2604.26,优衣库,有货,
P-JD-856814,jd_6439540,jd,海尔 服装鞋帽 93,运动户外,其他,1220.19,ZARA,有货,
P-JD-856915,jd_6764158,jd,ZARA 电子产品 50,食品饮料,其他,1721.43,Apple,有货,
P-JD-857803,jd_6164065,jd,格力 电子产品 44,运动户外,其他,2935.23,三星,有货,
P-JD-858052,jd_1270419,jd,Apple 图书文具 27,运动户外,其他,4771.76,阿迪达斯,有货,
P-JD-858738,jd_3174109,jd,ZARA 电子产品 34,美妆个护,其他,2658.45,耐克,有货,
P-JD-859303,jd_4188320,jd,三星 图书文具 4,图书文具,其他,4925.65,格力,有货,
P-JD-860100,jd_8810097,jd,华为 图书文具 6,家居用品,其他,3010.43,耐克,有货,
P-JD-860150,jd_3758803,jd,三星 食品饮料 53,服装鞋帽,其他,4020.15,Apple,有货,
P-JD-863029,jd_1746972,jd,华为 服装鞋帽 23,美妆个护,其他,977.87,耐克,有货,
P-JD-864236,jd_6187482,jd,小米 图书文具 32,服装鞋帽,其他,1833.46,华为,有货,
P-JD-864712,jd_3092684,jd,Apple 家居用品 86,图书文具,其他,1948.62,三星,有货,
P-JD-866415,jd_1462326,jd,阿迪达斯 美妆个护 9,美妆个护,其他,3032.41,ZARA,有货,
P-JD-866529,jd_9729336,jd,ZARA 电子产品 59,电子产品,其他,3866.47,Apple,有货,
P-JD-866706,jd_1535873,jd,耐克 家居用品 64,图书文具,其他,3748.14,三星,有货,
P-JD-867515,jd_6482277,jd,格力 美妆个护 33,美妆个护,其他,3507.44,优衣库,有货,
P-JD-867805,jd_3103312,jd,海尔 家居用品 6,服装鞋帽,其他,4331.54,阿迪达斯,有货,
P-JD-868580,jd_9673101,jd,阿迪达斯 家居用品 97,母婴用品,其他,4547.67,华为,有货,
P-JD-868687,jd_7945734,jd,小米 服装鞋帽 82,家居用品,其他,365.24,优衣库,有货,
P-JD-868812,jd_1897642,jd,小米 食品饮料 57,电子产品,其他,2378.47,优衣库,有货,
P-JD-869280,jd_3990652,jd,ZARA 电子产品 95,图书文具,其他,769.64,海尔,有货,
P-JD-869297,jd_9315124,jd,ZARA 家居用品 96,家居用品,其他,2411.02,三星,有货,
P-JD-870909,jd_5892907,jd,优衣库 电子产品 47,母婴用品,其他,4674.96,ZARA,有货,
P-JD-870978,jd_4243491,jd,三星 图书文具 57,运动户外,其他,3417.69,阿迪达斯,有货,
P-JD-872500,jd_7738830,jd,耐克 食品饮料 7,运动户外,其他,4024.44,海尔,有货,
P-JD-874586,jd_8777582,jd,Apple 食品饮料 23,图书文具,其他,1967.01,优衣库,有货,
P-JD-874679,jd_9192839,jd,华为 母婴用品 61,食品饮料,其他,2836.00,耐克,有货,
P-JD-875259,jd_2540768,jd,小米 食品饮料 79,电子产品,其他,1572.86,耐克,有货,
P-JD-876013,jd_2923570,jd,小米 母婴用品 38,母婴用品,其他,721.56,海尔,有货,
P-JD-877473,jd_8962869,jd,ZARA 服装鞋帽 65,食品饮料,其他,4100.46,Apple,有货,
P-JD-878120,jd_8647123,jd,耐克 图书文具 93,食品饮料,其他,4491.98,Apple,有货,
P-JD-879157,jd_4826211,jd,优衣库 美妆个护 87,图书文具,其他,344.10,小米,有货,
P-JD-879781,jd_7871742,jd,海尔 母婴用品 77,家居用品,其他,1736.09,Apple,有货,
P-JD-880460,jd_4434914,jd,耐克 美妆个护 77,食品饮料,其他,60.31,三星,有货,
P-JD-880501,jd_7661479,jd,Apple 美妆个护 25,运动户外,其他,1652.80,格力,有货,
P-JD-880634,jd_1059253,jd,格力 美妆个护 75,食品饮料,其他,4316.40,阿迪达斯,有货,
P-JD-881155,jd_4895801,jd,Apple 家居用品 88,美妆个护,其他,3483.87,耐克,有货,
P-JD-882553,jd_3560986,jd,格力 运动户外 49,美妆个护,其他,133.33,阿迪达斯,有货,
P-JD-883350,jd_9846492,jd,格力 家居用品 90,食品饮料,其他,2125.41,耐克,有货,
P-JD-883511,jd_7855972,jd,华为 图书文具 91,运动户外,其他,4913.84,小米,有货,
P-JD-884058,jd_9626366,jd,格力 家居用品 94,家居用品,其他,2432.17,ZARA,有货,
P-JD-884120,jd_6049822,jd,阿迪达斯 美妆个护 54,图书文具,其他,1978.62,优衣库,有货,
P-JD-885086,jd_3217332,jd,ZARA 食品饮料 52,美妆个护,其他,4929.01,优衣库,有货,
P-JD-885276,jd_3365879,jd,海尔 运动户外 49,服装鞋帽,其他,3288.24,华为,有货,
P-JD-886180,jd_1170035,jd,ZARA 食品饮料 8,食品饮料,其他,360.36,三星,有货,
P-JD-886469,jd_8083865,jd,Apple 图书文具 37,服装鞋帽,其他,2199.11,阿迪达斯,有货,
P-JD-888570,jd_4495379,jd,Apple 电子产品 76,家居用品,其他,286.93,华为,有货,
P-JD-889006,jd_4083186,jd,格力 美妆个护 50,图书文具,其他,3043.79,华为,有货,
P-JD-889526,jd_3332956,jd,优衣库 家居用品 90,食品饮料,其他,349.52,ZARA,有货,
P-JD-889648,jd_8154058,jd,三星 美妆个护 52,食品饮料,其他,3284.21,华为,有货,
P-JD-890312,jd_3467651,jd,格力 美妆个护 66,家居用品,其他,2344.51,三星,有货,
P-JD-893627,jd_2703401,jd,三星 美妆个护 59,母婴用品,其他,2871.33,优衣库,有货,
P-JD-894252,jd_2357029,jd,华为 食品饮料 6,食品饮料,其他,2055.59,优衣库,有货,
P-JD-894444,jd_3664290,jd,三星 食品饮料 72,服装鞋帽,其他,2854.61,三星,有货,
P-JD-895366,jd_9395172,jd,ZARA 食品饮料 58,家居用品,其他,2434.66,Apple,有货,
P-JD-895849,jd_4603229,jd,华为 图书文具 51,美妆个护,其他,3221.60,阿迪达斯,有货,
P-JD-896367,jd_2800372,jd,小米 电子产品 69,运动户外,其他,3537.95,海尔,有货,
P-JD-896407,jd_6208127,jd,ZARA 服装鞋帽 81,服装鞋帽,其他,1615.62,海尔,有货,
P-JD-896881,jd_4789594,jd,ZARA 服装鞋帽 92,母婴用品,其他,1279.75,海尔,有货,
P-JD-897159,jd_3158381,jd,耐克 服装鞋帽 51,运动户外,其他,698.87,Apple,有货,
P-JD-897890,jd_8806429,jd,华为 食品饮料 77,食品饮料,其他,1668.31,优衣库,有货,
P-JD-898625,jd_9111682,jd,Apple 食品饮料 65,食品饮料,其他,1023.45,格力,有货,
P-JD-898660,jd_5024074,jd,ZARA 服装鞋帽 58,图书文具,其他,1425.22,三星,有货,
P-JD-898815,jd_1720464,jd,三星 美妆个护 20,食品饮料,其他,4072.09,华为,有货,
P-JD-899319,jd_6849929,jd,小米 图书文具 88,母婴用品,其他,4385.98,三星,有货,
P-JD-899658,jd_1124650,jd,华为 图书文具 4,美妆个护,其他,2245.26,耐克,有货,
P-JD-899977,jd_7252284,jd,Apple 家居用品 21,服装鞋帽,其他,507.95,格力,有货,
P-JD-900988,jd_4994734,jd,耐克 母婴用品 73,运动户外,其他,3660.10,阿迪达斯,有货,
P-JD-901727,jd_8382363,jd,优衣库 电子产品 39,电子产品,其他,2469.27,阿迪达斯,有货,
P-JD-902954,jd_4357039,jd,海尔 运动户外 16,服装鞋帽,其他,2683.54,Apple,有货,
P-JD-903489,jd_1592496,jd,优衣库 食品饮料 30,食品饮料,其他,1392.28,格力,有货,
P-JD-904968,jd_5889453,jd,华为 食品饮料 49,电子产品,其他,809.99,耐克,有货,
P-JD-907397,jd_2102246,jd,三星 电子产品 66,家居用品,其他,1013.68,阿迪达斯,有货,
P-JD-908557,jd_4329788,jd,ZARA 母婴用品 75,食品饮料,其他,4257.38,ZARA,有货,
P-JD-910430,jd_1595897,jd,阿迪达斯 运动户外 68,家居用品,其他,4890.74,小米,有货,
P-JD-910635,jd_2987436,jd,阿迪达斯 母婴用品 43,电子产品,其他,2558.26,ZARA,有货,
P-JD-911074,jd_5069271,jd,阿迪达斯 图书文具 32,食品饮料,其他,3330.23,阿迪达斯,有货,
P-JD-911409,jd_5983776,jd,海尔 图书文具 44,母婴用品,其他,4651.57,小米,有货,
P-JD-912677,jd_5576240,jd,耐克 图书文具 86,食品饮料,其他,1645.07,ZARA,有货,
P-JD-912767,jd_6335145,jd,小米 运动户外 64,服装鞋帽,其他,75.71,Apple,有货,
P-JD-914128,jd_5977329,jd,三星 美妆个护 44,母婴用品,其他,4824.89,海尔,有货,
P-JD-916653,jd_5288299,jd,阿迪达斯 电子产品 68,美妆个护,其他,4744.94,格力,有货,
P-JD-917185,jd_2270459,jd,耐克 运动户外 6,运动户外,其他,1921.04,耐克,有货,
P-JD-918707,jd_4338127,jd,ZARA 母婴用品 92,运动户外,其他,786.71,小米,有货,
P-JD-919640,jd_3976218,jd,小米 母婴用品 60,电子产品,其他,1465.99,格力,有货,
P-JD-920183,jd_9798328,jd,优衣库 母婴用品 47,图书文具,其他,1418.91,海尔,有货,
P-JD-920316,jd_8455906,jd,优衣库 图书文具 38,电子产品,其他,4388.55,优衣库,有货,
P-JD-920837,jd_7362027,jd,耐克 家居用品 46,美妆个护,其他,1913.01,华为,有货,
P-JD-922807,jd_9978270,jd,耐克 服装鞋帽 30,图书文具,其他,1062.07,ZARA,有货,
P-JD-923294,jd_1157148,jd,ZARA 运动户外 69,图书文具,其他,2005.68,阿迪达斯,有货,
P-JD-923333,jd_3082567,jd,耐克 电子产品 28,服装鞋帽,其他,3485.43,优衣库,有货,
P-JD-923396,jd_5805419,jd,小米 美妆个护 41,食品饮料,其他,1093.09,优衣库,有货,
P-JD-923944,jd_2090386,jd,阿迪达斯 服装鞋帽 100,食品饮料,其他,4253.89,优衣库,有货,
P-JD-924276,jd_8604861,jd,耐克 家居用品 41,图书文具,其他,611.44,阿迪达斯,有货,
P-JD-925077,jd_3871630,jd,ZARA 运动户外 96,服装鞋帽,其他,1530.08,Apple,有货,
P-JD-925369,jd_4819879,jd,优衣库 母婴用品 61,母婴用品,其他,3054.69,海尔,有货,
P-JD-925790,jd_2984658,jd,ZARA 图书文具 72,食品饮料,其他,4131.96,优衣库,有货,
P-JD-925839,jd_2064925,jd,阿迪达斯 食品饮料 54,运动户外,其他,3653.42,Apple,有货,
P-JD-925995,jd_4355714,jd,优衣库 家居用品 97,电子产品,其他,4401.24,阿迪达斯,有货,
P-JD-927459,jd_8981167,jd,格力 家居用品 40,服装鞋帽,其他,501.32,小米,有货,
P-JD-928776,jd_2865122,jd,华为 母婴用品 33,家居用品,其他,3567.87,华为,有货,
P-JD-928877,jd_6736548,jd,华为 服装鞋帽 42,食品饮料,其他,643.10,小米,有货,
P-JD-929190,jd_6377402,jd,华为 母婴用品 21,电子产品,其他,3352.08,ZARA,有货,
P-JD-929247,jd_5112268,jd,优衣库 图书文具 64,家居用品,其他,942.13,优衣库,有货,
P-JD-929471,jd_9572653,jd,优衣库 图书文具 80,家居用品,其他,233.46,ZARA,有货,
P-JD-929648,jd_3973205,jd,海尔 家居用品 98,电子产品,其他,4563.84,三星,有货,
P-JD-929851,jd_7672233,jd,小米 服装鞋帽 51,母婴用品,其他,167.50,格力,有货,
P-JD-930847,jd_8396067,jd,华为 母婴用品 28,家居用品,其他,1870.03,优衣库,有货,
P-JD-933246,jd_2663988,jd,优衣库 母婴用品 34,母婴用品,其他,4329.08,耐克,有货,
P-JD-935347,jd_9253595,jd,ZARA 服装鞋帽 30,母婴用品,其他,4367.56,华为,有货,
P-JD-935353,jd_2301682,jd,三星 电子产品 15,家居用品,其他,327.59,阿迪达斯,有货,
P-JD-935373,jd_6818196,jd,格力 电子产品 32,服装鞋帽,其他,1989.53,海尔,有货,
P-JD-935609,jd_7952492,jd,三星 电子产品 86,美妆个护,其他,4042.72,小米,有货,
P-JD-935994,jd_5224917,jd,格力 电子产品 51,食品饮料,其他,1538.15,三星,有货,
P-JD-936383,jd_2653770,jd,Apple 食品饮料 47,母婴用品,其他,3631.89,小米,有货,
P-JD-937134,jd_5470739,jd,华为 运动户外 70,服装鞋帽,其他,2192.42,阿迪达斯,有货,
P-JD-938980,jd_7315075,jd,海尔 图书文具 62,运动户外,其他,2144.49,优衣库,有货,
P-JD-943087,jd_8948855,jd,耐克 家居用品 84,电子产品,其他,4270.08,海尔,有货,
P-JD-944033,jd_7688952,jd,格力 图书文具 51,食品饮料,其他,199.59,优衣库,有货,
P-JD-944294,jd_7200299,jd,华为 母婴用品 11,运动户外,其他,4071.59,小米,有货,
P-JD-945067,jd_2089657,jd,Apple 家居用品 18,美妆个护,其他,3599.44,ZARA,有货,
P-JD-945563,jd_1474492,jd,优衣库 电子产品 1,运动户外,其他,3430.36,优衣库,有货,
P-JD-946874,jd_7225687,jd,华为 食品饮料 47,运动户外,其他,4993.72,ZARA,有货,
P-JD-947034,jd_4484971,jd,格力 食品饮料 32,母婴用品,其他,164.14,耐克,有货,
P-JD-947297,jd_3528675,jd,耐克 家居用品 65,服装鞋帽,其他,1381.26,ZARA,有货,
P-JD-947426,jd_6759162,jd,Apple 食品饮料 61,服装鞋帽,其他,1581.89,三星,有货,
P-JD-948298,jd_6231654,jd,三星 电子产品 22,食品饮料,其他,3325.16,华为,有货,
P-JD-948471,jd_7013092,jd,Apple 食品饮料 69,食品饮料,其他,1350.80,小米,有货,
P-JD-948590,jd_4902597,jd,华为 食品饮料 10,图书文具,其他,1214.78,小米,有货,
P-JD-948989,jd_1081225,jd,格力 家居用品 72,图书文具,其他,266.49,格力,有货,
P-JD-950039,jd_7425201,jd,ZARA 家居用品 23,服装鞋帽,其他,4167.66,Apple,有货,
P-JD-950129,jd_1461957,jd,华为 家居用品 63,服装鞋帽,其他,2782.87,Apple,有货,
P-JD-950998,jd_3306323,jd,优衣库 食品饮料 78,图书文具,其他,3650.23,三星,有货,
P-JD-951057,jd_5789904,jd,优衣库 美妆个护 42,图书文具,其他,2639.36,阿迪达斯,有货,
P-JD-951127,jd_4585748,jd,三星 电子产品 68,家居用品,其他,2752.90,ZARA,有货,
P-JD-952081,jd_3329372,jd,小米 母婴用品 75,电子产品,其他,1110.30,格力,有货,
P-JD-953330,jd_3626098,jd,阿迪达斯 家居用品 86,家居用品,其他,4530.54,华为,有货,
P-JD-953936,jd_6301311,jd,ZARA 运动户外 52,母婴用品,其他,3928.54,耐克,有货,
P-JD-954555,jd_7406033,jd,Apple 家居用品 51,运动户外,其他,4632.72,华为,有货,
P-JD-954753,jd_7440762,jd,Apple 电子产品 80,家居用品,其他,4768.18,耐克,有货,
P-JD-955121,jd_4640371,jd,优衣库 母婴用品 61,图书文具,其他,1867.51,格力,有货,
P-JD-955586,jd_4234350,jd,优衣库 图书文具 25,母婴用品,其他,4680.23,格力,有货,
P-JD-956015,jd_4750827,jd,耐克 食品饮料 80,家居用品,其他,1808.56,小米,有货,
P-JD-956203,jd_6311226,jd,耐克 美妆个护 76,母婴用品,其他,3611.00,优衣库,有货,
P-JD-956621,jd_3267016,jd,三星 图书文具 90,家居用品,其他,2036.38,华为,有货,
P-JD-957156,jd_7764767,jd,小米 电子产品 50,服装鞋帽,其他,714.44,ZARA,有货,
P-JD-958527,jd_8579546,jd,海尔 电子产品 42,运动户外,其他,4927.67,ZARA,有货,
P-JD-959387,jd_4434476,jd,耐克 图书文具 14,母婴用品,其他,4231.65,三星,有货,
P-JD-961118,jd_3833591,jd,ZARA 服装鞋帽 21,家居用品,其他,398.86,小米,有货,
P-JD-962507,jd_6799840,jd,华为 电子产品 73,美妆个护,其他,1494.13,阿迪达斯,有货,
P-JD-963469,jd_1711075,jd,小米 家居用品 54,图书文具,其他,3365.95,小米,有货,
P-JD-964794,jd_8744270,jd,三星 运动户外 33,服装鞋帽,其他,4435.34,优衣库,有货,
P-JD-966175,jd_8530188,jd,阿迪达斯 美妆个护 31,母婴用品,其他,1624.14,三星,有货,
P-JD-966765,jd_1988813,jd,优衣库 服装鞋帽 100,食品饮料,其他,1692.36,ZARA,有货,
P-JD-967070,jd_7494919,jd,小米 美妆个护 20,母婴用品,其他,1267.75,格力,有货,
P-JD-967722,jd_9082192,jd,耐克 家居用品 92,家居用品,其他,1053.25,华为,有货,
P-JD-968307,jd_1473479,jd,ZARA 运动户外 89,运动户外,其他,3093.28,格力,有货,
P-JD-968462,jd_3067736,jd,格力 电子产品 32,美妆个护,其他,521.07,优衣库,有货,
P-JD-968861,jd_7190677,jd,优衣库 家居用品 37,食品饮料,其他,236.07,华为,有货,
P-JD-970173,jd_7067629,jd,三星 母婴用品 1,电子产品,其他,4687.10,华为,有货,
P-JD-971315,jd_1653563,jd,ZARA 母婴用品 67,食品饮料,其他,1634.25,Apple,有货,
P-JD-972120,jd_7234294,jd,ZARA 服装鞋帽 38,食品饮料,其他,4494.51,ZARA,有货,
P-JD-972360,jd_3890653,jd,ZARA 食品饮料 88,运动户外,其他,2814.24,Apple,有货,
P-JD-972467,jd_1059444,jd,优衣库 食品饮料 8,运动户外,其他,347.41,三星,有货,
P-JD-972632,jd_1200103,jd,ZARA 美妆个护 39,美妆个护,其他,1766.83,小米,有货,
P-JD-972666,jd_1001524,jd,阿迪达斯 家居用品 46,电子产品,其他,1724.65,阿迪达斯,有货,
P-JD-973025,jd_3314744,jd,小米 图书文具 89,美妆个护,其他,4258.24,优衣库,有货,
P-JD-973577,jd_8330907,jd,ZARA 图书文具 71,图书文具,其他,4013.00,华为,有货,
P-JD-974298,jd_1570543,jd,华为 运动户外 62,美妆个护,其他,3001.64,ZARA,有货,
P-JD-975054,jd_5350088,jd,ZARA 母婴用品 86,运动户外,其他,1537.11,海尔,有货,
P-JD-975064,jd_8566578,jd,格力 服装鞋帽 39,母婴用品,其他,1338.58,耐克,有货,
P-JD-975833,jd_3878809,jd,ZARA 电子产品 4,母婴用品,其他,4999.52,格力,有货,
P-JD-976492,jd_6214029,jd,ZARA 运动户外 85,图书文具,其他,1365.66,小米,有货,
P-JD-976817,jd_1542405,jd,海尔 电子产品 26,美妆个护,其他,3228.77,ZARA,有货,
P-JD-977182,jd_7259160,jd,阿迪达斯 母婴用品 78,母婴用品,其他,4345.88,Apple,有货,
P-JD-978953,jd_5741127,jd,Apple 家居用品 86,母婴用品,其他,4478.58,三星,有货,
P-JD-979808,jd_6187001,jd,Apple 服装鞋帽 36,电子产品,其他,3199.82,小米,有货,
P-JD-979965,jd_8029287,jd,耐克 母婴用品 94,美妆个护,其他,1740.99,Apple,有货,
P-JD-980176,jd_5961552,jd,海尔 母婴用品 6,服装鞋帽,其他,4099.85,Apple,有货,
P-JD-980544,jd_5983035,jd,华为 运动户外 30,母婴用品,其他,4484.45,小米,有货,
P-JD-980553,jd_9556734,jd,ZARA 母婴用品 49,图书文具,其他,230.47,阿迪达斯,有货,
P-JD-980599,jd_5008743,jd,海尔 图书文具 66,电子产品,其他,1561.87,阿迪达斯,有货,
P-JD-981211,jd_8264313,jd,三星 图书文具 25,图书文具,其他,4185.72,华为,有货,
P-JD-981341,jd_2556019,jd,海尔 食品饮料 88,电子产品,其他,3344.56,阿迪达斯,有货,
P-JD-981864,jd_7639791,jd,格力 图书文具 44,母婴用品,其他,3510.51,优衣库,有货,
P-JD-982147,jd_3905718,jd,格力 电子产品 63,家居用品,其他,4117.29,华为,有货,
P-JD-982168,jd_6986584,jd,华为 电子产品 75,母婴用品,其他,4449.50,ZARA,有货,
P-JD-982924,jd_8616131,jd,阿迪达斯 服装鞋帽 20,美妆个护,其他,2349.32,Apple,有货,
P-JD-984721,jd_4860083,jd,Apple 图书文具 55,家居用品,其他,4188.26,耐克,有货,
P-JD-984869,jd_7777164,jd,海尔 电子产品 12,美妆个护,其他,1972.41,格力,有货,
P-JD-985103,jd_2026007,jd,优衣库 电子产品 97,运动户外,其他,2337.49,Apple,有货,
P-JD-986329,jd_7176834,jd,华为 运动户外 40,母婴用品,其他,2764.36,三星,有货,
P-JD-986660,jd_6442324,jd,耐克 运动户外 30,美妆个护,其他,4722.70,三星,有货,
P-JD-987032,jd_4211400,jd,格力 食品饮料 47,图书文具,其他,272.71,华为,有货,
P-JD-988215,jd_4459193,jd,格力 服装鞋帽 45,电子产品,其他,2323.29,华为,有货,
P-JD-988419,jd_3101982,jd,华为 运动户外 11,服装鞋帽,其他,1844.63,格力,有货,
P-JD-989600,jd_7555315,jd,ZARA 图书文具 68,电子产品,其他,2286.63,阿迪达斯,有货,
P-JD-990618,jd_3654475,jd,华为 母婴用品 96,运动户外,其他,2637.48,小米,有货,
P-JD-991240,jd_1414175,jd,ZARA 运动户外 92,图书文具,其他,4217.63,华为,有货,
P-JD-991332,jd_5534408,jd,小米 服装鞋帽 18,美妆个护,其他,2633.71,海尔,有货,
P-JD-992285,jd_8224375,jd,华为 服装鞋帽 77,服装鞋帽,其他,2686.83,格力,有货,
P-JD-993498,jd_7613613,jd,ZARA 图书文具 73,运动户外,其他,1471.96,ZARA,有货,
P-JD-994658,jd_8351535,jd,耐克 运动户外 36,母婴用品,其他,153.93,小米,有货,
P-JD-994950,jd_8311947,jd,ZARA 母婴用品 30,图书文具,其他,737.01,小米,有货,
P-JD-995736,jd_5901305,jd,海尔 美妆个护 20,运动户外,其他,3810.75,耐克,有货,
P-JD-997229,jd_6437591,jd,海尔 运动户外 87,电子产品,其他,573.31,三星,有货,
P-JD-997467,jd_2979271,jd,阿迪达斯 家居用品 59,电子产品,其他,3844.11,优衣库,有货,
P-JD-998552,jd_4704103,jd,阿迪达斯 美妆个护 8,电子产品,其他,2778.09,华为,有货,
P-JD-999389,jd_6217337,jd,ZARA 运动户外 42,母婴用品,其他,4294.92,优衣库,有货,
P-JD-999676,jd_4440574,jd,三星 母婴用品 7,电子产品,其他,2742.11,优衣库,有货,
P-JD-999831,jd_3296035,jd,阿迪达斯 电子产品 45,服装鞋帽,其他,185.43,Apple,有货,
P-TAOBAO-100757,taobao_3245711,taobao,阿迪达斯 服装鞋帽 69,美妆个护,其他,4851.94,ZARA,有货,
P-TAOBAO-100889,taobao_4261428,taobao,三星 美妆个护 71,母婴用品,其他,889.10,ZARA,有货,
P-TAOBAO-103640,taobao_2406561,taobao,华为 运动户外 96,食品饮料,其他,78.87,耐克,有货,
P-TAOBAO-104790,taobao_8067627,taobao,海尔 母婴用品 3,家居用品,其他,1958.87,小米,有货,
P-TAOBAO-105733,taobao_1123241,taobao,海尔 服装鞋帽 99,服装鞋帽,其他,2857.23,阿迪达斯,有货,
P-TAOBAO-107365,taobao_8202390,taobao,ZARA 电子产品 72,服装鞋帽,其他,1599.70,三星,有货,
P-TAOBAO-107423,taobao_1484482,taobao,优衣库 食品饮料 62,家居用品,其他,162.99,优衣库,有货,
P-TAOBAO-108066,taobao_1186051,taobao,耐克 运动户外 46,运动户外,其他,2180.47,阿迪达斯,有货,
P-TAOBAO-110224,taobao_2601651,taobao,Apple 服装鞋帽 94,运动户外,其他,2622.24,阿迪达斯,有货,
P-TAOBAO-111829,taobao_8130811,taobao,Apple 运动户外 68,运动户外,其他,1109.90,优衣库,有货,
P-TAOBAO-112777,taobao_8430553,taobao,耐克 图书文具 65,运动户外,其他,2745.61,三星,有货,
P-TAOBAO-113106,taobao_8864711,taobao,Apple 电子产品 97,食品饮料,其他,1286.05,华为,有货,
P-TAOBAO-114972,taobao_6972843,taobao,优衣库 食品饮料 1,图书文具,其他,2053.15,优衣库,有货,
P-TAOBAO-115065,taobao_5674268,taobao,小米 家居用品 38,电子产品,其他,2785.97,阿迪达斯,有货,
P-TAOBAO-116307,taobao_5973580,taobao,优衣库 图书文具 72,母婴用品,其他,1239.94,优衣库,有货,
P-TAOBAO-116677,taobao_1532482,taobao,耐克 服装鞋帽 66,食品饮料,其他,4573.90,三星,有货,
P-TAOBAO-116785,taobao_8979325,taobao,小米 图书文具 22,电子产品,其他,466.20,格力,有货,
P-TAOBAO-117754,taobao_6491215,taobao,Apple 图书文具 96,电子产品,其他,2357.92,ZARA,有货,
P-TAOBAO-120164,taobao_9410670,taobao,ZARA 运动户外 63,电子产品,其他,1409.55,优衣库,有货,
P-TAOBAO-123946,taobao_4115310,taobao,小米 服装鞋帽 81,食品饮料,其他,934.95,优衣库,有货,
P-TAOBAO-123980,taobao_5008320,taobao,ZARA 电子产品 48,家居用品,其他,4043.16,ZARA,有货,
P-TAOBAO-124777,taobao_2211549,taobao,三星 美妆个护 17,电子产品,其他,4399.36,格力,有货,
P-TAOBAO-124850,taobao_5626629,taobao,海尔 家居用品 62,美妆个护,其他,2768.52,Apple,有货,
P-TAOBAO-125703,taobao_2835702,taobao,海尔 食品饮料 53,食品饮料,其他,661.13,小米,有货,
P-TAOBAO-128050,taobao_5179895,taobao,阿迪达斯 美妆个护 85,运动户外,其他,669.88,格力,有货,
P-TAOBAO-129223,taobao_9362574,taobao,Apple 食品饮料 84,母婴用品,其他,4600.21,三星,有货,
P-TAOBAO-129305,taobao_9646604,taobao,三星 服装鞋帽 71,食品饮料,其他,404.90,阿迪达斯,有货,
P-TAOBAO-129544,taobao_9611172,taobao,华为 电子产品 11,美妆个护,其他,1280.78,ZARA,有货,
P-TAOBAO-129631,taobao_8157031,taobao,优衣库 家居用品 79,母婴用品,其他,475.77,耐克,有货,
P-TAOBAO-129957,taobao_2539379,taobao,海尔 服装鞋帽 37,母婴用品,其他,1570.43,海尔,有货,
P-TAOBAO-130610,taobao_5335293,taobao,格力 母婴用品 58,美妆个护,其他,93.88,小米,有货,
P-TAOBAO-131989,taobao_3289760,taobao,海尔 母婴用品 35,母婴用品,其他,705.35,小米,有货,
P-TAOBAO-135161,taobao_6237522,taobao,Apple 图书文具 59,电子产品,其他,399.38,华为,有货,
P-TAOBAO-135310,taobao_3663999,taobao,Apple 美妆个护 28,食品饮料,其他,394.68,三星,有货,
P-TAOBAO-135537,taobao_3534919,taobao,优衣库 美妆个护 95,服装鞋帽,其他,4195.17,格力,有货,
P-TAOBAO-137081,taobao_3838353,taobao,华为 母婴用品 10,食品饮料,其他,669.69,优衣库,有货,
P-TAOBAO-137366,taobao_4840664,taobao,海尔 运动户外 34,美妆个护,其他,1996.95,小米,有货,
P-TAOBAO-137968,taobao_1215267,taobao,三星 食品饮料 7,家居用品,其他,1299.81,三星,有货,
P-TAOBAO-138916,taobao_9157767,taobao,格力 电子产品 20,服装鞋帽,其他,815.09,Apple,有货,
P-TAOBAO-140002,taobao_7669396,taobao,小米 服装鞋帽 60,家居用品,其他,4084.22,Apple,有货,
P-TAOBAO-140189,taobao_7357826,taobao,三星 运动户外 100,美妆个护,其他,4666.57,阿迪达斯,有货,
P-TAOBAO-144086,taobao_9202985,taobao,小米 电子产品 54,图书文具,其他,2481.95,三星,有货,
P-TAOBAO-144358,taobao_7256222,taobao,优衣库 母婴用品 85,母婴用品,其他,1063.15,华为,有货,
P-TAOBAO-144443,taobao_4035794,taobao,小米 家居用品 59,家居用品,其他,2166.94,小米,有货,
P-TAOBAO-146347,taobao_3056598,taobao,Apple 运动户外 61,图书文具,其他,4568.13,阿迪达斯,有货,
P-TAOBAO-148962,taobao_7159916,taobao,ZARA 母婴用品 17,食品饮料,其他,2270.83,Apple,有货,
P-TAOBAO-152568,taobao_4436229,taobao,海尔 服装鞋帽 2,电子产品,其他,3034.93,优衣库,有货,
P-TAOBAO-153033,taobao_2303768,taobao,ZARA 家居用品 61,母婴用品,其他,4364.98,小米,有货,
P-TAOBAO-154787,taobao_4593938,taobao,优衣库 服装鞋帽 5,图书文具,其他,1489.82,耐克,有货,
P-TAOBAO-155306,taobao_3345477,taobao,华为 食品饮料 11,食品饮料,其他,2201.15,三星,有货,
P-TAOBAO-156498,taobao_8303519,taobao,Apple 家居用品 21,美妆个护,其他,2194.63,三星,有货,
P-TAOBAO-156948,taobao_6717212,taobao,格力 电子产品 14,电子产品,其他,199.52,小米,有货,
P-TAOBAO-156949,taobao_2222384,taobao,Apple 运动户外 28,家居用品,其他,428.70,Apple,有货,
P-TAOBAO-158367,taobao_3966114,taobao,耐克 图书文具 84,食品饮料,其他,2557.87,阿迪达斯,有货,
P-TAOBAO-161185,taobao_3202335,taobao,小米 母婴用品 73,服装鞋帽,其他,4782.93,格力,有货,
P-TAOBAO-161904,taobao_6179922,taobao,海尔 电子产品 73,家居用品,其他,3974.28,海尔,有货,
P-TAOBAO-162178,taobao_3890364,taobao,优衣库 美妆个护 27,食品饮料,其他,2281.86,优衣库,有货,
P-TAOBAO-162241,taobao_7259997,taobao,耐克 家居用品 45,母婴用品,其他,4640.55,阿迪达斯,有货,
P-TAOBAO-162799,taobao_5045349,taobao,优衣库 家居用品 15,食品饮料,其他,1597.07,格力,有货,
P-TAOBAO-163226,taobao_7499409,taobao,耐克 食品饮料 20,电子产品,其他,3934.83,海尔,有货,
P-TAOBAO-164690,taobao_4454105,taobao,Apple 食品饮料 40,母婴用品,其他,3626.49,阿迪达斯,有货,
P-TAOBAO-164836,taobao_6289428,taobao,Apple 家居用品 79,服装鞋帽,其他,1089.66,三星,有货,
P-TAOBAO-165737,taobao_6318675,taobao,三星 家居用品 42,运动户外,其他,1086.25,优衣库,有货,
P-TAOBAO-166816,taobao_7444771,taobao,ZARA 家居用品 19,食品饮料,其他,1444.29,阿迪达斯,有货,
P-TAOBAO-167382,taobao_6345946,taobao,Apple 家居用品 34,家居用品,其他,2467.68,小米,有货,
P-TAOBAO-167445,taobao_6180725,taobao,耐克 图书文具 25,食品饮料,其他,3670.34,Apple,有货,
P-TAOBAO-169341,taobao_8132789,taobao,格力 电子产品 50,服装鞋帽,其他,1676.18,格力,有货,
P-TAOBAO-169456,taobao_6759192,taobao,小米 食品饮料 80,运动户外,其他,4079.07,格力,有货,
P-TAOBAO-169506,taobao_3851156,taobao,阿迪达斯 食品饮料 18,家居用品,其他,2567.15,ZARA,有货,
P-TAOBAO-171982,taobao_2808852,taobao,小米 电子产品 88,运动户外,其他,1375.18,Apple,有货,
P-TAOBAO-173379,taobao_7864063,taobao,Apple 运动户外 2,家居用品,其他,2135.48,ZARA,有货,
P-TAOBAO-177130,taobao_4312436,taobao,格力 美妆个护 70,家居用品,其他,1659.25,小米,有货,
P-TAOBAO-177190,taobao_1110033,taobao,Apple 食品饮料 60,母婴用品,其他,344.55,ZARA,有货,
P-TAOBAO-179521,taobao_6411242,taobao,阿迪达斯 美妆个护 78,电子产品,其他,1246.24,三星,有货,
P-TAOBAO-179606,taobao_2141247,taobao,优衣库 家居用品 70,母婴用品,其他,3579.44,海尔,有货,
P-TAOBAO-179797,taobao_3198667,taobao,小米 食品饮料 42,电子产品,其他,1445.68,耐克,有货,
P-TAOBAO-181447,taobao_9901409,taobao,格力 图书文具 15,美妆个护,其他,2532.71,三星,有货,
P-TAOBAO-181557,taobao_7511519,taobao,优衣库 母婴用品 48,图书文具,其他,4613.57,阿迪达斯,有货,
P-TAOBAO-183656,taobao_8850454,taobao,优衣库 美妆个护 50,运动户外,其他,1932.89,格力,有货,
P-TAOBAO-183791,taobao_8826750,taobao,海尔 图书文具 49,母婴用品,其他,3999.68,优衣库,有货,
P-TAOBAO-184565,taobao_5873149,taobao,耐克 母婴用品 43,服装鞋帽,其他,2948.67,阿迪达斯,有货,
P-TAOBAO-185832,taobao_5575828,taobao,华为 服装鞋帽 62,母婴用品,其他,4182.57,三星,有货,
P-TAOBAO-186221,taobao_2268876,taobao,耐克 食品饮料 92,食品饮料,其他,4371.42,海尔,有货,
P-TAOBAO-187388,taobao_7073852,taobao,优衣库 美妆个护 1,美妆个护,其他,205.92,华为,有货,
P-TAOBAO-188514,taobao_2296088,taobao,华为 食品饮料 66,母婴用品,其他,1907.19,耐克,有货,
P-TAOBAO-189289,taobao_8130212,taobao,Apple 食品饮料 39,母婴用品,其他,1533.01,小米,有货,
P-TAOBAO-189551,taobao_6399048,taobao,华为 家居用品 79,图书文具,其他,1391.55,小米,有货,
P-TAOBAO-190213,taobao_4988970,taobao,耐克 母婴用品 66,母婴用品,其他,1189.95,阿迪达斯,有货,
P-TAOBAO-191039,taobao_6903490,taobao,华为 家居用品 18,服装鞋帽,其他,3760.33,海尔,有货,
P-TAOBAO-192165,taobao_2253515,taobao,海尔 图书文具 49,运动户外,其他,3777.26,小米,有货,
P-TAOBAO-192377,taobao_2772309,taobao,海尔 美妆个护 98,运动户外,其他,1529.97,三星,有货,
P-TAOBAO-193600,taobao_8722647,taobao,格力 母婴用品 42,运动户外,其他,3254.53,海尔,有货,
P-TAOBAO-194419,taobao_6743496,taobao,海尔 家居用品 91,食品饮料,其他,1345.74,格力,有货,
P-TAOBAO-194981,taobao_8424329,taobao,耐克 图书文具 46,母婴用品,其他,2975.10,阿迪达斯,有货,
P-TAOBAO-195605,taobao_4633515,taobao,海尔 服装鞋帽 77,图书文具,其他,2982.18,耐克,有货,
P-TAOBAO-196903,taobao_7466492,taobao,三星 运动户外 1,图书文具,其他,899.86,三星,有货,
P-TAOBAO-199271,taobao_9529424,taobao,小米 运动户外 80,食品饮料,其他,2062.39,Apple,有货,
P-TAOBAO-199530,taobao_6540664,taobao,格力 食品饮料 44,食品饮料,其他,2634.40,ZARA,有货,
P-TAOBAO-200203,taobao_5516298,taobao,海尔 母婴用品 96,母婴用品,其他,3491.47,小米,有货,
P-TAOBAO-201634,taobao_8272469,taobao,海尔 家居用品 44,运动户外,其他,4253.04,Apple,有货,
P-TAOBAO-201771,taobao_2429024,taobao,海尔 家居用品 60,食品饮料,其他,2671.07,华为,有货,
P-TAOBAO-202455,taobao_7820900,taobao,耐克 运动户外 65,母婴用品,其他,4417.23,优衣库,有货,
P-TAOBAO-202563,taobao_7938496,taobao,海尔 服装鞋帽 71,美妆个护,其他,367.50,海尔,有货,
P-TAOBAO-202929,taobao_9040492,taobao,Apple 电子产品 91,电子产品,其他,2691.53,Apple,有货,
P-TAOBAO-203027,taobao_5234297,taobao,三星 母婴用品 52,美妆个护,其他,284.53,Apple,有货,
P-TAOBAO-203123,taobao_5032539,taobao,三星 家居用品 69,家居用品,其他,4542.29,耐克,有货,
P-TAOBAO-204355,taobao_6699400,taobao,阿迪达斯 电子产品 12,运动户外,其他,1329.41,格力,有货,
P-TAOBAO-205846,taobao_8276917,taobao,华为 母婴用品 49,美妆个护,其他,522.80,ZARA,有货,
P-TAOBAO-207521,taobao_7216103,taobao,海尔 美妆个护 10,家居用品,其他,1649.96,优衣库,有货,
P-TAOBAO-208734,taobao_8880202,taobao,耐克 图书文具 81,电子产品,其他,2176.45,ZARA,有货,
P-TAOBAO-209863,taobao_7521287,taobao,小米 家居用品 36,母婴用品,其他,1927.17,华为,有货,
P-TAOBAO-209956,taobao_9918084,taobao,小米 食品饮料 42,食品饮料,其他,3846.63,阿迪达斯,有货,
P-TAOBAO-210037,taobao_8929083,taobao,小米 家居用品 1,食品饮料,其他,1188.59,耐克,有货,
P-TAOBAO-210541,taobao_9907966,taobao,耐克 服装鞋帽 50,母婴用品,其他,357.30,三星,有货,
P-TAOBAO-213761,taobao_8487124,taobao,小米 食品饮料 53,家居用品,其他,3205.38,海尔,有货,
P-TAOBAO-214527,taobao_5139559,taobao,优衣库 运动户外 90,母婴用品,其他,215.82,耐克,有货,
P-TAOBAO-216218,taobao_5802915,taobao,小米 图书文具 4,运动户外,其他,3239.61,优衣库,有货,
P-TAOBAO-216482,taobao_3115555,taobao,三星 图书文具 19,运动户外,其他,2077.29,耐克,有货,
P-TAOBAO-216699,taobao_5336539,taobao,格力 家居用品 4,电子产品,其他,4447.34,耐克,有货,
P-TAOBAO-216962,taobao_3495788,taobao,优衣库 美妆个护 76,家居用品,其他,2065.54,Apple,有货,
P-TAOBAO-219587,taobao_1606112,taobao,阿迪达斯 家居用品 75,母婴用品,其他,742.66,华为,有货,
P-TAOBAO-219590,taobao_4340470,taobao,华为 电子产品 52,图书文具,其他,3026.94,三星,有货,
P-TAOBAO-219659,taobao_4500921,taobao,阿迪达斯 服装鞋帽 11,运动户外,其他,3537.31,阿迪达斯,有货,
P-TAOBAO-220347,taobao_3198498,taobao,海尔 食品饮料 33,电子产品,其他,723.54,优衣库,有货,
P-TAOBAO-220979,taobao_1849969,taobao,ZARA 食品饮料 55,运动户外,其他,2335.68,格力,有货,
P-TAOBAO-222837,taobao_4266779,taobao,三星 食品饮料 39,电子产品,其他,4531.97,格力,有货,
P-TAOBAO-222930,taobao_1824063,taobao,Apple 美妆个护 14,服装鞋帽,其他,4652.42,优衣库,有货,
P-TAOBAO-223837,taobao_9388267,taobao,海尔 母婴用品 89,电子产品,其他,3843.85,格力,有货,
P-TAOBAO-223915,taobao_6432634,taobao,华为 家居用品 97,食品饮料,其他,4721.43,海尔,有货,
P-TAOBAO-224833,taobao_3410124,taobao,耐克 母婴用品 48,服装鞋帽,其他,1147.18,小米,有货,
P-TAOBAO-225853,taobao_8586191,taobao,华为 美妆个护 47,图书文具,其他,95.03,海尔,有货,
P-TAOBAO-226007,taobao_7184360,taobao,阿迪达斯 母婴用品 75,家居用品,其他,994.44,优衣库,有货,
P-TAOBAO-226491,taobao_6548800,taobao,耐克 电子产品 1,图书文具,其他,2870.52,小米,有货,
P-TAOBAO-227301,taobao_9406716,taobao,格力 食品饮料 97,图书文具,其他,2497.40,三星,有货,
P-TAOBAO-228353,taobao_5939213,taobao,阿迪达斯 电子产品 36,服装鞋帽,其他,2915.54,ZARA,有货,
P-TAOBAO-229611,taobao_8775912,taobao,三星 服装鞋帽 88,美妆个护,其他,4297.62,优衣库,有货,
P-TAOBAO-230879,taobao_9861182,taobao,阿迪达斯 家居用品 96,服装鞋帽,其他,3709.77,阿迪达斯,有货,
P-TAOBAO-231806,taobao_1023462,taobao,华为 美妆个护 14,电子产品,其他,3370.54,格力,有货,
P-TAOBAO-232262,taobao_3634813,taobao,阿迪达斯 母婴用品 72,母婴用品,其他,2436.68,耐克,有货,
P-TAOBAO-232289,taobao_7775491,taobao,三星 家居用品 25,图书文具,其他,3411.06,海尔,有货,
P-TAOBAO-232481,taobao_5389165,taobao,ZARA 电子产品 79,服装鞋帽,其他,2946.78,三星,有货,
P-TAOBAO-235352,taobao_6734280,taobao,三星 电子产品 44,图书文具,其他,487.12,ZARA,有货,
P-TAOBAO-236528,taobao_5640161,taobao,ZARA 服装鞋帽 47,服装鞋帽,其他,3517.87,海尔,有货,
P-TAOBAO-236578,taobao_2466973,taobao,海尔 食品饮料 77,母婴用品,其他,3937.07,三星,有货,
P-TAOBAO-237082,taobao_5970455,taobao,Apple 图书文具 2,家居用品,其他,2252.42,ZARA,有货,
P-TAOBAO-238042,taobao_1519067,taobao,优衣库 家居用品 66,美妆个护,其他,1947.76,格力,有货,
P-TAOBAO-238337,taobao_4882303,taobao,阿迪达斯 运动户外 100,食品饮料,其他,3888.65,阿迪达斯,有货,
P-TAOBAO-240576,taobao_3071032,taobao,Apple 运动户外 63,图书文具,其他,453.32,华为,有货,
P-TAOBAO-241862,taobao_7684484,taobao,格力 运动户外 100,母婴用品,其他,1371.17,格力,有货,
P-TAOBAO-242978,taobao_5274439,taobao,耐克 电子产品 98,食品饮料,其他,2636.38,小米,有货,
P-TAOBAO-246013,taobao_4782652,taobao,耐克 运动户外 57,食品饮料,其他,971.83,小米,有货,
P-TAOBAO-246100,taobao_5141170,taobao,优衣库 母婴用品 5,母婴用品,其他,810.78,三星,有货,
P-TAOBAO-246901,taobao_8810872,taobao,耐克 母婴用品 72,食品饮料,其他,3284.48,阿迪达斯,有货,
P-TAOBAO-247672,taobao_6812322,taobao,ZARA 运动户外 56,美妆个护,其他,1167.45,耐克,有货,
P-TAOBAO-247685,taobao_9769263,taobao,格力 图书文具 80,电子产品,其他,4358.92,Apple,有货,
P-TAOBAO-247732,taobao_2649560,taobao,海尔 食品饮料 68,家居用品,其他,3213.81,优衣库,有货,
P-TAOBAO-248496,taobao_3930145,taobao,小米 电子产品 94,图书文具,其他,3960.08,优衣库,有货,
P-TAOBAO-250103,taobao_4037633,taobao,华为 电子产品 7,运动户外,其他,109.26,小米,有货,
P-TAOBAO-251981,taobao_7050876,taobao,三星 母婴用品 91,母婴用品,其他,4964.90,华为,有货,
P-TAOBAO-253690,taobao_3510387,taobao,海尔 运动户外 6,母婴用品,其他,3908.94,ZARA,有货,
P-TAOBAO-254005,taobao_7894180,taobao,优衣库 母婴用品 58,食品饮料,其他,4236.50,格力,有货,
P-TAOBAO-255979,taobao_8645453,taobao,Apple 服装鞋帽 47,食品饮料,其他,1777.50,小米,有货,
P-TAOBAO-255992,taobao_4075451,taobao,三星 母婴用品 40,运动户外,其他,1491.93,阿迪达斯,有货,
P-TAOBAO-256753,taobao_9518475,taobao,ZARA 图书文具 100,美妆个护,其他,2612.21,Apple,有货,
P-TAOBAO-258884,taobao_7415423,taobao,小米 电子产品 67,食品饮料,其他,3701.13,优衣库,有货,
P-TAOBAO-259150,taobao_5118688,taobao,格力 食品饮料 49,电子产品,其他,3863.62,优衣库,有货,
P-TAOBAO-260518,taobao_7345261,taobao,阿迪达斯 美妆个护 19,家居用品,其他,1163.54,华为,有货,
P-TAOBAO-261332,taobao_7313874,taobao,海尔 食品饮料 15,母婴用品,其他,4082.29,ZARA,有货,
P-TAOBAO-262081,taobao_6139802,taobao,三星 运动户外 58,电子产品,其他,2291.94,三星,有货,
P-TAOBAO-263277,taobao_5392911,taobao,三星 图书文具 67,美妆个护,其他,1917.98,海尔,有货,
P-TAOBAO-264066,taobao_1954626,taobao,ZARA 图书文具 96,服装鞋帽,其他,1475.00,优衣库,有货,
P-TAOBAO-264657,taobao_6388899,taobao,三星 服装鞋帽 18,食品饮料,其他,2538.56,华为,有货,
P-TAOBAO-265922,taobao_5496464,taobao,华为 食品饮料 37,美妆个护,其他,953.29,Apple,有货,
P-TAOBAO-266626,taobao_7340630,taobao,海尔 食品饮料 59,美妆个护,其他,2779.67,耐克,有货,
P-TAOBAO-267469,taobao_3579430,taobao,阿迪达斯 运动户外 38,母婴用品,其他,4825.63,三星,有货,
P-TAOBAO-267643,taobao_5082117,taobao,华为 美妆个护 5,食品饮料,其他,4834.86,华为,有货,
P-TAOBAO-268552,taobao_8427589,taobao,格力 美妆个护 30,食品饮料,其他,2685.93,小米,有货,
P-TAOBAO-270781,taobao_4713075,taobao,小米 服装鞋帽 61,运动户外,其他,2076.09,三星,有货,
P-TAOBAO-271082,taobao_9485133,taobao,Apple 图书文具 57,运动户外,其他,988.77,优衣库,有货,
P-TAOBAO-271127,taobao_5577928,taobao,阿迪达斯 电子产品 39,运动户外,其他,4110.43,海尔,有货,
P-TAOBAO-272554,taobao_9097888,taobao,阿迪达斯 图书文具 76,电子产品,其他,3279.06,华为,有货,
P-TAOBAO-273069,taobao_8794104,taobao,耐克 服装鞋帽 70,母婴用品,其他,140.39,耐克,有货,
P-TAOBAO-273216,taobao_4312173,taobao,海尔 美妆个护 54,服装鞋帽,其他,1692.44,华为,有货,
P-TAOBAO-275357,taobao_6002721,taobao,耐克 运动户外 54,运动户外,其他,224.33,ZARA,有货,
P-TAOBAO-277802,taobao_4420792,taobao,三星 美妆个护 87,母婴用品,其他,2906.60,阿迪达斯,有货,
P-TAOBAO-278226,taobao_3078805,taobao,海尔 服装鞋帽 82,服装鞋帽,其他,3470.51,阿迪达斯,有货,
P-TAOBAO-278392,taobao_3544400,taobao,华为 食品饮料 23,食品饮料,其他,991.31,阿迪达斯,有货,
P-TAOBAO-279199,taobao_4410571,taobao,优衣库 食品饮料 39,图书文具,其他,2085.61,耐克,有货,
P-TAOBAO-279529,taobao_4699869,taobao,华为 母婴用品 84,家居用品,其他,65.27,阿迪达斯,有货,
P-TAOBAO-280984,taobao_5047776,taobao,ZARA 食品饮料 92,图书文具,其他,707.99,Apple,有货,
P-TAOBAO-281478,taobao_2920289,taobao,ZARA 母婴用品 75,服装鞋帽,其他,1367.46,Apple,有货,
P-TAOBAO-282476,taobao_3293277,taobao,优衣库 图书文具 69,运动户外,其他,1515.64,华为,有货,
P-TAOBAO-283285,taobao_4361836,taobao,耐克 食品饮料 27,电子产品,其他,1448.18,Apple,有货,
P-TAOBAO-283693,taobao_9932465,taobao,Apple 美妆个护 31,运动户外,其他,606.99,耐克,有货,
P-TAOBAO-283822,taobao_1197904,taobao,Apple 运动户外 42,运动户外,其他,4711.48,Apple,有货,
P-TAOBAO-285033,taobao_6707289,taobao,格力 图书文具 88,家居用品,其他,3869.73,优衣库,有货,
P-TAOBAO-285713,taobao_3608196,taobao,格力 服装鞋帽 98,运动户外,其他,4174.44,耐克,有货,
P-TAOBAO-285913,taobao_9807494,taobao,海尔 母婴用品 58,食品饮料,其他,2710.41,阿迪达斯,有货,
P-TAOBAO-286283,taobao_5687157,taobao,阿迪达斯 母婴用品 12,图书文具,其他,1920.27,格力,有货,
P-TAOBAO-287660,taobao_6311422,taobao,阿迪达斯 食品饮料 87,图书文具,其他,3982.33,海尔,有货,
P-TAOBAO-288302,taobao_9639671,taobao,ZARA 家居用品 54,运动户外,其他,2197.59,格力,有货,
P-TAOBAO-289484,taobao_9920232,taobao,华为 服装鞋帽 72,母婴用品,其他,4397.67,耐克,有货,
P-TAOBAO-291628,taobao_8737467,taobao,华为 美妆个护 87,电子产品,其他,3329.65,阿迪达斯,有货,
P-TAOBAO-291803,taobao_9448532,taobao,三星 母婴用品 92,母婴用品,其他,3116.03,阿迪达斯,有货,
P-TAOBAO-292785,taobao_9552524,taobao,阿迪达斯 家居用品 49,母婴用品,其他,3245.05,ZARA,有货,
P-TAOBAO-293104,taobao_7903524,taobao,阿迪达斯 食品饮料 21,母婴用品,其他,2418.33,阿迪达斯,有货,
P-TAOBAO-295460,taobao_8460744,taobao,优衣库 美妆个护 53,食品饮料,其他,2606.50,三星,有货,
P-TAOBAO-295494,taobao_6200252,taobao,格力 服装鞋帽 16,图书文具,其他,3884.15,三星,有货,
P-TAOBAO-295813,taobao_2339760,taobao,三星 服装鞋帽 19,运动户外,其他,831.70,格力,有货,
P-TAOBAO-296518,taobao_6251907,taobao,优衣库 美妆个护 94,运动户外,其他,133.66,ZARA,有货,
P-TAOBAO-298258,taobao_3418740,taobao,小米 家居用品 22,美妆个护,其他,1294.53,Apple,有货,
P-TAOBAO-299548,taobao_4525177,taobao,华为 电子产品 45,运动户外,其他,2932.15,优衣库,有货,
P-TAOBAO-300600,taobao_8622764,taobao,三星 服装鞋帽 100,图书文具,其他,4369.31,格力,有货,
P-TAOBAO-301228,taobao_8851558,taobao,耐克 图书文具 44,母婴用品,其他,2335.98,海尔,有货,
P-TAOBAO-301248,taobao_5395723,taobao,海尔 母婴用品 44,食品饮料,其他,3528.97,优衣库,有货,
P-TAOBAO-302811,taobao_8954731,taobao,华为 图书文具 73,食品饮料,其他,2298.02,优衣库,有货,
P-TAOBAO-303984,taobao_4844439,taobao,小米 母婴用品 72,美妆个护,其他,1628.29,耐克,有货,
P-TAOBAO-305281,taobao_7349258,taobao,格力 图书文具 51,家居用品,其他,4923.86,海尔,有货,
P-TAOBAO-305965,taobao_2735888,taobao,阿迪达斯 图书文具 31,母婴用品,其他,2272.23,华为,有货,
P-TAOBAO-308711,taobao_6117877,taobao,阿迪达斯 服装鞋帽 2,图书文具,其他,4700.16,小米,有货,
P-TAOBAO-309676,taobao_5082419,taobao,海尔 图书文具 17,美妆个护,其他,1153.49,优衣库,有货,
P-TAOBAO-312020,taobao_9037875,taobao,三星 家居用品 53,食品饮料,其他,1417.81,Apple,有货,
P-TAOBAO-312713,taobao_3089555,taobao,耐克 服装鞋帽 1,电子产品,其他,383.36,海尔,有货,
P-TAOBAO-315337,taobao_5599826,taobao,三星 美妆个护 21,图书文具,其他,265.93,耐克,有货,
P-TAOBAO-315658,taobao_6679553,taobao,优衣库 母婴用品 40,美妆个护,其他,4644.59,ZARA,有货,
P-TAOBAO-316157,taobao_5702794,taobao,华为 食品饮料 70,服装鞋帽,其他,4249.07,格力,有货,
P-TAOBAO-316598,taobao_6827456,taobao,耐克 服装鞋帽 64,食品饮料,其他,1621.44,小米,有货,
P-TAOBAO-317272,taobao_2576493,taobao,格力 电子产品 71,家居用品,其他,1280.08,耐克,有货,
P-TAOBAO-319066,taobao_2663539,taobao,阿迪达斯 食品饮料 44,母婴用品,其他,2114.57,三星,有货,
P-TAOBAO-319076,taobao_9817490,taobao,阿迪达斯 服装鞋帽 53,运动户外,其他,4370.47,海尔,有货,
P-TAOBAO-322974,taobao_8673171,taobao,华为 服装鞋帽 99,母婴用品,其他,4981.72,三星,有货,
P-TAOBAO-323544,taobao_3255764,taobao,小米 图书文具 63,美妆个护,其他,3187.60,三星,有货,
P-TAOBAO-323674,taobao_4285792,taobao,优衣库 服装鞋帽 31,运动户外,其他,747.14,阿迪达斯,有货,
P-TAOBAO-325250,taobao_4523935,taobao,格力 图书文具 83,母婴用品,其他,3503.91,耐克,有货,
P-TAOBAO-326506,taobao_2167167,taobao,小米 食品饮料 15,运动户外,其他,1385.58,耐克,有货,
P-TAOBAO-328656,taobao_9468399,taobao,阿迪达斯 运动户外 100,运动户外,其他,3454.57,小米,有货,
P-TAOBAO-328794,taobao_6904654,taobao,海尔 食品饮料 56,母婴用品,其他,1357.58,阿迪达斯,有货,
P-TAOBAO-328980,taobao_2554756,taobao,耐克 美妆个护 39,电子产品,其他,2992.32,ZARA,有货,
P-TAOBAO-329006,taobao_9279754,taobao,三星 美妆个护 17,运动户外,其他,698.50,华为,有货,
P-TAOBAO-329256,taobao_6465946,taobao,小米 家居用品 26,运动户外,其他,1122.18,三星,有货,
P-TAOBAO-329795,taobao_1692325,taobao,Apple 服装鞋帽 96,食品饮料,其他,1680.78,阿迪达斯,有货,
P-TAOBAO-330766,taobao_9910261,taobao,耐克 母婴用品 20,图书文具,其他,4245.79,三星,有货,
P-TAOBAO-331369,taobao_6402285,taobao,格力 家居用品 67,服装鞋帽,其他,4088.80,耐克,有货,
P-TAOBAO-331534,taobao_6951271,taobao,Apple 运动户外 51,运动户外,其他,3348.06,Apple,有货,
P-TAOBAO-332888,taobao_9357028,taobao,优衣库 食品饮料 25,图书文具,其他,2364.72,优衣库,有货,
P-TAOBAO-333775,taobao_6158955,taobao,华为 电子产品 72,家居用品,其他,686.76,阿迪达斯,有货,
P-TAOBAO-334946,taobao_4681734,taobao,海尔 母婴用品 90,运动户外,其他,104.22,三星,有货,
P-TAOBAO-335445,taobao_7111391,taobao,华为 运动户外 4,运动户外,其他,2127.84,Apple,有货,
P-TAOBAO-336993,taobao_7023134,taobao,Apple 运动户外 4,家居用品,其他,135.14,阿迪达斯,有货,
P-TAOBAO-337538,taobao_8231429,taobao,华为 图书文具 5,母婴用品,其他,174.82,小米,有货,
P-TAOBAO-339342,taobao_4451683,taobao,海尔 服装鞋帽 62,电子产品,其他,1603.22,小米,有货,
P-TAOBAO-339621,taobao_6124721,taobao,耐克 食品饮料 49,运动户外,其他,3607.72,ZARA,有货,
P-TAOBAO-341372,taobao_8232039,taobao,耐克 图书文具 56,母婴用品,其他,387.28,小米,有货,
P-TAOBAO-344235,taobao_7924176,taobao,ZARA 美妆个护 67,食品饮料,其他,3755.73,三星,有货,
P-TAOBAO-344481,taobao_7659782,taobao,华为 服装鞋帽 32,美妆个护,其他,929.87,华为,有货,
P-TAOBAO-344509,taobao_9390872,taobao,阿迪达斯 食品饮料 30,食品饮料,其他,3627.85,优衣库,有货,
P-TAOBAO-347473,taobao_5502754,taobao,格力 电子产品 53,电子产品,其他,3947.49,Apple,有货,
P-TAOBAO-347758,taobao_3124467,taobao,华为 食品饮料 13,图书文具,其他,3125.43,阿迪达斯,有货,
P-TAOBAO-348534,taobao_2216539,taobao,格力 美妆个护 31,图书文具,其他,4504.41,三星,有货,
P-TAOBAO-349396,taobao_9429346,taobao,优衣库 食品饮料 36,电子产品,其他,4866.19,优衣库,有货,
P-TAOBAO-353292,taobao_7144100,taobao,Apple 母婴用品 14,电子产品,其他,3655.62,优衣库,有货,
P-TAOBAO-353331,taobao_1326725,taobao,阿迪达斯 电子产品 38,食品饮料,其他,2956.18,耐克,有货,
P-TAOBAO-356213,taobao_5118270,taobao,格力 母婴用品 9,食品饮料,其他,2161.88,华为,有货,
P-TAOBAO-356669,taobao_9154756,taobao,耐克 图书文具 1,食品饮料,其他,3356.54,华为,有货,
P-TAOBAO-357495,taobao_2630001,taobao,华为 电子产品 23,母婴用品,其他,3019.38,格力,有货,
P-TAOBAO-357784,taobao_2878734,taobao,Apple 电子产品 93,母婴用品,其他,4630.63,ZARA,有货,
P-TAOBAO-358137,taobao_7268451,taobao,格力 运动户外 74,服装鞋帽,其他,2853.55,阿迪达斯,有货,
P-TAOBAO-361849,taobao_9484330,taobao,ZARA 电子产品 25,图书文具,其他,1358.86,三星,有货,
P-TAOBAO-363621,taobao_5446056,taobao,海尔 运动户外 35,美妆个护,其他,1041.51,阿迪达斯,有货,
P-TAOBAO-363628,taobao_9493454,taobao,三星 图书文具 90,食品饮料,其他,2660.59,小米,有货,
P-TAOBAO-363689,taobao_9899398,taobao,海尔 母婴用品 16,运动户外,其他,303.61,优衣库,有货,
P-TAOBAO-364850,taobao_6276233,taobao,耐克 图书文具 44,食品饮料,其他,245.08,耐克,有货,
P-TAOBAO-367644,taobao_2657032,taobao,格力 电子产品 8,运动户外,其他,1909.05,华为,有货,
P-TAOBAO-368586,taobao_3505221,taobao,优衣库 美妆个护 6,美妆个护,其他,3366.21,三星,有货,
P-TAOBAO-369705,taobao_3421822,taobao,ZARA 家居用品 59,运动户外,其他,2769.75,Apple,有货,
P-TAOBAO-371693,taobao_7159932,taobao,小米 美妆个护 52,运动户外,其他,1458.61,小米,有货,
P-TAOBAO-372644,taobao_6877728,taobao,三星 母婴用品 54,图书文具,其他,2464.59,三星,有货,
P-TAOBAO-372681,taobao_7506111,taobao,小米 美妆个护 69,母婴用品,其他,1142.89,耐克,有货,
P-TAOBAO-373497,taobao_2213611,taobao,ZARA 电子产品 81,图书文具,其他,646.42,耐克,有货,
P-TAOBAO-377630,taobao_1816629,taobao,ZARA 图书文具 28,美妆个护,其他,676.82,海尔,有货,
P-TAOBAO-377840,taobao_7804636,taobao,优衣库 食品饮料 76,图书文具,其他,733.94,海尔,有货,
P-TAOBAO-378251,taobao_5159186,taobao,Apple 服装鞋帽 23,母婴用品,其他,2437.01,华为,有货,
P-TAOBAO-379686,taobao_1688864,taobao,格力 图书文具 22,母婴用品,其他,3591.30,华为,有货,
P-TAOBAO-380758,taobao_2692748,taobao,格力 美妆个护 9,电子产品,其他,207.91,华为,有货,
P-TAOBAO-380863,taobao_6246257,taobao,Apple 食品饮料 71,图书文具,其他,2439.44,海尔,有货,
P-TAOBAO-381314,taobao_6756991,taobao,三星 运动户外 33,食品饮料,其他,3485.23,格力,有货,
P-TAOBAO-382305,taobao_3762468,taobao,阿迪达斯 母婴用品 49,家居用品,其他,3451.18,三星,有货,
P-TAOBAO-383549,taobao_5964787,taobao,小米 电子产品 62,美妆个护,其他,2669.80,阿迪达斯,有货,
P-TAOBAO-384655,taobao_2240361,taobao,格力 服装鞋帽 44,食品饮料,其他,1543.05,耐克,有货,
P-TAOBAO-384748,taobao_7286879,taobao,格力 食品饮料 9,美妆个护,其他,1194.90,三星,有货,
P-TAOBAO-385919,taobao_2850000,taobao,格力 服装鞋帽 30,运动户外,其他,2808.78,Apple,有货,
P-TAOBAO-387291,taobao_8273229,taobao,阿迪达斯 服装鞋帽 32,食品饮料,其他,3933.80,华为,有货,
P-TAOBAO-389026,taobao_1714714,taobao,Apple 母婴用品 46,美妆个护,其他,2449.24,海尔,有货,
P-TAOBAO-390372,taobao_7983229,taobao,优衣库 食品饮料 58,家居用品,其他,2523.35,Apple,有货,
P-TAOBAO-392116,taobao_2232970,taobao,ZARA 家居用品 14,母婴用品,其他,364.12,海尔,有货,
P-TAOBAO-393727,taobao_6038337,taobao,ZARA 美妆个护 95,电子产品,其他,1818.21,优衣库,有货,
P-TAOBAO-394987,taobao_1608007,taobao,阿迪达斯 食品饮料 9,美妆个护,其他,3109.61,海尔,有货,
P-TAOBAO-395142,taobao_1844638,taobao,海尔 食品饮料 26,食品饮料,其他,2501.68,优衣库,有货,
P-TAOBAO-397697,taobao_8889070,taobao,Apple 家居用品 51,食品饮料,其他,165.54,Apple,有货,
P-TAOBAO-399123,taobao_9186650,taobao,三星 美妆个护 56,美妆个护,其他,823.95,格力,有货,
P-TAOBAO-399252,taobao_9948163,taobao,华为 食品饮料 36,美妆个护,其他,526.60,华为,有货,
P-TAOBAO-400403,taobao_6043069,taobao,华为 电子产品 32,服装鞋帽,其他,2865.40,华为,有货,
P-TAOBAO-400425,taobao_8744032,taobao,Apple 运动户外 70,母婴用品,其他,4859.72,阿迪达斯,有货,
P-TAOBAO-400444,taobao_4878230,taobao,海尔 母婴用品 3,家居用品,其他,1547.89,优衣库,有货,
P-TAOBAO-400901,taobao_3590884,taobao,华为 母婴用品 4,家居用品,其他,4714.64,小米,有货,
P-TAOBAO-402068,taobao_5616006,taobao,格力 食品饮料 6,电子产品,其他,2291.07,耐克,有货,
P-TAOBAO-403719,taobao_2567636,taobao,耐克 家居用品 76,服装鞋帽,其他,1478.87,三星,有货,
P-TAOBAO-404378,taobao_5031896,taobao,ZARA 家居用品 24,美妆个护,其他,1028.96,海尔,有货,
P-TAOBAO-404693,taobao_5337265,taobao,阿迪达斯 食品饮料 20,电子产品,其他,3986.91,三星,有货,
P-TAOBAO-404743,taobao_7516360,taobao,阿迪达斯 母婴用品 32,电子产品,其他,1290.73,Apple,有货,
P-TAOBAO-407378,taobao_5603182,taobao,三星 食品饮料 8,运动户外,其他,3502.02,阿迪达斯,有货,
P-TAOBAO-409113,taobao_3818883,taobao,Apple 食品饮料 55,服装鞋帽,其他,4343.80,三星,有货,
P-TAOBAO-409327,taobao_3748346,taobao,耐克 母婴用品 40,美妆个护,其他,1161.29,ZARA,有货,
P-TAOBAO-410163,taobao_6176744,taobao,耐克 服装鞋帽 9,图书文具,其他,584.18,ZARA,有货,
P-TAOBAO-410616,taobao_9012286,taobao,Apple 电子产品 9,食品饮料,其他,246.46,三星,有货,
P-TAOBAO-415216,taobao_2778275,taobao,格力 图书文具 85,母婴用品,其他,1666.51,Apple,有货,
P-TAOBAO-415530,taobao_4698352,taobao,小米 服装鞋帽 96,服装鞋帽,其他,4494.65,Apple,有货,
P-TAOBAO-415994,taobao_8248640,taobao,小米 电子产品 61,家居用品,其他,1215.97,格力,有货,
P-TAOBAO-417420,taobao_7159453,taobao,海尔 图书文具 43,家居用品,其他,3411.56,阿迪达斯,有货,
P-TAOBAO-417540,taobao_2756921,taobao,小米 美妆个护 58,图书文具,其他,956.78,三星,有货,
P-TAOBAO-417868,taobao_9645299,taobao,华为 运动户外 26,运动户外,其他,2982.52,优衣库,有货,
P-TAOBAO-419179,taobao_7018835,taobao,耐克 母婴用品 20,电子产品,其他,3804.82,ZARA,有货,
P-TAOBAO-419466,taobao_8312949,taobao,三星 服装鞋帽 1,食品饮料,其他,4275.94,Apple,有货,
P-TAOBAO-421382,taobao_4185633,taobao,ZARA 图书文具 77,家居用品,其他,1083.97,小米,有货,
P-TAOBAO-421796,taobao_5985507,taobao,耐克 母婴用品 22,图书文具,其他,4240.99,Apple,有货,
P-TAOBAO-423694,taobao_5999513,taobao,Apple 电子产品 45,美妆个护,其他,4552.86,耐克,有货,
P-TAOBAO-425078,taobao_3898551,taobao,Apple 美妆个护 52,运动户外,其他,4029.89,耐克,有货,
P-TAOBAO-425247,taobao_2267052,taobao,阿迪达斯 食品饮料 89,食品饮料,其他,1750.75,ZARA,有货,
P-TAOBAO-426017,taobao_8019446,taobao,小米 服装鞋帽 93,图书文具,其他,3442.76,ZARA,有货,
P-TAOBAO-426839,taobao_2514879,taobao,Apple 运动户外 15,母婴用品,其他,3012.41,海尔,有货,
P-TAOBAO-426865,taobao_3723677,taobao,阿迪达斯 图书文具 41,图书文具,其他,4807.11,ZARA,有货,
P-TAOBAO-428649,taobao_5173214,taobao,格力 美妆个护 86,运动户外,其他,4416.58,三星,有货,
P-TAOBAO-431296,taobao_4456441,taobao,耐克 服装鞋帽 70,母婴用品,其他,76.81,三星,有货,
P-TAOBAO-431341,taobao_3398542,taobao,三星 美妆个护 22,食品饮料,其他,2553.39,Apple,有货,
P-TAOBAO-433412,taobao_8907511,taobao,华为 食品饮料 6,运动户外,其他,3166.26,阿迪达斯,有货,
P-TAOBAO-434902,taobao_6398407,taobao,优衣库 母婴用品 94,运动户外,其他,751.22,华为,有货,
P-TAOBAO-436525,taobao_8504606,taobao,海尔 食品饮料 91,母婴用品,其他,2349.97,小米,有货,
P-TAOBAO-436723,taobao_5965684,taobao,三星 母婴用品 17,家居用品,其他,3368.56,优衣库,有货,
P-TAOBAO-438583,taobao_8567507,taobao,华为 图书文具 40,运动户外,其他,4736.85,格力,有货,
P-TAOBAO-438813,taobao_6471384,taobao,优衣库 运动户外 39,美妆个护,其他,433.07,华为,有货,
P-TAOBAO-443016,taobao_9180328,taobao,阿迪达斯 图书文具 20,母婴用品,其他,3752.21,三星,有货,
P-TAOBAO-443061,taobao_9594555,taobao,华为 食品饮料 91,食品饮料,其他,889.41,优衣库,有货,
P-TAOBAO-446158,taobao_7497448,taobao,耐克 服装鞋帽 52,图书文具,其他,3962.80,优衣库,有货,
P-TAOBAO-446391,taobao_4310527,taobao,海尔 食品饮料 92,运动户外,其他,1623.21,阿迪达斯,有货,
P-TAOBAO-447652,taobao_4308779,taobao,小米 图书文具 66,美妆个护,其他,1431.81,优衣库,有货,
P-TAOBAO-448846,taobao_6594709,taobao,耐克 家居用品 44,图书文具,其他,745.06,格力,有货,
P-TAOBAO-450675,taobao_9420213,taobao,阿迪达斯 运动户外 6,服装鞋帽,其他,3377.79,阿迪达斯,有货,
P-TAOBAO-450797,taobao_9641055,taobao,海尔 图书文具 19,食品饮料,其他,214.97,ZARA,有货,
P-TAOBAO-454567,taobao_4524638,taobao,小米 美妆个护 39,运动户外,其他,1894.25,格力,有货,
P-TAOBAO-455231,taobao_4376559,taobao,三星 家居用品 54,家居用品,其他,2572.61,小米,有货,
P-TAOBAO-456418,taobao_1103856,taobao,三星 家居用品 42,美妆个护,其他,2564.99,耐克,有货,
P-TAOBAO-456462,taobao_2948361,taobao,小米 美妆个护 91,母婴用品,其他,2868.67,三星,有货,
P-TAOBAO-456889,taobao_8010630,taobao,优衣库 美妆个护 16,图书文具,其他,3974.67,华为,有货,
P-TAOBAO-458445,taobao_2396590,taobao,耐克 食品饮料 47,图书文具,其他,3207.85,三星,有货,
P-TAOBAO-460726,taobao_7361358,taobao,优衣库 家居用品 62,食品饮料,其他,2345.30,Apple,有货,
P-TAOBAO-461421,taobao_7629587,taobao,优衣库 运动户外 17,母婴用品,其他,3039.15,格力,有货,
P-TAOBAO-461880,taobao_9655528,taobao,格力 运动户外 30,家居用品,其他,1767.30,小米,有货,
P-TAOBAO-462390,taobao_1319292,taobao,格力 美妆个护 85,电子产品,其他,1370.69,小米,有货,
P-TAOBAO-463104,taobao_9161316,taobao,ZARA 母婴用品 60,电子产品,其他,4742.16,ZARA,有货,
P-TAOBAO-467116,taobao_9887153,taobao,阿迪达斯 母婴用品 4,食品饮料,其他,2669.60,三星,有货,
P-TAOBAO-467270,taobao_1161592,taobao,华为 图书文具 90,美妆个护,其他,3032.13,优衣库,有货,
P-TAOBAO-467837,taobao_1582964,taobao,小米 母婴用品 25,图书文具,其他,1575.58,Apple,有货,
P-TAOBAO-471044,taobao_1698722,taobao,格力 家居用品 24,食品饮料,其他,4232.58,华为,有货,
P-TAOBAO-476488,taobao_8367380,taobao,优衣库 母婴用品 47,图书文具,其他,4032.76,耐克,有货,
P-TAOBAO-477231,taobao_4132794,taobao,Apple 美妆个护 73,家居用品,其他,4024.96,ZARA,有货,
P-TAOBAO-478989,taobao_9098653,taobao,Apple 图书文具 4,图书文具,其他,4175.89,Apple,有货,
P-TAOBAO-479178,taobao_7508486,taobao,三星 母婴用品 95,食品饮料,其他,3180.65,优衣库,有货,
P-TAOBAO-483750,taobao_3578132,taobao,三星 电子产品 24,运动户外,其他,4774.92,阿迪达斯,有货,
P-TAOBAO-484801,taobao_2200921,taobao,三星 服装鞋帽 28,运动户外,其他,1563.03,优衣库,有货,
P-TAOBAO-485445,taobao_6364123,taobao,Apple 服装鞋帽 18,电子产品,其他,4474.19,ZARA,有货,
P-TAOBAO-487478,taobao_2507403,taobao,小米 母婴用品 31,图书文具,其他,4578.66,优衣库,有货,
P-TAOBAO-488477,taobao_9747103,taobao,优衣库 运动户外 11,电子产品,其他,739.24,格力,有货,
P-TAOBAO-489880,taobao_9722876,taobao,华为 食品饮料 9,母婴用品,其他,4768.04,ZARA,有货,
P-TAOBAO-491287,taobao_5775897,taobao,小米 运动户外 78,电子产品,其他,1542.08,格力,有货,
P-TAOBAO-493263,taobao_2249433,taobao,海尔 图书文具 70,母婴用品,其他,1559.41,华为,有货,
P-TAOBAO-494476,taobao_4917490,taobao,格力 运动户外 32,食品饮料,其他,3424.63,三星,有货,
P-TAOBAO-495357,taobao_7473354,taobao,阿迪达斯 家居用品 62,服装鞋帽,其他,170.69,Apple,有货,
P-TAOBAO-495605,taobao_6571667,taobao,华为 运动户外 42,电子产品,其他,4601.80,三星,有货,
P-TAOBAO-497791,taobao_6585116,taobao,华为 食品饮料 55,图书文具,其他,3517.22,三星,有货,
P-TAOBAO-498053,taobao_2141413,taobao,三星 美妆个护 74,电子产品,其他,4738.84,华为,有货,
P-TAOBAO-498329,taobao_9637268,taobao,三星 美妆个护 37,美妆个护,其他,4196.65,三星,有货,
P-TAOBAO-500291,taobao_9028124,taobao,华为 图书文具 96,家居用品,其他,653.04,华为,有货,
P-TAOBAO-501168,taobao_9040822,taobao,小米 运动户外 54,服装鞋帽,其他,2564.30,Apple,有货,
P-TAOBAO-501245,taobao_5162199,taobao,Apple 图书文具 31,家居用品,其他,506.86,Apple,有货,
P-TAOBAO-503288,taobao_5878416,taobao,耐克 母婴用品 74,家居用品,其他,2071.98,三星,有货,
P-TAOBAO-504380,taobao_5585438,taobao,Apple 食品饮料 35,家居用品,其他,3245.99,优衣库,有货,
P-TAOBAO-505335,taobao_7635680,taobao,ZARA 图书文具 7,运动户外,其他,1008.98,格力,有货,
P-TAOBAO-506533,taobao_5669859,taobao,阿迪达斯 家居用品 71,食品饮料,其他,2979.32,耐克,有货,
P-TAOBAO-510095,taobao_7545549,taobao,优衣库 家居用品 61,运动户外,其他,4903.03,小米,有货,
P-TAOBAO-511384,taobao_4040165,taobao,格力 图书文具 36,食品饮料,其他,1360.47,三星,有货,
P-TAOBAO-512617,taobao_4451113,taobao,三星 家居用品 53,运动户外,其他,1973.58,阿迪达斯,有货,
P-TAOBAO-515422,taobao_6917103,taobao,阿迪达斯 运动户外 3,服装鞋帽,其他,83.74,优衣库,有货,
P-TAOBAO-516018,taobao_9373144,taobao,华为 服装鞋帽 21,家居用品,其他,1565.99,三星,有货,
P-TAOBAO-517280,taobao_8111083,taobao,阿迪达斯 图书文具 67,电子产品,其他,581.99,格力,有货,
P-TAOBAO-517761,taobao_5272873,taobao,ZARA 运动户外 6,母婴用品,其他,2422.04,三星,有货,
P-TAOBAO-517998,taobao_3293717,taobao,阿迪达斯 家居用品 21,食品饮料,其他,4111.59,Apple,有货,
P-TAOBAO-518838,taobao_6148614,taobao,耐克 食品饮料 84,母婴用品,其他,4063.18,海尔,有货,
P-TAOBAO-519876,taobao_8671840,taobao,小米 图书文具 15,图书文具,其他,2710.42,耐克,有货,
P-TAOBAO-520335,taobao_8425277,taobao,阿迪达斯 图书文具 37,美妆个护,其他,3497.79,耐克,有货,
P-TAOBAO-521959,taobao_5314122,taobao,格力 家居用品 33,母婴用品,其他,792.07,华为,有货,
P-TAOBAO-525792,taobao_1863029,taobao,优衣库 图书文具 84,美妆个护,其他,4708.17,格力,有货,
P-TAOBAO-526765,taobao_6924912,taobao,耐克 运动户外 95,家居用品,其他,2920.90,海尔,有货,
P-TAOBAO-527228,taobao_4497236,taobao,华为 电子产品 91,电子产品,其他,2118.06,海尔,有货,
P-TAOBAO-527470,taobao_8874238,taobao,格力 电子产品 58,服装鞋帽,其他,761.03,耐克,有货,
P-TAOBAO-527743,taobao_8411225,taobao,耐克 图书文具 98,食品饮料,其他,1149.13,ZARA,有货,
P-TAOBAO-528243,taobao_2237699,taobao,三星 美妆个护 60,母婴用品,其他,4447.98,小米,有货,
P-TAOBAO-528691,taobao_6310831,taobao,海尔 运动户外 18,图书文具,其他,4116.49,阿迪达斯,有货,
P-TAOBAO-529078,taobao_1893090,taobao,ZARA 家居用品 54,运动户外,其他,1241.94,格力,有货,
P-TAOBAO-531824,taobao_5068480,taobao,阿迪达斯 家居用品 96,家居用品,其他,3236.36,小米,有货,
P-TAOBAO-532754,taobao_8489269,taobao,ZARA 母婴用品 43,家居用品,其他,1267.86,优衣库,有货,
P-TAOBAO-536638,taobao_8421865,taobao,耐克 运动户外 28,食品饮料,其他,3446.06,华为,有货,
P-TAOBAO-537710,taobao_3996797,taobao,优衣库 图书文具 91,电子产品,其他,1052.15,华为,有货,
P-TAOBAO-538995,taobao_3930647,taobao,优衣库 母婴用品 73,服装鞋帽,其他,4595.30,三星,有货,
P-TAOBAO-540331,taobao_7425412,taobao,Apple 家居用品 2,食品饮料,其他,505.71,耐克,有货,
P-TAOBAO-541037,taobao_1084563,taobao,优衣库 运动户外 30,运动户外,其他,2473.76,华为,有货,
P-TAOBAO-542334,taobao_4939003,taobao,三星 美妆个护 91,服装鞋帽,其他,615.45,阿迪达斯,有货,
P-TAOBAO-542761,taobao_5577832,taobao,阿迪达斯 家居用品 55,电子产品,其他,3458.41,优衣库,有货,
P-TAOBAO-543845,taobao_1842152,taobao,Apple 食品饮料 56,服装鞋帽,其他,2833.80,三星,有货,
P-TAOBAO-545051,taobao_6481767,taobao,Apple 家居用品 78,母婴用品,其他,2815.95,小米,有货,
P-TAOBAO-545808,taobao_3235151,taobao,耐克 食品饮料 78,电子产品,其他,2428.34,耐克,有货,
P-TAOBAO-546305,taobao_9150173,taobao,三星 美妆个护 3,母婴用品,其他,3192.23,三星,有货,
P-TAOBAO-549776,taobao_9928276,taobao,华为 图书文具 56,电子产品,其他,1187.92,格力,有货,
P-TAOBAO-549972,taobao_6665572,taobao,三星 美妆个护 33,运动户外,其他,4814.61,小米,有货,
P-TAOBAO-550255,taobao_4123674,taobao,格力 运动户外 70,家居用品,其他,4640.97,ZARA,有货,
P-TAOBAO-550439,taobao_9045111,taobao,耐克 运动户外 91,服装鞋帽,其他,778.47,三星,有货,
P-TAOBAO-550484,taobao_3427694,taobao,耐克 服装鞋帽 97,食品饮料,其他,572.60,ZARA,有货,
P-TAOBAO-550718,taobao_5614018,taobao,海尔 家居用品 31,母婴用品,其他,2209.05,华为,有货,
P-TAOBAO-551911,taobao_6003251,taobao,三星 图书文具 10,服装鞋帽,其他,4148.38,Apple,有货,
P-TAOBAO-552323,taobao_9614619,taobao,Apple 美妆个护 79,图书文具,其他,4116.50,华为,有货,
P-TAOBAO-556779,taobao_9633653,taobao,小米 图书文具 25,图书文具,其他,2070.59,耐克,有货,
P-TAOBAO-556872,taobao_3447302,taobao,格力 服装鞋帽 70,美妆个护,其他,1391.00,ZARA,有货,
P-TAOBAO-557279,taobao_3872766,taobao,优衣库 家居用品 2,服装鞋帽,其他,3685.02,Apple,有货,
P-TAOBAO-560781,taobao_9803773,taobao,优衣库 服装鞋帽 41,美妆个护,其他,4082.61,三星,有货,
P-TAOBAO-561911,taobao_7260489,taobao,耐克 服装鞋帽 49,食品饮料,其他,3820.02,阿迪达斯,有货,
P-TAOBAO-563444,taobao_8939957,taobao,格力 家居用品 71,母婴用品,其他,1860.98,阿迪达斯,有货,
P-TAOBAO-564058,taobao_1086446,taobao,耐克 母婴用品 66,美妆个护,其他,2855.90,小米,有货,
P-TAOBAO-567004,taobao_5421910,taobao,阿迪达斯 电子产品 43,美妆个护,其他,2078.24,耐克,有货,
P-TAOBAO-568011,taobao_3235967,taobao,三星 运动户外 33,食品饮料,其他,1086.68,阿迪达斯,有货,
P-TAOBAO-570548,taobao_1973135,taobao,格力 美妆个护 49,美妆个护,其他,1363.37,优衣库,有货,
P-TAOBAO-571699,taobao_4317687,taobao,海尔 食品饮料 19,图书文具,其他,1027.24,海尔,有货,
P-TAOBAO-575846,taobao_8527228,taobao,华为 家居用品 18,图书文具,其他,2322.23,海尔,有货,
P-TAOBAO-577423,taobao_3965999,taobao,华为 运动户外 19,电子产品,其他,2538.39,小米,有货,
P-TAOBAO-578223,taobao_6624275,taobao,格力 服装鞋帽 42,运动户外,其他,4417.95,华为,有货,
P-TAOBAO-578751,taobao_9880422,taobao,格力 美妆个护 5,美妆个护,其他,4625.30,阿迪达斯,有货,
P-TAOBAO-581088,taobao_9915313,taobao,海尔 美妆个护 80,家居用品,其他,1525.60,Apple,有货,
P-TAOBAO-582584,taobao_1470664,taobao,Apple 家居用品 76,家居用品,其他,2812.56,华为,有货,
P-TAOBAO-582873,taobao_5522803,taobao,华为 母婴用品 34,母婴用品,其他,698.57,耐克,有货,
P-TAOBAO-585212,taobao_9372187,taobao,格力 母婴用品 71,美妆个护,其他,4790.92,Apple,有货,
P-TAOBAO-587694,taobao_9533145,taobao,Apple 美妆个护 4,母婴用品,其他,3721.08,耐克,有货,
P-TAOBAO-589950,taobao_6823783,taobao,耐克 电子产品 58,电子产品,其他,1677.43,ZARA,有货,
P-TAOBAO-591290,taobao_2847789,taobao,格力 服装鞋帽 59,服装鞋帽,其他,746.09,ZARA,有货,
P-TAOBAO-591392,taobao_9776115,taobao,格力 服装鞋帽 58,母婴用品,其他,3261.71,海尔,有货,
P-TAOBAO-591929,taobao_4792345,taobao,海尔 运动户外 71,图书文具,其他,1829.52,Apple,有货,
P-TAOBAO-593597,taobao_3113060,taobao,华为 电子产品 18,电子产品,其他,504.02,优衣库,有货,
P-TAOBAO-594137,taobao_4205852,taobao,格力 食品饮料 78,运动户外,其他,3716.13,阿迪达斯,有货,
P-TAOBAO-596132,taobao_5182810,taobao,海尔 运动户外 45,美妆个护,其他,2157.81,Apple,有货,
P-TAOBAO-598765,taobao_5762260,taobao,阿迪达斯 电子产品 12,图书文具,其他,4213.62,耐克,有货,
P-TAOBAO-599304,taobao_3769161,taobao,Apple 家居用品 28,图书文具,其他,839.21,小米,有货,
P-TAOBAO-600698,taobao_5693727,taobao,阿迪达斯 美妆个护 31,母婴用品,其他,792.03,ZARA,有货,
P-TAOBAO-601598,taobao_1260958,taobao,耐克 运动户外 94,运动户外,其他,2038.28,格力,有货,
P-TAOBAO-602474,taobao_6746225,taobao,三星 服装鞋帽 17,美妆个护,其他,569.83,Apple,有货,
P-TAOBAO-603002,taobao_1801347,taobao,Apple 母婴用品 48,食品饮料,其他,3222.57,阿迪达斯,有货,
P-TAOBAO-603355,taobao_3746601,taobao,小米 服装鞋帽 83,食品饮料,其他,160.57,格力,有货,
P-TAOBAO-604918,taobao_2156808,taobao,格力 运动户外 76,母婴用品,其他,2956.88,耐克,有货,
P-TAOBAO-604937,taobao_2160775,taobao,三星 食品饮料 93,运动户外,其他,1274.38,耐克,有货,
P-TAOBAO-605496,taobao_3631047,taobao,华为 家居用品 93,家居用品,其他,2433.51,三星,有货,
P-TAOBAO-605816,taobao_4300476,taobao,优衣库 家居用品 57,家居用品,其他,2231.84,优衣库,有货,
P-TAOBAO-606205,taobao_9949419,taobao,阿迪达斯 美妆个护 31,母婴用品,其他,1050.36,格力,有货,
P-TAOBAO-606231,taobao_4774412,taobao,华为 服装鞋帽 63,食品饮料,其他,1272.27,阿迪达斯,有货,
P-TAOBAO-606772,taobao_4311461,taobao,耐克 服装鞋帽 97,食品饮料,其他,638.73,华为,有货,
P-TAOBAO-609044,taobao_6625849,taobao,海尔 图书文具 20,图书文具,其他,2002.84,耐克,有货,
P-TAOBAO-613192,taobao_3055958,taobao,耐克 服装鞋帽 97,电子产品,其他,1096.63,阿迪达斯,有货,
P-TAOBAO-617377,taobao_4213207,taobao,阿迪达斯 美妆个护 35,母婴用品,其他,4098.97,阿迪达斯,有货,
P-TAOBAO-618536,taobao_8050834,taobao,华为 图书文具 71,电子产品,其他,3622.76,三星,有货,
P-TAOBAO-618682,taobao_1585630,taobao,海尔 母婴用品 41,家居用品,其他,4339.31,三星,有货,
P-TAOBAO-619088,taobao_7438664,taobao,阿迪达斯 食品饮料 73,电子产品,其他,3121.91,海尔,有货,
P-TAOBAO-619789,taobao_8035821,taobao,阿迪达斯 家居用品 40,家居用品,其他,4084.98,海尔,有货,
P-TAOBAO-621799,taobao_4784196,taobao,小米 母婴用品 45,家居用品,其他,547.80,小米,有货,
P-TAOBAO-623115,taobao_8444624,taobao,阿迪达斯 美妆个护 82,美妆个护,其他,380.50,阿迪达斯,有货,
P-TAOBAO-624873,taobao_1655380,taobao,华为 运动户外 81,电子产品,其他,2916.65,小米,有货,
P-TAOBAO-629920,taobao_3834656,taobao,阿迪达斯 电子产品 72,母婴用品,其他,4437.55,阿迪达斯,有货,
P-TAOBAO-630253,taobao_6087725,taobao,阿迪达斯 电子产品 88,运动户外,其他,896.85,华为,有货,
P-TAOBAO-630623,taobao_7200232,taobao,阿迪达斯 服装鞋帽 19,家居用品,其他,2579.17,优衣库,有货,
P-TAOBAO-630808,taobao_5527888,taobao,三星 食品饮料 88,食品饮料,其他,2529.36,ZARA,有货,
P-TAOBAO-631057,taobao_4533418,taobao,阿迪达斯 图书文具 99,电子产品,其他,4318.01,华为,有货,
P-TAOBAO-631658,taobao_9409044,taobao,耐克 图书文具 66,图书文具,其他,4116.80,Apple,有货,
P-TAOBAO-632030,taobao_3194913,taobao,海尔 图书文具 24,食品饮料,其他,2692.66,耐克,有货,
P-TAOBAO-632474,taobao_9999688,taobao,耐克 美妆个护 69,电子产品,其他,1664.16,格力,有货,
P-TAOBAO-633513,taobao_7631868,taobao,ZARA 电子产品 11,母婴用品,其他,4662.91,优衣库,有货,
P-TAOBAO-633589,taobao_3164767,taobao,小米 食品饮料 12,电子产品,其他,3254.93,ZARA,有货,
P-TAOBAO-634417,taobao_6693790,taobao,格力 母婴用品 27,电子产品,其他,3115.30,优衣库,有货,
P-TAOBAO-634499,taobao_3698111,taobao,海尔 母婴用品 85,家居用品,其他,1732.81,优衣库,有货,
P-TAOBAO-635118,taobao_2769210,taobao,海尔 运动户外 54,食品饮料,其他,684.99,优衣库,有货,
P-TAOBAO-639018,taobao_9267425,taobao,海尔 服装鞋帽 4,食品饮料,其他,2271.62,阿迪达斯,有货,
P-TAOBAO-639650,taobao_6500383,taobao,Apple 食品饮料 29,母婴用品,其他,273.76,优衣库,有货,
P-TAOBAO-640190,taobao_5795699,taobao,Apple 电子产品 94,食品饮料,其他,1124.01,优衣库,有货,
P-TAOBAO-640473,taobao_9235015,taobao,三星 服装鞋帽 80,服装鞋帽,其他,4913.12,小米,有货,
P-TAOBAO-640749,taobao_4879505,taobao,优衣库 电子产品 76,家居用品,其他,608.59,Apple,有货,
P-TAOBAO-641702,taobao_6244108,taobao,小米 电子产品 94,食品饮料,其他,3107.69,Apple,有货,
P-TAOBAO-642302,taobao_7786768,taobao,小米 食品饮料 17,电子产品,其他,2006.51,海尔,有货,
P-TAOBAO-642317,taobao_1027285,taobao,Apple 服装鞋帽 56,图书文具,其他,3513.25,小米,有货,
P-TAOBAO-642970,taobao_8892909,taobao,优衣库 图书文具 78,图书文具,其他,2427.29,三星,有货,
P-TAOBAO-643143,taobao_9204682,taobao,耐克 服装鞋帽 97,运动户外,其他,3542.67,华为,有货,
P-TAOBAO-643460,taobao_7212914,taobao,ZARA 食品饮料 8,食品饮料,其他,4481.88,海尔,有货,
P-TAOBAO-646540,taobao_5371642,taobao,优衣库 母婴用品 16,母婴用品,其他,3433.00,小米,有货,
P-TAOBAO-647511,taobao_3314098,taobao,优衣库 图书文具 20,图书文具,其他,1440.41,格力,有货,
P-TAOBAO-648246,taobao_3764562,taobao,华为 电子产品 93,母婴用品,其他,3162.07,华为,有货,
P-TAOBAO-648369,taobao_4727767,taobao,华为 电子产品 40,食品饮料,其他,697.98,三星,有货,
P-TAOBAO-650906,taobao_7557466,taobao,海尔 图书文具 75,食品饮料,其他,3899.21,阿迪达斯,有货,
P-TAOBAO-651472,taobao_7699816,taobao,小米 电子产品 72,母婴用品,其他,1192.13,ZARA,有货,
P-TAOBAO-652499,taobao_3499034,taobao,优衣库 运动户外 5,家居用品,其他,3158.57,华为,有货,
P-TAOBAO-653405,taobao_3307594,taobao,优衣库 服装鞋帽 29,电子产品,其他,4056.38,海尔,有货,
P-TAOBAO-653452,taobao_8226520,taobao,小米 食品饮料 79,服装鞋帽,其他,2319.82,阿迪达斯,有货,
P-TAOBAO-653845,taobao_1168182,taobao,耐克 运动户外 84,美妆个护,其他,1686.28,耐克,有货,
P-TAOBAO-654068,taobao_9282535,taobao,Apple 图书文具 56,电子产品,其他,2438.34,格力,有货,
P-TAOBAO-656686,taobao_2546155,taobao,阿迪达斯 服装鞋帽 98,美妆个护,其他,4594.80,优衣库,有货,
P-TAOBAO-657555,taobao_6253808,taobao,小米 食品饮料 93,图书文具,其他,472.67,小米,有货,
P-TAOBAO-657736,taobao_2572267,taobao,华为 服装鞋帽 62,电子产品,其他,1481.71,华为,有货,
P-TAOBAO-657908,taobao_1655772,taobao,Apple 母婴用品 83,图书文具,其他,1849.04,海尔,有货,
P-TAOBAO-658203,taobao_9937408,taobao,三星 家居用品 31,母婴用品,其他,3316.43,海尔,有货,
P-TAOBAO-658799,taobao_1886127,taobao,华为 电子产品 90,运动户外,其他,4127.51,格力,有货,
P-TAOBAO-658901,taobao_5152711,taobao,海尔 运动户外 66,服装鞋帽,其他,978.89,Apple,有货,
P-TAOBAO-659368,taobao_6604229,taobao,阿迪达斯 食品饮料 42,家居用品,其他,1340.46,小米,有货,
P-TAOBAO-659600,taobao_8637300,taobao,ZARA 电子产品 23,家居用品,其他,1557.67,ZARA,有货,
P-TAOBAO-660001,taobao_6289553,taobao,格力 运动户外 1,运动户外,其他,2386.10,海尔,有货,
P-TAOBAO-660537,taobao_4870018,taobao,华为 电子产品 44,图书文具,其他,3616.62,ZARA,有货,
P-TAOBAO-661098,taobao_9981416,taobao,华为 电子产品 65,家居用品,其他,2227.92,华为,有货,
P-TAOBAO-661145,taobao_8910479,taobao,小米 食品饮料 97,服装鞋帽,其他,1571.20,耐克,有货,
P-TAOBAO-661240,taobao_5173012,taobao,优衣库 运动户外 32,美妆个护,其他,2594.11,优衣库,有货,
P-TAOBAO-662136,taobao_9147891,taobao,Apple 美妆个护 72,服装鞋帽,其他,3648.62,阿迪达斯,有货,
P-TAOBAO-662150,taobao_8146622,taobao,ZARA 美妆个护 38,服装鞋帽,其他,3288.24,ZARA,有货,
P-TAOBAO-662735,taobao_3939305,taobao,格力 食品饮料 2,运动户外,其他,288.18,阿迪达斯,有货,
P-TAOBAO-662853,taobao_5203984,taobao,耐克 食品饮料 81,家居用品,其他,245.19,阿迪达斯,有货,
P-TAOBAO-664501,taobao_9242031,taobao,海尔 图书文具 80,服装鞋帽,其他,1600.43,阿迪达斯,有货,
P-TAOBAO-664641,taobao_7254660,taobao,ZARA 食品饮料 40,母婴用品,其他,2006.58,海尔,有货,
P-TAOBAO-666196,taobao_9664639,taobao,阿迪达斯 图书文具 59,食品饮料,其他,3124.70,三星,有货,
P-TAOBAO-666852,taobao_7897882,taobao,格力 电子产品 13,家居用品,其他,1061.91,Apple,有货,
P-TAOBAO-667613,taobao_9742730,taobao,耐克 电子产品 77,食品饮料,其他,2406.03,ZARA,有货,
P-TAOBAO-667873,taobao_9913894,taobao,华为 母婴用品 61,美妆个护,其他,4768.19,ZARA,有货,
P-TAOBAO-668441,taobao_8786862,taobao,海尔 母婴用品 44,美妆个护,其他,2547.53,格力,有货,
P-TAOBAO-668898,taobao_7386272,taobao,耐克 图书文具 84,运动户外,其他,3662.01,三星,有货,
P-TAOBAO-669466,taobao_9693000,taobao,阿迪达斯 食品饮料 75,食品饮料,其他,3850.94,ZARA,有货,
P-TAOBAO-669869,taobao_8053099,taobao,三星 服装鞋帽 19,服装鞋帽,其他,2499.28,三星,有货,
P-TAOBAO-670354,taobao_2069725,taobao,阿迪达斯 运动户外 96,服装鞋帽,其他,61.77,耐克,有货,
P-TAOBAO-674673,taobao_8508841,taobao,耐克 食品饮料 47,母婴用品,其他,3958.66,格力,有货,
P-TAOBAO-674754,taobao_6067282,taobao,ZARA 图书文具 16,美妆个护,其他,1395.36,三星,有货,
P-TAOBAO-675292,taobao_4073659,taobao,小米 服装鞋帽 1,图书文具,其他,3402.82,海尔,有货,
P-TAOBAO-675468,taobao_7174081,taobao,耐克 母婴用品 71,母婴用品,其他,611.45,海尔,有货,
P-TAOBAO-676385,taobao_4491081,taobao,Apple 家居用品 56,家居用品,其他,2116.50,小米,有货,
P-TAOBAO-677864,taobao_2939347,taobao,小米 运动户外 57,母婴用品,其他,2701.60,三星,有货,
P-TAOBAO-677973,taobao_8512367,taobao,海尔 母婴用品 3,家居用品,其他,469.16,海尔,有货,
P-TAOBAO-679147,taobao_4312303,taobao,阿迪达斯 服装鞋帽 75,服装鞋帽,其他,3749.63,ZARA,有货,
P-TAOBAO-680217,taobao_9220841,taobao,ZARA 运动户外 58,家居用品,其他,3979.62,格力,有货,
P-TAOBAO-680477,taobao_9685110,taobao,耐克 图书文具 80,服装鞋帽,其他,4916.98,海尔,有货,
P-TAOBAO-680924,taobao_8602334,taobao,三星 食品饮料 19,服装鞋帽,其他,4287.34,阿迪达斯,有货,
P-TAOBAO-681239,taobao_6889421,taobao,优衣库 食品饮料 82,电子产品,其他,542.41,小米,有货,
P-TAOBAO-681859,taobao_8162890,taobao,格力 美妆个护 100,服装鞋帽,其他,2695.71,格力,有货,
P-TAOBAO-682170,taobao_7938771,taobao,阿迪达斯 食品饮料 49,食品饮料,其他,2378.47,格力,有货,
P-TAOBAO-682434,taobao_6459528,taobao,ZARA 食品饮料 39,运动户外,其他,283.39,三星,有货,
P-TAOBAO-682467,taobao_6606969,taobao,阿迪达斯 运动户外 34,美妆个护,其他,1043.94,阿迪达斯,有货,
P-TAOBAO-683457,taobao_8858235,taobao,Apple 家居用品 87,服装鞋帽,其他,2352.10,阿迪达斯,有货,
P-TAOBAO-683470,taobao_1616592,taobao,优衣库 运动户外 34,美妆个护,其他,2220.76,ZARA,有货,
P-TAOBAO-683771,taobao_3031914,taobao,Apple 美妆个护 58,服装鞋帽,其他,659.35,ZARA,有货,
P-TAOBAO-683850,taobao_1382024,taobao,小米 美妆个护 59,美妆个护,其他,2786.99,ZARA,有货,
P-TAOBAO-684129,taobao_3055268,taobao,华为 美妆个护 81,服装鞋帽,其他,1421.99,耐克,有货,
P-TAOBAO-684315,taobao_1090710,taobao,格力 电子产品 11,母婴用品,其他,2742.07,华为,有货,
P-TAOBAO-685720,taobao_3514219,taobao,耐克 运动户外 35,美妆个护,其他,4041.49,优衣库,有货,
P-TAOBAO-685944,taobao_1808310,taobao,耐克 母婴用品 52,美妆个护,其他,1328.75,优衣库,有货,
P-TAOBAO-686034,taobao_6407201,taobao,华为 电子产品 84,家居用品,其他,1402.81,Apple,有货,
P-TAOBAO-686715,taobao_7913933,taobao,小米 服装鞋帽 57,食品饮料,其他,3455.77,三星,有货,
P-TAOBAO-686737,taobao_9921018,taobao,小米 美妆个护 59,家居用品,其他,3344.38,优衣库,有货,
P-TAOBAO-687586,taobao_2467039,taobao,格力 食品饮料 78,电子产品,其他,995.47,优衣库,有货,
P-TAOBAO-689358,taobao_2966563,taobao,三星 母婴用品 16,母婴用品,其他,731.30,格力,有货,
P-TAOBAO-691485,taobao_7118259,taobao,三星 美妆个护 56,家居用品,其他,3095.77,优衣库,有货,
P-TAOBAO-691964,taobao_8715106,taobao,Apple 运动户外 86,服装鞋帽,其他,974.99,阿迪达斯,有货,
P-TAOBAO-692515,taobao_2792001,taobao,Apple 食品饮料 16,电子产品,其他,1165.50,格力,有货,
P-TAOBAO-693774,taobao_9564528,taobao,华为 美妆个护 97,美妆个护,其他,3297.33,Apple,有货,
P-TAOBAO-693776,taobao_9382465,taobao,格力 服装鞋帽 79,母婴用品,其他,2620.94,优衣库,有货,
P-TAOBAO-694315,taobao_3564373,taobao,Apple 母婴用品 66,美妆个护,其他,1757.67,小米,有货,
P-TAOBAO-694717,taobao_2767755,taobao,耐克 电子产品 10,服装鞋帽,其他,586.04,华为,有货,
P-TAOBAO-695714,taobao_7840712,taobao,华为 电子产品 12,食品饮料,其他,2198.73,Apple,有货,
P-TAOBAO-697014,taobao_9890057,taobao,ZARA 运动户外 91,服装鞋帽,其他,2982.75,Apple,有货,
P-TAOBAO-697157,taobao_4720618,taobao,三星 家居用品 36,服装鞋帽,其他,1148.40,格力,有货,
P-TAOBAO-699047,taobao_9610633,taobao,Apple 美妆个护 42,食品饮料,其他,126.27,三星,有货,
P-TAOBAO-699532,taobao_7604063,taobao,格力 食品饮料 26,母婴用品,其他,1443.13,格力,有货,
P-TAOBAO-699669,taobao_4879112,taobao,Apple 母婴用品 66,图书文具,其他,1202.79,ZARA,有货,
P-TAOBAO-700372,taobao_8992792,taobao,格力 运动户外 88,家居用品,其他,915.11,耐克,有货,
P-TAOBAO-700421,taobao_9931469,taobao,三星 美妆个护 33,服装鞋帽,其他,2793.60,华为,有货,
P-TAOBAO-701232,taobao_9898399,taobao,格力 食品饮料 83,家居用品,其他,1048.34,三星,有货,
P-TAOBAO-701393,taobao_5940350,taobao,阿迪达斯 美妆个护 58,服装鞋帽,其他,3440.64,阿迪达斯,有货,
P-TAOBAO-701448,taobao_7811453,taobao,优衣库 服装鞋帽 99,图书文具,其他,96.37,格力,有货,
P-TAOBAO-703061,taobao_1276403,taobao,耐克 家居用品 8,美妆个护,其他,3424.48,耐克,有货,
P-TAOBAO-703063,taobao_8409346,taobao,三星 运动户外 96,图书文具,其他,1944.08,阿迪达斯,有货,
P-TAOBAO-703937,taobao_6417100,taobao,Apple 运动户外 69,家居用品,其他,3732.20,阿迪达斯,有货,
P-TAOBAO-706182,taobao_2277993,taobao,优衣库 母婴用品 62,电子产品,其他,2582.84,格力,有货,
P-TAOBAO-706304,taobao_2969716,taobao,三星 食品饮料 13,食品饮料,其他,4136.07,格力,有货,
P-TAOBAO-710135,taobao_1732309,taobao,耐克 电子产品 65,家居用品,其他,3844.53,格力,有货,
P-TAOBAO-710524,taobao_9608918,taobao,小米 服装鞋帽 31,家居用品,其他,4417.94,海尔,有货,
P-TAOBAO-712090,taobao_8953758,taobao,耐克 母婴用品 31,母婴用品,其他,2209.81,ZARA,有货,
P-TAOBAO-713031,taobao_1998545,taobao,优衣库 运动户外 39,母婴用品,其他,1904.56,格力,有货,
P-TAOBAO-716226,taobao_5842091,taobao,阿迪达斯 美妆个护 43,服装鞋帽,其他,1844.67,阿迪达斯,有货,
P-TAOBAO-717967,taobao_9218174,taobao,小米 运动户外 77,图书文具,其他,3754.61,耐克,有货,
P-TAOBAO-718510,taobao_5319226,taobao,三星 运动户外 72,服装鞋帽,其他,4655.30,优衣库,有货,
P-TAOBAO-719015,taobao_7461525,taobao,优衣库 电子产品 13,美妆个护,其他,1636.87,海尔,有货,
P-TAOBAO-720152,taobao_8221097,taobao,阿迪达斯 服装鞋帽 54,运动户外,其他,2002.35,Apple,有货,
P-TAOBAO-720259,taobao_7107226,taobao,优衣库 服装鞋帽 56,母婴用品,其他,1307.51,ZARA,有货,
P-TAOBAO-720745,taobao_5973216,taobao,ZARA 服装鞋帽 57,电子产品,其他,643.10,耐克,有货,
P-TAOBAO-721259,taobao_1607617,taobao,耐克 家居用品 51,图书文具,其他,1051.58,阿迪达斯,有货,
P-TAOBAO-721350,taobao_2026445,taobao,耐克 美妆个护 40,美妆个护,其他,330.34,华为,有货,
P-TAOBAO-722014,taobao_7823893,taobao,耐克 电子产品 83,运动户外,其他,3833.25,海尔,有货,
P-TAOBAO-722029,taobao_6372814,taobao,ZARA 食品饮料 78,食品饮料,其他,2871.54,小米,有货,
P-TAOBAO-723483,taobao_7887266,taobao,格力 图书文具 22,母婴用品,其他,2259.95,优衣库,有货,
P-TAOBAO-723684,taobao_4394724,taobao,海尔 电子产品 71,服装鞋帽,其他,4065.90,优衣库,有货,
P-TAOBAO-724517,taobao_8478767,taobao,阿迪达斯 服装鞋帽 68,电子产品,其他,2890.34,耐克,有货,
P-TAOBAO-725732,taobao_6931173,taobao,Apple 食品饮料 42,家居用品,其他,1504.10,ZARA,有货,
P-TAOBAO-726186,taobao_6002890,taobao,三星 电子产品 68,食品饮料,其他,4011.36,阿迪达斯,有货,
P-TAOBAO-726393,taobao_8891495,taobao,华为 电子产品 33,食品饮料,其他,4737.16,格力,有货,
P-TAOBAO-726492,taobao_1726731,taobao,Apple 运动户外 70,美妆个护,其他,3215.93,耐克,有货,
P-TAOBAO-726566,taobao_9970922,taobao,ZARA 食品饮料 68,图书文具,其他,696.37,优衣库,有货,
P-TAOBAO-726682,taobao_6077150,taobao,海尔 母婴用品 8,图书文具,其他,3991.33,Apple,有货,
P-TAOBAO-726813,taobao_9652834,taobao,Apple 食品饮料 68,服装鞋帽,其他,2366.16,阿迪达斯,有货,
P-TAOBAO-727309,taobao_5546218,taobao,Apple 美妆个护 71,食品饮料,其他,2135.66,阿迪达斯,有货,
P-TAOBAO-729396,taobao_2695603,taobao,耐克 食品饮料 65,电子产品,其他,3946.42,Apple,有货,
P-TAOBAO-730658,taobao_2416201,taobao,华为 母婴用品 60,电子产品,其他,2921.32,ZARA,有货,
P-TAOBAO-730983,taobao_6803636,taobao,海尔 运动户外 73,运动户外,其他,3160.69,海尔,有货,
P-TAOBAO-731513,taobao_8011756,taobao,优衣库 家居用品 45,图书文具,其他,4524.71,三星,有货,
P-TAOBAO-733739,taobao_6544864,taobao,耐克 家居用品 98,母婴用品,其他,3870.36,三星,有货,
P-TAOBAO-734670,taobao_4809817,taobao,耐克 美妆个护 1,家居用品,其他,264.40,小米,有货,
P-TAOBAO-735688,taobao_3716672,taobao,Apple 家居用品 52,服装鞋帽,其他,3334.01,耐克,有货,
P-TAOBAO-736028,taobao_2375315,taobao,优衣库 运动户外 48,电子产品,其他,4492.86,Apple,有货,
P-TAOBAO-738080,taobao_4660063,taobao,海尔 电子产品 21,母婴用品,其他,817.30,海尔,有货,
P-TAOBAO-738435,taobao_6966541,taobao,ZARA 运动户外 20,电子产品,其他,151.83,Apple,有货,
P-TAOBAO-739195,taobao_4072265,taobao,海尔 电子产品 20,运动户外,其他,771.99,ZARA,有货,
P-TAOBAO-739760,taobao_2131794,taobao,ZARA 电子产品 14,美妆个护,其他,1762.21,小米,有货,
P-TAOBAO-740257,taobao_3093660,taobao,ZARA 家居用品 54,图书文具,其他,4858.35,华为,有货,
P-TAOBAO-741406,taobao_4566898,taobao,格力 美妆个护 21,运动户外,其他,606.89,ZARA,有货,
P-TAOBAO-742391,taobao_1127434,taobao,小米 母婴用品 28,图书文具,其他,4518.56,华为,有货,
P-TAOBAO-743125,taobao_7162948,taobao,小米 服装鞋帽 82,图书文具,其他,937.58,小米,有货,
P-TAOBAO-746735,taobao_5592820,taobao,Apple 家居用品 73,电子产品,其他,83.40,格力,有货,
P-TAOBAO-747581,taobao_5247514,taobao,格力 服装鞋帽 22,母婴用品,其他,4428.77,海尔,有货,
P-TAOBAO-747775,taobao_7491159,taobao,海尔 电子产品 15,图书文具,其他,3232.44,优衣库,有货,
P-TAOBAO-750151,taobao_3440038,taobao,格力 运动户外 99,家居用品,其他,4907.06,耐克,有货,
P-TAOBAO-752151,taobao_4176430,taobao,优衣库 家居用品 73,家居用品,其他,1277.41,海尔,有货,
P-TAOBAO-753939,taobao_1482042,taobao,Apple 图书文具 68,母婴用品,其他,3708.53,小米,有货,
P-TAOBAO-756755,taobao_9641222,taobao,阿迪达斯 家居用品 46,食品饮料,其他,4876.55,耐克,有货,
P-TAOBAO-757138,taobao_3271284,taobao,三星 电子产品 28,运动户外,其他,3984.04,三星,有货,
P-TAOBAO-757216,taobao_2895931,taobao,阿迪达斯 家居用品 53,食品饮料,其他,1374.59,ZARA,有货,
P-TAOBAO-758423,taobao_8705821,taobao,优衣库 电子产品 37,母婴用品,其他,1784.99,阿迪达斯,有货,
P-TAOBAO-759538,taobao_2152665,taobao,优衣库 食品饮料 44,运动户外,其他,4081.33,华为,有货,
P-TAOBAO-760715,taobao_9854926,taobao,小米 家居用品 61,美妆个护,其他,3489.17,华为,有货,
P-TAOBAO-761377,taobao_7238112,taobao,阿迪达斯 图书文具 60,母婴用品,其他,4270.11,阿迪达斯,有货,
P-TAOBAO-762412,taobao_4016148,taobao,格力 食品饮料 36,图书文具,其他,2158.15,格力,有货,
P-TAOBAO-763655,taobao_6616638,taobao,耐克 母婴用品 51,食品饮料,其他,2207.33,ZARA,有货,
P-TAOBAO-763814,taobao_4902772,taobao,Apple 食品饮料 16,运动户外,其他,4437.67,耐克,有货,
P-TAOBAO-764533,taobao_7690197,taobao,格力 美妆个护 6,母婴用品,其他,4818.65,ZARA,有货,
P-TAOBAO-765029,taobao_3787035,taobao,阿迪达斯 图书文具 13,食品饮料,其他,2370.42,三星,有货,
P-TAOBAO-767895,taobao_9024501,taobao,小米 食品饮料 100,电子产品,其他,2230.21,格力,有货,
P-TAOBAO-770273,taobao_6785080,taobao,格力 服装鞋帽 97,食品饮料,其他,1478.68,阿迪达斯,有货,
P-TAOBAO-770502,taobao_4656526,taobao,格力 运动户外 2,食品饮料,其他,616.18,海尔,有货,
P-TAOBAO-771242,taobao_6495972,taobao,小米 美妆个护 90,运动户外,其他,1646.77,格力,有货,
P-TAOBAO-773002,taobao_1917181,taobao,优衣库 服装鞋帽 91,家居用品,其他,321.71,优衣库,有货,
P-TAOBAO-773818,taobao_6604912,taobao,优衣库 食品饮料 67,图书文具,其他,2506.48,小米,有货,
P-TAOBAO-774200,taobao_2170173,taobao,三星 家居用品 20,美妆个护,其他,4389.12,耐克,有货,
P-TAOBAO-777565,taobao_3396281,taobao,华为 图书文具 1,母婴用品,其他,4642.10,Apple,有货,
P-TAOBAO-778814,taobao_2836675,taobao,海尔 服装鞋帽 52,美妆个护,其他,412.14,优衣库,有货,
P-TAOBAO-780530,taobao_2984880,taobao,格力 美妆个护 33,食品饮料,其他,709.16,三星,有货,
P-TAOBAO-783127,taobao_6703533,taobao,耐克 服装鞋帽 82,电子产品,其他,1652.19,阿迪达斯,有货,
P-TAOBAO-783513,taobao_2418363,taobao,耐克 服装鞋帽 63,电子产品,其他,4669.46,海尔,有货,
P-TAOBAO-784054,taobao_1699874,taobao,华为 食品饮料 80,家居用品,其他,280.67,ZARA,有货,
P-TAOBAO-784985,taobao_3147819,taobao,ZARA 服装鞋帽 57,美妆个护,其他,1374.00,格力,有货,
P-TAOBAO-786285,taobao_1563286,taobao,海尔 电子产品 93,电子产品,其他,358.50,优衣库,有货,
P-TAOBAO-786646,taobao_5820118,taobao,Apple 母婴用品 59,电子产品,其他,3167.52,格力,有货,
P-TAOBAO-787566,taobao_6017918,taobao,华为 运动户外 30,运动户外,其他,4491.06,阿迪达斯,有货,
P-TAOBAO-791184,taobao_5721507,taobao,海尔 图书文具 51,服装鞋帽,其他,2834.52,三星,有货,
P-TAOBAO-792153,taobao_8120999,taobao,阿迪达斯 运动户外 98,服装鞋帽,其他,2519.01,华为,有货,
P-TAOBAO-792523,taobao_8244270,taobao,格力 图书文具 83,美妆个护,其他,3391.09,优衣库,有货,
P-TAOBAO-793541,taobao_8345442,taobao,阿迪达斯 运动户外 30,美妆个护,其他,4107.85,三星,有货,
P-TAOBAO-798817,taobao_2038540,taobao,格力 美妆个护 94,电子产品,其他,127.32,Apple,有货,
P-TAOBAO-803669,taobao_5032671,taobao,Apple 美妆个护 21,电子产品,其他,2350.02,Apple,有货,
P-TAOBAO-804434,taobao_7655611,taobao,华为 美妆个护 63,美妆个护,其他,3518.36,格力,有货,
P-TAOBAO-806706,taobao_3391147,taobao,Apple 母婴用品 58,食品饮料,其他,1569.07,Apple,有货,
P-TAOBAO-807486,taobao_4441505,taobao,阿迪达斯 电子产品 94,食品饮料,其他,4699.61,格力,有货,
P-TAOBAO-808207,taobao_7917346,taobao,Apple 食品饮料 46,电子产品,其他,487.56,优衣库,有货,
P-TAOBAO-810566,taobao_3904152,taobao,阿迪达斯 母婴用品 80,运动户外,其他,541.85,耐克,有货,
P-TAOBAO-811674,taobao_6220176,taobao,耐克 服装鞋帽 82,母婴用品,其他,2919.21,海尔,有货,
P-TAOBAO-812016,taobao_8204965,taobao,格力 美妆个护 15,运动户外,其他,4873.97,Apple,有货,
P-TAOBAO-812738,taobao_6456303,taobao,Apple 运动户外 58,食品饮料,其他,1908.04,小米,有货,
P-TAOBAO-812867,taobao_5708864,taobao,三星 运动户外 6,服装鞋帽,其他,3580.47,三星,有货,
P-TAOBAO-814960,taobao_9998272,taobao,三星 家居用品 92,服装鞋帽,其他,2715.88,格力,有货,
P-TAOBAO-817924,taobao_4592384,taobao,ZARA 电子产品 53,食品饮料,其他,4689.06,格力,有货,
P-TAOBAO-821599,taobao_9763813,taobao,格力 运动户外 28,母婴用品,其他,2440.92,耐克,有货,
P-TAOBAO-821941,taobao_1117354,taobao,耐克 电子产品 87,电子产品,其他,364.18,阿迪达斯,有货,
P-TAOBAO-822356,taobao_8086005,taobao,ZARA 美妆个护 44,运动户外,其他,2964.81,海尔,有货,
P-TAOBAO-823241,taobao_7949519,taobao,小米 电子产品 48,运动户外,其他,882.89,华为,有货,
P-TAOBAO-823526,taobao_1842774,taobao,格力 家居用品 35,家居用品,其他,4140.80,ZARA,有货,
P-TAOBAO-823541,taobao_8349268,taobao,海尔 电子产品 56,服装鞋帽,其他,2260.21,ZARA,有货,
P-TAOBAO-824031,taobao_1942605,taobao,ZARA 食品饮料 80,美妆个护,其他,3877.20,Apple,有货,
P-TAOBAO-824376,taobao_9025800,taobao,海尔 运动户外 63,图书文具,其他,1982.17,海尔,有货,
P-TAOBAO-825153,taobao_5136407,taobao,耐克 运动户外 48,运动户外,其他,320.07,格力,有货,
P-TAOBAO-826638,taobao_8764663,taobao,三星 图书文具 9,服装鞋帽,其他,3501.24,海尔,有货,
P-TAOBAO-827058,taobao_2941691,taobao,阿迪达斯 食品饮料 81,运动户外,其他,1738.62,ZARA,有货,
P-TAOBAO-827252,taobao_6529811,taobao,海尔 母婴用品 94,家居用品,其他,3070.56,优衣库,有货,
P-TAOBAO-831749,taobao_3852783,taobao,海尔 美妆个护 91,运动户外,其他,2960.37,小米,有货,
P-TAOBAO-831823,taobao_9624462,taobao,Apple 美妆个护 14,电子产品,其他,4234.20,小米,有货,
P-TAOBAO-831878,taobao_1376687,taobao,华为 运动户外 53,运动户外,其他,2098.88,三星,有货,
P-TAOBAO-833693,taobao_2581970,taobao,耐克 美妆个护 88,运动户外,其他,229.41,阿迪达斯,有货,
P-TAOBAO-834641,taobao_8500686,taobao,华为 食品饮料 93,母婴用品,其他,4493.13,格力,有货,
P-TAOBAO-835139,taobao_1885763,taobao,阿迪达斯 电子产品 9,家居用品,其他,2350.39,阿迪达斯,有货,
P-TAOBAO-835361,taobao_8532662,taobao,小米 食品饮料 26,图书文具,其他,4909.20,优衣库,有货,
P-TAOBAO-836366,taobao_7064129,taobao,优衣库 图书文具 41,服装鞋帽,其他,4489.21,小米,有货,
P-TAOBAO-837197,taobao_5214481,taobao,阿迪达斯 运动户外 6,家居用品,其他,973.81,Apple,有货,
P-TAOBAO-838343,taobao_1870371,taobao,Apple 家居用品 16,母婴用品,其他,835.91,三星,有货,
P-TAOBAO-839653,taobao_7030279,taobao,华为 美妆个护 42,运动户外,其他,3126.01,Apple,有货,
P-TAOBAO-840437,taobao_4682041,taobao,ZARA 美妆个护 4,家居用品,其他,4508.19,华为,有货,
P-TAOBAO-840530,taobao_1038203,taobao,小米 美妆个护 100,食品饮料,其他,1540.80,Apple,有货,
P-TAOBAO-841547,taobao_1673661,taobao,格力 家居用品 22,运动户外,其他,1127.50,小米,有货,
P-TAOBAO-841570,taobao_4084273,taobao,优衣库 食品饮料 56,美妆个护,其他,391.44,优衣库,有货,
P-TAOBAO-844533,taobao_5125174,taobao,海尔 母婴用品 31,家居用品,其他,2629.30,格力,有货,
P-TAOBAO-844749,taobao_9191934,taobao,小米 电子产品 100,服装鞋帽,其他,3564.86,格力,有货,
P-TAOBAO-845665,taobao_4918319,taobao,Apple 电子产品 6,食品饮料,其他,2219.19,华为,有货,
P-TAOBAO-845889,taobao_7788296,taobao,小米 电子产品 33,母婴用品,其他,2320.13,小米,有货,
P-TAOBAO-845978,taobao_5247703,taobao,阿迪达斯 家居用品 6,食品饮料,其他,754.97,海尔,有货,
P-TAOBAO-847460,taobao_8252998,taobao,耐克 美妆个护 23,运动户外,其他,73.08,阿迪达斯,有货,
P-TAOBAO-848218,taobao_8633599,taobao,优衣库 家居用品 87,图书文具,其他,1902.15,Apple,有货,
P-TAOBAO-849572,taobao_2800019,taobao,阿迪达斯 图书文具 24,电子产品,其他,401.38,华为,有货,
P-TAOBAO-849670,taobao_5359493,taobao,三星 美妆个护 94,运动户外,其他,344.25,优衣库,有货,
P-TAOBAO-850307,taobao_3714402,taobao,三星 美妆个护 84,图书文具,其他,2681.41,小米,有货,
P-TAOBAO-850374,taobao_8081492,taobao,优衣库 美妆个护 29,运动户外,其他,4968.40,华为,有货,
P-TAOBAO-850596,taobao_6601776,taobao,耐克 运动户外 96,母婴用品,其他,4251.06,Apple,有货,
P-TAOBAO-851711,taobao_9864825,taobao,小米 美妆个护 57,电子产品,其他,1786.95,ZARA,有货,
P-TAOBAO-852288,taobao_4875457,taobao,优衣库 运动户外 12,美妆个护,其他,1889.10,阿迪达斯,有货,
P-TAOBAO-852444,taobao_3228420,taobao,阿迪达斯 运动户外 86,运动户外,其他,4928.90,格力,有货,
P-TAOBAO-852485,taobao_4761465,taobao,三星 美妆个护 30,电子产品,其他,435.28,三星,有货,
P-TAOBAO-852876,taobao_4941452,taobao,三星 图书文具 57,母婴用品,其他,4052.98,耐克,有货,
P-TAOBAO-853771,taobao_9786266,taobao,小米 运动户外 95,服装鞋帽,其他,1494.17,小米,有货,
P-TAOBAO-854444,taobao_4252637,taobao,小米 家居用品 48,电子产品,其他,594.44,华为,有货,
P-TAOBAO-855693,taobao_4253967,taobao,华为 电子产品 37,母婴用品,其他,2133.31,华为,有货,
P-TAOBAO-855941,taobao_2151795,taobao,ZARA 图书文具 56,食品饮料,其他,1799.71,优衣库,有货,
P-TAOBAO-856950,taobao_4060310,taobao,ZARA 运动户外 49,母婴用品,其他,562.39,小米,有货,
P-TAOBAO-858268,taobao_3016231,taobao,ZARA 母婴用品 23,图书文具,其他,2370.56,格力,有货,
P-TAOBAO-861690,taobao_7668319,taobao,Apple 运动户外 22,图书文具,其他,3636.29,耐克,有货,
P-TAOBAO-861885,taobao_1533166,taobao,耐克 母婴用品 49,服装鞋帽,其他,3325.05,海尔,有货,
P-TAOBAO-862205,taobao_9231716,taobao,华为 家居用品 42,图书文具,其他,401.34,格力,有货,
P-TAOBAO-865534,taobao_3613204,taobao,优衣库 运动户外 14,美妆个护,其他,3832.34,ZARA,有货,
P-TAOBAO-867768,taobao_1007890,taobao,阿迪达斯 母婴用品 21,服装鞋帽,其他,4384.67,小米,有货,
P-TAOBAO-867912,taobao_8138560,taobao,海尔 电子产品 96,运动户外,其他,973.60,小米,有货,
P-TAOBAO-868207,taobao_2432278,taobao,格力 电子产品 99,食品饮料,其他,1998.38,华为,有货,
P-TAOBAO-870522,taobao_9132548,taobao,ZARA 服装鞋帽 40,图书文具,其他,4046.86,三星,有货,
P-TAOBAO-870809,taobao_5320966,taobao,小米 运动户外 16,食品饮料,其他,2592.35,阿迪达斯,有货,
P-TAOBAO-872444,taobao_5039933,taobao,三星 美妆个护 43,食品饮料,其他,2091.00,优衣库,有货,
P-TAOBAO-873048,taobao_8704475,taobao,阿迪达斯 服装鞋帽 70,美妆个护,其他,1976.57,ZARA,有货,
P-TAOBAO-873213,taobao_6967839,taobao,ZARA 运动户外 14,美妆个护,其他,2358.43,海尔,有货,
P-TAOBAO-873900,taobao_8405143,taobao,华为 母婴用品 32,食品饮料,其他,437.57,优衣库,有货,
P-TAOBAO-875339,taobao_1040627,taobao,优衣库 服装鞋帽 55,食品饮料,其他,2416.61,格力,有货,
P-TAOBAO-876277,taobao_7925568,taobao,格力 食品饮料 57,母婴用品,其他,4762.07,Apple,有货,
P-TAOBAO-876927,taobao_7798487,taobao,小米 食品饮料 66,家居用品,其他,4007.69,耐克,有货,
P-TAOBAO-877109,taobao_2562204,taobao,ZARA 运动户外 68,食品饮料,其他,406.64,优衣库,有货,
P-TAOBAO-878512,taobao_1532744,taobao,海尔 食品饮料 46,食品饮料,其他,501.24,耐克,有货,
P-TAOBAO-878641,taobao_4832102,taobao,阿迪达斯 母婴用品 9,家居用品,其他,3150.58,格力,有货,
P-TAOBAO-878839,taobao_9960349,taobao,三星 家居用品 65,母婴用品,其他,991.10,三星,有货,
P-TAOBAO-879796,taobao_6587275,taobao,ZARA 食品饮料 56,食品饮料,其他,3881.78,华为,有货,
P-TAOBAO-880253,taobao_5769443,taobao,耐克 电子产品 80,图书文具,其他,3092.83,华为,有货,
P-TAOBAO-882522,taobao_1597726,taobao,耐克 母婴用品 68,运动户外,其他,604.56,三星,有货,
P-TAOBAO-884264,taobao_8573222,taobao,三星 家居用品 86,食品饮料,其他,568.67,格力,有货,
P-TAOBAO-884843,taobao_1827869,taobao,海尔 母婴用品 27,家居用品,其他,2494.54,格力,有货,
P-TAOBAO-884893,taobao_6055296,taobao,三星 食品饮料 13,运动户外,其他,3328.75,格力,有货,
P-TAOBAO-887514,taobao_1085495,taobao,三星 服装鞋帽 83,运动户外,其他,2680.70,优衣库,有货,
P-TAOBAO-887617,taobao_7346400,taobao,优衣库 美妆个护 14,电子产品,其他,680.18,ZARA,有货,
P-TAOBAO-887825,taobao_2677414,taobao,华为 运动户外 7,运动户外,其他,2862.91,小米,有货,
P-TAOBAO-889071,taobao_5561788,taobao,耐克 图书文具 100,美妆个护,其他,3794.55,华为,有货,
P-TAOBAO-889313,taobao_7490798,taobao,耐克 图书文具 30,图书文具,其他,3211.12,Apple,有货,
P-TAOBAO-889733,taobao_3835009,taobao,华为 美妆个护 80,电子产品,其他,4037.42,阿迪达斯,有货,
P-TAOBAO-890257,taobao_7957840,taobao,阿迪达斯 运动户外 58,美妆个护,其他,1472.73,格力,有货,
P-TAOBAO-890855,taobao_6712945,taobao,Apple 家居用品 79,母婴用品,其他,1325.75,ZARA,有货,
P-TAOBAO-890988,taobao_2926248,taobao,耐克 服装鞋帽 69,运动户外,其他,123.64,小米,有货,
P-TAOBAO-894667,taobao_5621922,taobao,三星 电子产品 34,食品饮料,其他,2103.38,优衣库,有货,
P-TAOBAO-895220,taobao_1617262,taobao,华为 食品饮料 69,图书文具,其他,1729.33,华为,有货,
P-TAOBAO-895494,taobao_6260256,taobao,三星 图书文具 37,图书文具,其他,2717.04,海尔,有货,
P-TAOBAO-895553,taobao_1592019,taobao,海尔 食品饮料 48,服装鞋帽,其他,561.16,ZARA,有货,
P-TAOBAO-900035,taobao_6829364,taobao,阿迪达斯 运动户外 45,食品饮料,其他,2859.38,华为,有货,
P-TAOBAO-900912,taobao_7416450,taobao,阿迪达斯 食品饮料 83,运动户外,其他,4492.17,海尔,有货,
P-TAOBAO-902642,taobao_7954967,taobao,耐克 母婴用品 8,母婴用品,其他,2495.75,Apple,有货,
P-TAOBAO-904460,taobao_6082993,taobao,三星 母婴用品 48,家居用品,其他,4399.95,ZARA,有货,
P-TAOBAO-906590,taobao_8857515,taobao,小米 图书文具 6,食品饮料,其他,2534.11,Apple,有货,
P-TAOBAO-907124,taobao_6647034,taobao,华为 图书文具 59,母婴用品,其他,4646.29,格力,有货,
P-TAOBAO-909367,taobao_3584719,taobao,优衣库 服装鞋帽 47,运动户外,其他,1147.29,三星,有货,
P-TAOBAO-910500,taobao_8190239,taobao,耐克 家居用品 48,家居用品,其他,3586.69,Apple,有货,
P-TAOBAO-910725,taobao_3155663,taobao,Apple 食品饮料 62,服装鞋帽,其他,4746.75,Apple,有货,
P-TAOBAO-913288,taobao_2046591,taobao,ZARA 图书文具 91,图书文具,其他,2873.00,阿迪达斯,有货,
P-TAOBAO-914075,taobao_1963691,taobao,优衣库 美妆个护 60,食品饮料,其他,4510.87,Apple,有货,
P-TAOBAO-914390,taobao_3492824,taobao,格力 电子产品 87,运动户外,其他,3840.80,海尔,有货,
P-TAOBAO-914474,taobao_6379181,taobao,耐克 服装鞋帽 89,服装鞋帽,其他,4043.05,阿迪达斯,有货,
P-TAOBAO-915865,taobao_3930687,taobao,三星 服装鞋帽 15,图书文具,其他,1043.78,阿迪达斯,有货,
P-TAOBAO-915903,taobao_7928278,taobao,耐克 食品饮料 84,母婴用品,其他,2882.76,华为,有货,
P-TAOBAO-916653,taobao_6954676,taobao,小米 服装鞋帽 65,图书文具,其他,4201.05,三星,有货,
P-TAOBAO-917896,taobao_5130664,taobao,优衣库 服装鞋帽 85,服装鞋帽,其他,1502.41,小米,有货,
P-TAOBAO-919045,taobao_2690110,taobao,耐克 家居用品 56,图书文具,其他,2436.39,小米,有货,
P-TAOBAO-919362,taobao_3427326,taobao,耐克 食品饮料 30,母婴用品,其他,927.33,ZARA,有货,
P-TAOBAO-919678,taobao_1262941,taobao,阿迪达斯 电子产品 71,食品饮料,其他,3306.64,海尔,有货,
P-TAOBAO-920034,taobao_7496266,taobao,耐克 运动户外 65,家居用品,其他,54.79,小米,有货,
P-TAOBAO-920253,taobao_5694185,taobao,海尔 运动户外 99,运动户外,其他,4520.59,Apple,有货,
P-TAOBAO-920748,taobao_1127275,taobao,格力 家居用品 32,食品饮料,其他,2695.09,三星,有货,
P-TAOBAO-920895,taobao_1308353,taobao,格力 服装鞋帽 4,电子产品,其他,2018.73,优衣库,有货,
P-TAOBAO-921894,taobao_8528768,taobao,阿迪达斯 家居用品 18,食品饮料,其他,4693.97,小米,有货,
P-TAOBAO-922203,taobao_2426106,taobao,三星 母婴用品 89,电子产品,其他,4759.54,三星,有货,
P-TAOBAO-923011,taobao_3402222,taobao,耐克 图书文具 63,美妆个护,其他,2393.87,Apple,有货,
P-TAOBAO-923318,taobao_3744324,taobao,小米 电子产品 70,美妆个护,其他,4757.38,三星,有货,
P-TAOBAO-925145,taobao_8488442,taobao,海尔 食品饮料 94,美妆个护,其他,1365.99,华为,有货,
P-TAOBAO-926237,taobao_8748906,taobao,三星 家居用品 94,运动户外,其他,3931.85,小米,有货,
P-TAOBAO-927283,taobao_8716157,taobao,格力 运动户外 54,母婴用品,其他,3216.17,格力,有货,
P-TAOBAO-927661,taobao_5820534,taobao,阿迪达斯 美妆个护 38,食品饮料,其他,1898.02,海尔,有货,
P-TAOBAO-931113,taobao_5087140,taobao,小米 图书文具 17,美妆个护,其他,3824.63,耐克,有货,
P-TAOBAO-936087,taobao_4025540,taobao,Apple 服装鞋帽 18,运动户外,其他,1779.53,格力,有货,
P-TAOBAO-936230,taobao_1134675,taobao,海尔 家居用品 59,图书文具,其他,4985.94,ZARA,有货,
P-TAOBAO-936907,taobao_8233629,taobao,Apple 服装鞋帽 88,食品饮料,其他,3693.95,格力,有货,
P-TAOBAO-937081,taobao_9174292,taobao,耐克 服装鞋帽 97,电子产品,其他,3399.58,三星,有货,
P-TAOBAO-937833,taobao_7484614,taobao,华为 家居用品 17,服装鞋帽,其他,2827.38,阿迪达斯,有货,
P-TAOBAO-938816,taobao_8064494,taobao,小米 食品饮料 81,美妆个护,其他,3969.18,三星,有货,
P-TAOBAO-939149,taobao_5379997,taobao,海尔 运动户外 5,家居用品,其他,3178.40,格力,有货,
P-TAOBAO-939364,taobao_2442682,taobao,海尔 美妆个护 83,母婴用品,其他,1555.32,ZARA,有货,
P-TAOBAO-939702,taobao_7174650,taobao,阿迪达斯 母婴用品 55,家居用品,其他,4095.07,耐克,有货,
P-TAOBAO-941775,taobao_3694257,taobao,海尔 服装鞋帽 43,美妆个护,其他,1985.26,小米,有货,
P-TAOBAO-942993,taobao_7324911,taobao,小米 美妆个护 42,电子产品,其他,3071.40,阿迪达斯,有货,
P-TAOBAO-944783,taobao_7717466,taobao,海尔 图书文具 50,运动户外,其他,2569.75,海尔,有货,
P-TAOBAO-945024,taobao_1890499,taobao,小米 美妆个护 71,服装鞋帽,其他,3560.46,Apple,有货,
P-TAOBAO-948133,taobao_9148778,taobao,格力 美妆个护 31,美妆个护,其他,4878.50,优衣库,有货,
P-TAOBAO-948194,taobao_2542625,taobao,Apple 食品饮料 46,服装鞋帽,其他,2026.30,华为,有货,
P-TAOBAO-948312,taobao_1991178,taobao,格力 服装鞋帽 26,家居用品,其他,3737.42,三星,有货,
P-TAOBAO-950502,taobao_2095515,taobao,三星 家居用品 100,图书文具,其他,3188.77,优衣库,有货,
P-TAOBAO-950651,taobao_6242194,taobao,三星 图书文具 84,图书文具,其他,4943.84,三星,有货,
P-TAOBAO-951473,taobao_2620167,taobao,格力 美妆个护 19,图书文具,其他,4266.31,格力,有货,
P-TAOBAO-951847,taobao_3048755,taobao,阿迪达斯 电子产品 95,服装鞋帽,其他,1396.26,耐克,有货,
P-TAOBAO-952544,taobao_3606222,taobao,阿迪达斯 电子产品 73,家居用品,其他,1434.11,华为,有货,
P-TAOBAO-952871,taobao_2203160,taobao,小米 美妆个护 65,图书文具,其他,3140.82,ZARA,有货,
P-TAOBAO-954007,taobao_7010096,taobao,华为 图书文具 53,母婴用品,其他,1457.67,耐克,有货,
P-TAOBAO-954868,taobao_6655373,taobao,优衣库 运动户外 37,电子产品,其他,3163.25,小米,有货,
P-TAOBAO-955764,taobao_8468441,taobao,阿迪达斯 食品饮料 64,运动户外,其他,1750.63,耐克,有货,
P-TAOBAO-956334,taobao_5271357,taobao,阿迪达斯 运动户外 49,图书文具,其他,2627.63,小米,有货,
P-TAOBAO-956362,taobao_9157770,taobao,耐克 图书文具 67,美妆个护,其他,3626.81,优衣库,有货,
P-TAOBAO-957434,taobao_3213014,taobao,优衣库 服装鞋帽 99,母婴用品,其他,4399.99,三星,有货,
P-TAOBAO-957887,taobao_5281331,taobao,ZARA 食品饮料 24,电子产品,其他,4755.09,三星,有货,
P-TAOBAO-959641,taobao_4168343,taobao,ZARA 母婴用品 51,服装鞋帽,其他,4081.21,格力,有货,
P-TAOBAO-960148,taobao_8409779,taobao,阿迪达斯 母婴用品 54,图书文具,其他,3870.56,ZARA,有货,
P-TAOBAO-960230,taobao_6100174,taobao,海尔 母婴用品 31,图书文具,其他,1232.74,阿迪达斯,有货,
P-TAOBAO-961051,taobao_6126464,taobao,Apple 食品饮料 72,电子产品,其他,2502.66,耐克,有货,
P-TAOBAO-962507,taobao_9214225,taobao,ZARA 运动户外 41,美妆个护,其他,4829.86,三星,有货,
P-TAOBAO-963016,taobao_1164351,taobao,ZARA 服装鞋帽 73,食品饮料,其他,4417.04,优衣库,有货,
P-TAOBAO-964519,taobao_4939927,taobao,格力 母婴用品 75,电子产品,其他,3408.50,Apple,有货,
P-TAOBAO-965290,taobao_8443191,taobao,ZARA 运动户外 80,美妆个护,其他,3456.02,优衣库,有货,
P-TAOBAO-965495,taobao_1320116,taobao,格力 电子产品 82,美妆个护,其他,2412.60,耐克,有货,
P-TAOBAO-966588,taobao_8718982,taobao,优衣库 图书文具 24,家居用品,其他,2887.76,耐克,有货,
P-TAOBAO-966593,taobao_9748897,taobao,ZARA 服装鞋帽 43,家居用品,其他,3031.97,ZARA,有货,
P-TAOBAO-967964,taobao_9237500,taobao,小米 家居用品 92,家居用品,其他,472.56,阿迪达斯,有货,
P-TAOBAO-970051,taobao_8251647,taobao,阿迪达斯 母婴用品 47,美妆个护,其他,3708.29,小米,有货,
P-TAOBAO-970116,taobao_6585943,taobao,Apple 家居用品 30,服装鞋帽,其他,3806.45,阿迪达斯,有货,
P-TAOBAO-970443,taobao_4792607,taobao,三星 电子产品 50,图书文具,其他,4916.35,耐克,有货,
P-TAOBAO-970483,taobao_1700595,taobao,耐克 运动户外 49,服装鞋帽,其他,1637.12,Apple,有货,
P-TAOBAO-971800,taobao_3114146,taobao,Apple 服装鞋帽 50,家居用品,其他,987.55,海尔,有货,
P-TAOBAO-972082,taobao_7609380,taobao,Apple 母婴用品 67,运动户外,其他,2185.34,阿迪达斯,有货,
P-TAOBAO-972437,taobao_6508336,taobao,格力 图书文具 73,家居用品,其他,4170.63,三星,有货,
P-TAOBAO-972997,taobao_5301647,taobao,耐克 母婴用品 81,图书文具,其他,4503.81,ZARA,有货,
P-TAOBAO-973646,taobao_2181343,taobao,海尔 运动户外 88,运动户外,其他,2505.48,优衣库,有货,
P-TAOBAO-973803,taobao_5629775,taobao,海尔 电子产品 70,运动户外,其他,1680.66,优衣库,有货,
P-TAOBAO-974437,taobao_4176985,taobao,阿迪达斯 家居用品 22,运动户外,其他,2692.25,优衣库,有货,
P-TAOBAO-974782,taobao_6215469,taobao,三星 食品饮料 18,电子产品,其他,3466.20,海尔,有货,
P-TAOBAO-975768,taobao_2406737,taobao,海尔 图书文具 84,食品饮料,其他,665.61,华为,有货,
P-TAOBAO-976529,taobao_9468264,taobao,三星 图书文具 58,母婴用品,其他,1490.22,优衣库,有货,
P-TAOBAO-977112,taobao_4460492,taobao,华为 家居用品 33,家居用品,其他,1356.73,耐克,有货,
P-TAOBAO-977457,taobao_4267363,taobao,华为 图书文具 65,母婴用品,其他,933.25,优衣库,有货,
P-TAOBAO-977775,taobao_2531937,taobao,Apple 家居用品 54,美妆个护,其他,1007.65,耐克,有货,
P-TAOBAO-978601,taobao_4171506,taobao,格力 图书文具 37,图书文具,其他,2932.70,华为,有货,
P-TAOBAO-978937,taobao_2850154,taobao,Apple 家居用品 82,食品饮料,其他,3691.43,小米,有货,
P-TAOBAO-979120,taobao_5223763,taobao,ZARA 母婴用品 31,家居用品,其他,1176.76,阿迪达斯,有货,
P-TAOBAO-980040,taobao_4769842,taobao,海尔 食品饮料 59,运动户外,其他,3474.58,ZARA,有货,
P-TAOBAO-980617,taobao_7877320,taobao,Apple 图书文具 85,美妆个护,其他,3703.84,阿迪达斯,有货,
P-TAOBAO-980861,taobao_5441204,taobao,ZARA 母婴用品 64,家居用品,其他,1987.24,海尔,有货,
P-TAOBAO-983443,taobao_8120571,taobao,Apple 运动户外 99,母婴用品,其他,2002.87,Apple,有货,
P-TAOBAO-984300,taobao_3884799,taobao,三星 服装鞋帽 78,电子产品,其他,1434.83,耐克,有货,
P-TAOBAO-985840,taobao_1794088,taobao,海尔 运动户外 79,电子产品,其他,3925.63,海尔,有货,
P-TAOBAO-986022,taobao_8215354,taobao,Apple 图书文具 76,电子产品,其他,3674.68,Apple,有货,
P-TAOBAO-988498,taobao_5557126,taobao,海尔 美妆个护 2,母婴用品,其他,1986.81,耐克,有货,
P-TAOBAO-988666,taobao_1385594,taobao,三星 食品饮料 63,食品饮料,其他,2784.54,ZARA,有货,
P-TAOBAO-989554,taobao_6757215,taobao,优衣库 图书文具 40,家居用品,其他,1666.89,Apple,有货,
P-TAOBAO-991655,taobao_1303901,taobao,华为 家居用品 83,家居用品,其他,3387.28,三星,有货,
P-TAOBAO-991872,taobao_8319057,taobao,海尔 家居用品 98,图书文具,其他,4488.44,Apple,有货,
P-TAOBAO-992699,taobao_3561143,taobao,Apple 食品饮料 90,母婴用品,其他,1802.90,小米,有货,
P-TAOBAO-992976,taobao_2364167,taobao,优衣库 母婴用品 6,图书文具,其他,475.26,华为,有货,
P-TAOBAO-993840,taobao_6692777,taobao,ZARA 电子产品 2,电子产品,其他,2345.80,ZARA,有货,
P-TAOBAO-993995,taobao_9907467,taobao,海尔 母婴用品 52,母婴用品,其他,1840.56,耐克,有货,
P-TAOBAO-994834,taobao_9826428,taobao,优衣库 服装鞋帽 90,服装鞋帽,其他,1784.11,三星,有货,
P-TAOBAO-996041,taobao_7363077,taobao,华为 食品饮料 94,母婴用品,其他,3785.22,耐克,有货,
P-TAOBAO-997918,taobao_5875305,taobao,ZARA 美妆个护 66,母婴用品,其他,431.57,优衣库,有货,
P-TAOBAO-998964,taobao_3532339,taobao,Apple 电子产品 75,家居用品,其他,4527.56,Apple,有货,
