global_user_id,platform_user_id,platform,user_name,gender,age,city,registration_date,phone,email,user_level
U-DOUYIN-100126,douyin_2376459,douyin,用户1066,f,33,南京,2026-07-01,14520699900,user4037@example.com,钻石会员
U-DOUYIN-101025,douyin_7756474,douyin,用户1892,m,58,南京,2025-09-14,19257206370,user6370@example.com,普通会员
U-DOUYIN-101123,douyin_6872326,douyin,用户7878,m,42,上海,2025-12-24,18546321608,user3479@example.com,银卡会员
U-DOUYIN-101202,douyin_6240928,douyin,用户7221,m,49,上海,2025-12-21,13736400724,user4002@example.com,普通会员
U-DOUYIN-101896,douyin_8106516,douyin,用户9953,f,31,重庆,2026-09-26,19720315771,user5238@example.com,普通会员
U-DOUYIN-102043,douyin_7005082,douyin,用户6086,f,27,杭州,2025-12-21,14665654504,user3368@example.com,钻石会员
U-DOUYIN-103827,douyin_3709434,douyin,用户4547,f,58,成都,2026-11-23,19422644209,user5760@example.com,钻石会员
U-DOUYIN-105663,douyin_2909689,douyin,用户5808,m,19,南京,2026-08-17,18569642350,user3680@example.com,钻石会员
U-DOUYIN-105936,douyin_5436515,douyin,用户9093,m,26,南京,2026-03-04,18149133626,user7482@example.com,金卡会员
U-DOUYIN-106034,douyin_5704534,douyin,用户5799,m,51,北京,2026-08-06,18126494129,user8466@example.com,钻石会员
U-DOUYIN-106054,douyin_8017494,douyin,用户9804,m,58,武汉,2025-10-28,13974835995,user2787@example.com,金卡会员
U-DOUYIN-106163,douyin_6269232,douyin,用户4769,m,46,杭州,2026-03-21,13147485595,user5723@example.com,银卡会员
U-DOUYIN-106616,douyin_9374917,douyin,用户5680,f,60,武汉,2025-12-05,18344485272,user9197@example.com,金卡会员
U-DOUYIN-106821,douyin_2778041,douyin,用户2254,m,49,重庆,2026-11-02,15745119909,user5038@example.com,金卡会员
U-DOUYIN-107284,douyin_9988845,douyin,用户7140,m,53,北京,2025-09-27,13445391049,user1442@example.com,钻石会员
U-DOUYIN-107967,douyin_1302013,douyin,用户7288,f,33,南京,2026-10-01,17911310027,user9792@example.com,银卡会员
U-DOUYIN-108039,douyin_9233674,douyin,用户9114,f,22,广州,2025-07-02,13122868222,user5247@example.com,钻石会员
U-DOUYIN-109297,douyin_2015575,douyin,用户9534,m,45,武汉,2026-01-05,19365351747,user7554@example.com,银卡会员
U-DOUYIN-109426,douyin_1866424,douyin,用户9240,f,39,西安,2025-10-24,19855205818,user6850@example.com,钻石会员
U-DOUYIN-110329,douyin_8124853,douyin,用户7010,f,56,广州,2025-02-12,16509485559,user7250@example.com,普通会员
U-DOUYIN-110351,douyin_3214511,douyin,用户6447,m,29,武汉,2026-07-19,16398317348,user7508@example.com,普通会员
U-DOUYIN-110764,douyin_5231115,douyin,用户5519,f,18,重庆,2026-11-10,16294574261,user7903@example.com,普通会员
U-DOUYIN-111112,douyin_3921147,douyin,用户9722,m,36,西安,2026-03-10,13405939954,user6101@example.com,银卡会员
U-DOUYIN-111262,douyin_2366517,douyin,用户6649,m,41,上海,2026-10-03,15145086387,user7725@example.com,普通会员
U-DOUYIN-112092,douyin_8056766,douyin,用户4902,f,48,南京,2026-03-07,15164962626,user8132@example.com,金卡会员
U-DOUYIN-112715,douyin_7909343,douyin,用户8413,m,26,成都,2026-11-20,14975201756,user1492@example.com,钻石会员
U-DOUYIN-112773,douyin_8585636,douyin,用户3654,m,38,广州,2026-09-27,18460829933,user3698@example.com,钻石会员
U-DOUYIN-113119,douyin_7454650,douyin,用户9954,f,29,上海,2026-12-15,14725517131,user5768@example.com,钻石会员
U-DOUYIN-113291,douyin_1615071,douyin,用户8244,m,31,广州,2025-02-23,17448168270,user1118@example.com,银卡会员
U-DOUYIN-113383,douyin_4461371,douyin,用户7322,f,57,重庆,2025-04-07,18645019807,user4124@example.com,普通会员
U-DOUYIN-113499,douyin_8424129,douyin,用户3457,m,56,西安,2025-04-07,16570572470,user4624@example.com,普通会员
U-DOUYIN-113727,douyin_8238844,douyin,用户1965,m,33,武汉,2026-08-26,19392953257,user1231@example.com,钻石会员
U-DOUYIN-113935,douyin_4174888,douyin,用户2592,f,31,西安,2025-03-04,18998448521,user9289@example.com,银卡会员
U-DOUYIN-114797,douyin_7704395,douyin,用户4411,f,49,北京,2025-01-21,15932681880,user5086@example.com,普通会员
U-DOUYIN-114882,douyin_9816386,douyin,用户3752,m,60,成都,2025-07-07,19467588497,user1541@example.com,钻石会员
U-DOUYIN-115528,douyin_9692033,douyin,用户7609,f,37,广州,2026-05-22,17370613655,user6829@example.com,银卡会员
U-DOUYIN-115858,douyin_2104098,douyin,用户2692,f,45,重庆,2026-12-09,19674456801,user2921@example.com,银卡会员
U-DOUYIN-116067,douyin_2807983,douyin,用户1080,f,60,杭州,2025-09-01,16455464866,user1101@example.com,金卡会员
U-DOUYIN-116303,douyin_9744391,douyin,用户2155,f,29,成都,2026-04-01,17545728914,user6106@example.com,普通会员
U-DOUYIN-116655,douyin_2883106,douyin,用户2758,f,53,深圳,2026-11-19,17764126725,user2155@example.com,钻石会员
U-DOUYIN-116729,douyin_6884497,douyin,用户2881,f,38,广州,2025-06-26,16954086792,user6878@example.com,金卡会员
U-DOUYIN-117537,douyin_8023034,douyin,用户4600,m,22,广州,2025-01-24,15827049329,user1635@example.com,钻石会员
U-DOUYIN-117908,douyin_2989039,douyin,用户4073,m,49,北京,2025-05-23,13336576919,user4879@example.com,银卡会员
U-DOUYIN-118496,douyin_4945037,douyin,用户5396,m,35,北京,2026-02-03,13343380650,user1438@example.com,金卡会员
U-DOUYIN-118710,douyin_1726433,douyin,用户6770,f,48,杭州,2025-01-03,18455261806,user6755@example.com,钻石会员
U-DOUYIN-119017,douyin_3490131,douyin,用户5604,f,58,北京,2025-12-15,19517271590,user7974@example.com,金卡会员
U-DOUYIN-119428,douyin_1298075,douyin,用户7263,f,60,杭州,2026-04-24,13602531251,user3085@example.com,钻石会员
U-DOUYIN-119889,douyin_7779958,douyin,用户3691,m,29,北京,2025-07-24,16316934745,user9583@example.com,金卡会员
U-DOUYIN-120204,douyin_7897839,douyin,用户6438,f,55,上海,2026-07-17,15869547356,user2487@example.com,普通会员
U-DOUYIN-120428,douyin_6210752,douyin,用户5790,f,35,深圳,2025-10-04,17451753648,user4260@example.com,普通会员
U-DOUYIN-120627,douyin_2603665,douyin,用户3023,m,42,上海,2025-03-19,17323885618,user5351@example.com,钻石会员
U-DOUYIN-120786,douyin_9223143,douyin,用户8679,f,39,上海,2026-04-20,18968126921,user8377@example.com,金卡会员
U-DOUYIN-120865,douyin_9149045,douyin,用户8047,f,23,北京,2025-09-03,16978230041,user9597@example.com,普通会员
U-DOUYIN-120973,douyin_7246909,douyin,用户9537,f,57,南京,2025-09-09,16586166155,user1074@example.com,金卡会员
U-DOUYIN-121658,douyin_8322296,douyin,用户9545,m,28,上海,2026-01-04,17668836624,user1692@example.com,银卡会员
U-DOUYIN-122151,douyin_2063005,douyin,用户4336,f,22,北京,2025-06-16,16806224626,user9285@example.com,钻石会员
U-DOUYIN-122594,douyin_8322411,douyin,用户9193,m,27,深圳,2026-06-05,13480913638,user1517@example.com,金卡会员
U-DOUYIN-122621,douyin_8919389,douyin,用户6020,f,58,深圳,2025-04-10,13526486142,user9091@example.com,钻石会员
U-DOUYIN-122743,douyin_6286536,douyin,用户1828,f,27,上海,2026-04-07,17834692583,user8612@example.com,钻石会员
U-DOUYIN-123040,douyin_6395300,douyin,用户4756,m,43,上海,2026-11-09,18648046546,user8132@example.com,银卡会员
U-DOUYIN-123263,douyin_1100137,douyin,用户2332,f,40,广州,2026-10-03,14408592865,user1323@example.com,钻石会员
U-DOUYIN-123487,douyin_6499571,douyin,用户1660,m,59,深圳,2025-01-17,17410112572,user9368@example.com,普通会员
U-DOUYIN-123833,douyin_3055815,douyin,用户6943,f,58,杭州,2026-05-26,14948494432,user4002@example.com,银卡会员
U-DOUYIN-124290,douyin_7445699,douyin,用户9275,m,39,上海,2026-09-26,16124721677,user6500@example.com,钻石会员
U-DOUYIN-124548,douyin_3872724,douyin,用户9580,f,23,深圳,2026-03-07,13818909571,user6110@example.com,银卡会员
U-DOUYIN-124647,douyin_6255646,douyin,用户3340,f,42,广州,2025-11-21,18234343581,user7195@example.com,金卡会员
U-DOUYIN-125109,douyin_9301380,douyin,用户2179,f,58,西安,2026-04-08,18684828531,user7200@example.com,普通会员
U-DOUYIN-125326,douyin_4599984,douyin,用户9981,f,38,武汉,2025-05-13,17682521758,user7513@example.com,银卡会员
U-DOUYIN-125661,douyin_6441869,douyin,用户4439,m,28,南京,2025-06-17,13662623584,user5993@example.com,金卡会员
U-DOUYIN-126216,douyin_3539007,douyin,用户4781,f,35,武汉,2026-12-08,17865256442,user3635@example.com,银卡会员
U-DOUYIN-126226,douyin_1867180,douyin,用户9722,f,38,西安,2026-08-25,19491279167,user8394@example.com,钻石会员
U-DOUYIN-126228,douyin_4434981,douyin,用户5667,m,49,成都,2026-03-19,17489403267,user9315@example.com,金卡会员
U-DOUYIN-126709,douyin_6077695,douyin,用户5465,m,25,重庆,2026-05-23,16473344054,user8585@example.com,金卡会员
U-DOUYIN-126724,douyin_6019583,douyin,用户4564,f,37,重庆,2025-12-22,13760996256,user9299@example.com,银卡会员
U-DOUYIN-126971,douyin_3176633,douyin,用户7934,f,59,西安,2025-03-02,18364843980,user6561@example.com,金卡会员
U-DOUYIN-127060,douyin_7469173,douyin,用户6348,m,57,上海,2025-08-17,17848645270,user1494@example.com,钻石会员
U-DOUYIN-127587,douyin_8153942,douyin,用户6962,m,18,上海,2025-07-09,14621605247,user2429@example.com,金卡会员
U-DOUYIN-127687,douyin_3318064,douyin,用户9551,f,54,成都,2026-06-07,19886696932,user8018@example.com,金卡会员
U-DOUYIN-127819,douyin_2876214,douyin,用户6953,f,53,成都,2026-01-10,16700347748,user5936@example.com,银卡会员
U-DOUYIN-127915,douyin_6327469,douyin,用户2384,f,36,南京,2025-01-07,13620387655,user2655@example.com,金卡会员
U-DOUYIN-128467,douyin_1266505,douyin,用户5254,f,23,北京,2026-09-28,19231654279,user4775@example.com,钻石会员
U-DOUYIN-128644,douyin_1569399,douyin,用户3732,m,21,上海,2026-05-15,16401579598,user2553@example.com,普通会员
U-DOUYIN-128955,douyin_6170187,douyin,用户5524,f,50,西安,2026-11-10,19354530333,user4700@example.com,普通会员
U-DOUYIN-129233,douyin_8654393,douyin,用户7645,f,47,武汉,2026-05-02,17631357702,user5513@example.com,银卡会员
U-DOUYIN-129469,douyin_1064237,douyin,用户7168,f,38,上海,2026-05-04,13693589165,user1262@example.com,普通会员
U-DOUYIN-130195,douyin_8470140,douyin,用户7503,m,20,广州,2026-02-08,15327932499,user9375@example.com,金卡会员
U-DOUYIN-130757,douyin_6276624,douyin,用户4907,f,45,深圳,2025-01-09,16826109397,user6182@example.com,金卡会员
U-DOUYIN-130892,douyin_4066432,douyin,用户3161,f,57,广州,2026-04-20,17881778234,user5386@example.com,银卡会员
U-DOUYIN-131602,douyin_9929625,douyin,用户6283,m,37,上海,2026-09-07,15912236492,user5606@example.com,金卡会员
U-DOUYIN-132525,douyin_2933958,douyin,用户4314,f,48,重庆,2026-09-20,18988747148,user2385@example.com,普通会员
U-DOUYIN-132621,douyin_7595886,douyin,用户9728,f,28,上海,2026-03-12,17617022354,user5673@example.com,金卡会员
U-DOUYIN-133161,douyin_9519827,douyin,用户8498,f,35,武汉,2026-08-28,17599129504,user2274@example.com,银卡会员
U-DOUYIN-133199,douyin_3142809,douyin,用户7052,f,27,重庆,2025-02-22,19255798392,user6655@example.com,银卡会员
U-DOUYIN-133257,douyin_7626035,douyin,用户6778,f,45,重庆,2025-09-16,18807621037,user2569@example.com,金卡会员
U-DOUYIN-133298,douyin_9068014,douyin,用户2398,m,44,广州,2025-11-12,19675638758,user4981@example.com,钻石会员
U-DOUYIN-133522,douyin_5290150,douyin,用户1418,f,50,西安,2026-09-12,15467539469,user6529@example.com,金卡会员
U-DOUYIN-133527,douyin_1434243,douyin,用户3340,f,44,北京,2026-10-18,13493455333,user6471@example.com,普通会员
U-DOUYIN-133911,douyin_9772447,douyin,用户4942,m,46,上海,2025-06-06,19727491498,user5129@example.com,普通会员
U-DOUYIN-134181,douyin_7943538,douyin,用户2434,m,55,杭州,2025-08-27,15851103815,user5057@example.com,银卡会员
U-DOUYIN-135541,douyin_7284303,douyin,用户9026,m,41,广州,2026-09-01,14370832110,user2082@example.com,银卡会员
U-DOUYIN-136575,douyin_3607493,douyin,用户4386,m,38,上海,2026-04-04,14196730283,user7521@example.com,普通会员
U-DOUYIN-136676,douyin_6803005,douyin,用户5812,m,58,深圳,2025-10-05,14313320258,user4895@example.com,金卡会员
U-DOUYIN-136771,douyin_1901927,douyin,用户2420,f,23,重庆,2025-10-02,18228312019,user4782@example.com,金卡会员
U-DOUYIN-136980,douyin_4393244,douyin,用户5457,m,30,广州,2026-08-09,17744710586,user3928@example.com,银卡会员
U-DOUYIN-137843,douyin_8647908,douyin,用户2795,m,51,西安,2025-08-18,13843407445,user4846@example.com,钻石会员
U-DOUYIN-138063,douyin_6683717,douyin,用户1490,m,36,杭州,2026-12-08,13185112025,user6977@example.com,普通会员
U-DOUYIN-138121,douyin_2345696,douyin,用户6486,f,26,重庆,2026-10-01,17443880049,user9554@example.com,普通会员
U-DOUYIN-138976,douyin_6661353,douyin,用户6960,m,25,重庆,2025-10-09,14722032879,user9541@example.com,普通会员
U-DOUYIN-139427,douyin_5993073,douyin,用户3054,m,39,北京,2025-05-07,15356215337,user5758@example.com,银卡会员
U-DOUYIN-139571,douyin_6720085,douyin,用户5255,m,27,杭州,2025-10-26,18364646194,user3395@example.com,钻石会员
U-DOUYIN-139876,douyin_2165143,douyin,用户6507,m,34,上海,2025-08-04,15257942073,user5662@example.com,普通会员
U-DOUYIN-139959,douyin_4357676,douyin,用户2681,f,25,西安,2026-05-10,16552312921,user7814@example.com,金卡会员
U-DOUYIN-140311,douyin_5572344,douyin,用户6942,m,42,西安,2025-12-04,16951200638,user4613@example.com,普通会员
U-DOUYIN-140723,douyin_7152547,douyin,用户5077,m,55,西安,2026-11-27,14869184721,user6900@example.com,钻石会员
U-DOUYIN-140816,douyin_4679255,douyin,用户8834,m,30,广州,2026-08-09,16578040933,user9948@example.com,普通会员
U-DOUYIN-141163,douyin_4536429,douyin,用户6187,m,30,广州,2025-06-12,16589178855,user3770@example.com,金卡会员
U-DOUYIN-141339,douyin_3382600,douyin,用户5224,m,55,上海,2025-03-05,15932519513,user9585@example.com,金卡会员
U-DOUYIN-141591,douyin_2659914,douyin,用户1567,f,22,杭州,2026-03-20,14454508855,user6881@example.com,金卡会员
U-DOUYIN-141893,douyin_5578024,douyin,用户4133,f,34,成都,2026-04-13,19812352053,user8607@example.com,普通会员
U-DOUYIN-142120,douyin_1502372,douyin,用户5451,f,37,杭州,2025-04-19,16845694003,user5986@example.com,普通会员
U-DOUYIN-142218,douyin_1734743,douyin,用户5195,f,37,上海,2025-07-23,17182208840,user8565@example.com,普通会员
U-DOUYIN-142339,douyin_1908128,douyin,用户8346,f,22,杭州,2026-07-28,14762364113,user5603@example.com,普通会员
U-DOUYIN-142384,douyin_2208947,douyin,用户4949,m,54,广州,2026-09-07,13203627203,user3797@example.com,银卡会员
U-DOUYIN-142443,douyin_6953755,douyin,用户3720,m,24,武汉,2025-06-06,13294558144,user8866@example.com,普通会员
U-DOUYIN-142509,douyin_6324996,douyin,用户2070,m,24,南京,2026-01-23,19993264553,user5034@example.com,普通会员
U-DOUYIN-142607,douyin_9704910,douyin,用户1774,f,58,广州,2026-03-01,13189424426,user2257@example.com,金卡会员
U-DOUYIN-143132,douyin_7906462,douyin,用户2480,m,58,上海,2026-05-09,14333398211,user7276@example.com,钻石会员
U-DOUYIN-143619,douyin_7965064,douyin,用户5646,m,49,杭州,2026-10-17,14344817111,user8971@example.com,钻石会员
U-DOUYIN-143836,douyin_6658358,douyin,用户2389,m,21,武汉,2025-10-09,16227745100,user1790@example.com,银卡会员
U-DOUYIN-143965,douyin_6387290,douyin,用户3600,f,41,武汉,2026-04-28,15233147343,user1947@example.com,钻石会员
U-DOUYIN-144370,douyin_3335076,douyin,用户9267,f,47,深圳,2026-09-02,14906231554,user3520@example.com,钻石会员
U-DOUYIN-144393,douyin_6561132,douyin,用户8046,m,41,武汉,2026-05-15,14606070990,user1007@example.com,银卡会员
U-DOUYIN-145430,douyin_2820017,douyin,用户6658,m,29,上海,2025-07-19,17389147026,user8256@example.com,普通会员
U-DOUYIN-145457,douyin_8232311,douyin,用户6683,f,60,杭州,2026-11-14,18915767616,user3418@example.com,普通会员
U-DOUYIN-145980,douyin_3245099,douyin,用户6514,m,29,武汉,2025-07-14,17199265359,user9994@example.com,金卡会员
U-DOUYIN-146331,douyin_1058139,douyin,用户3543,m,27,武汉,2026-08-10,16231743551,user5962@example.com,银卡会员
U-DOUYIN-146600,douyin_8573616,douyin,用户2836,f,25,上海,2026-01-11,17783490827,user3983@example.com,金卡会员
U-DOUYIN-147961,douyin_1402865,douyin,用户6664,f,56,成都,2026-02-13,19618998610,user3904@example.com,钻石会员
U-DOUYIN-148039,douyin_3605864,douyin,用户1667,m,50,武汉,2026-01-01,13610083434,user4949@example.com,普通会员
U-DOUYIN-148726,douyin_1426195,douyin,用户5374,f,34,武汉,2026-01-17,13907041239,user2612@example.com,普通会员
U-DOUYIN-148836,douyin_9000260,douyin,用户8798,f,59,上海,2026-11-13,13598451333,user3832@example.com,金卡会员
U-DOUYIN-148936,douyin_2255164,douyin,用户1850,m,59,西安,2026-10-21,14685252365,user4553@example.com,金卡会员
U-DOUYIN-149020,douyin_6672170,douyin,用户8142,m,23,上海,2025-03-10,15451281263,user2298@example.com,普通会员
U-DOUYIN-149200,douyin_6607426,douyin,用户3873,m,36,西安,2026-06-09,15212962224,user9730@example.com,普通会员
U-DOUYIN-149485,douyin_6828924,douyin,用户8809,m,31,武汉,2025-02-11,18854083504,user1622@example.com,普通会员
U-DOUYIN-149532,douyin_5198803,douyin,用户4575,m,25,重庆,2025-01-23,15772638799,user8659@example.com,钻石会员
U-DOUYIN-149935,douyin_4390662,douyin,用户4745,f,25,西安,2025-06-28,13580622286,user1377@example.com,普通会员
U-DOUYIN-150779,douyin_1006557,douyin,用户5195,f,44,重庆,2026-09-04,16417648789,user4102@example.com,钻石会员
U-DOUYIN-151899,douyin_3876544,douyin,用户6082,m,41,武汉,2026-03-25,15203735557,user2597@example.com,钻石会员
U-DOUYIN-152272,douyin_3373020,douyin,用户8894,f,40,西安,2026-11-22,15190598865,user4255@example.com,钻石会员
U-DOUYIN-152293,douyin_3703264,douyin,用户1650,f,25,西安,2025-12-27,17354086347,user7362@example.com,金卡会员
U-DOUYIN-152952,douyin_3237461,douyin,用户6574,m,33,西安,2026-09-13,17370713300,user2073@example.com,钻石会员
U-DOUYIN-153345,douyin_4198701,douyin,用户5125,m,37,南京,2025-08-19,15481442847,user8984@example.com,金卡会员
U-DOUYIN-153568,douyin_9268790,douyin,用户3790,m,33,北京,2025-04-13,16852985479,user9355@example.com,银卡会员
U-DOUYIN-153898,douyin_5138451,douyin,用户8513,m,57,广州,2026-12-15,13292575649,user2900@example.com,金卡会员
U-DOUYIN-155002,douyin_6177465,douyin,用户7986,f,25,杭州,2026-02-17,16930394943,user8659@example.com,普通会员
U-DOUYIN-155088,douyin_7842691,douyin,用户3804,f,27,上海,2026-01-07,14240319156,user5876@example.com,金卡会员
U-DOUYIN-155230,douyin_3185581,douyin,用户6132,f,60,南京,2025-10-02,14766204728,user3672@example.com,普通会员
U-DOUYIN-155442,douyin_5803242,douyin,用户1644,m,31,上海,2025-01-19,18773801824,user5055@example.com,钻石会员
U-DOUYIN-156648,douyin_6354226,douyin,用户5580,f,58,重庆,2026-06-25,19275377439,user9864@example.com,金卡会员
U-DOUYIN-156858,douyin_8001848,douyin,用户4059,f,41,成都,2026-12-01,19462307741,user9063@example.com,银卡会员
U-DOUYIN-158035,douyin_1231210,douyin,用户2660,f,51,武汉,2026-03-03,14922056603,user4533@example.com,银卡会员
U-DOUYIN-158140,douyin_6219790,douyin,用户1873,f,54,北京,2025-10-07,14186461213,user7757@example.com,普通会员
U-DOUYIN-158565,douyin_2459675,douyin,用户3333,f,25,成都,2025-06-26,13400440078,user4504@example.com,普通会员
U-DOUYIN-159335,douyin_7208076,douyin,用户7964,f,40,南京,2025-11-16,17867679901,user8944@example.com,金卡会员
U-DOUYIN-159795,douyin_6153124,douyin,用户5824,f,58,北京,2026-02-20,18459129111,user3568@example.com,银卡会员
U-DOUYIN-159831,douyin_4599007,douyin,用户4315,m,24,武汉,2026-06-18,15747980502,user8153@example.com,银卡会员
U-DOUYIN-159916,douyin_3907913,douyin,用户3180,m,43,深圳,2025-02-15,17141541961,user8049@example.com,银卡会员
U-DOUYIN-160499,douyin_9675567,douyin,用户5360,f,57,北京,2026-11-28,16694917069,user8012@example.com,银卡会员
U-DOUYIN-160823,douyin_7716160,douyin,用户5643,m,19,南京,2025-09-24,18683858544,user6078@example.com,银卡会员
U-DOUYIN-161337,douyin_5130402,douyin,用户7543,m,40,重庆,2025-05-08,18553030401,user7655@example.com,普通会员
U-DOUYIN-161526,douyin_8504872,douyin,用户5574,f,54,西安,2026-06-04,13366241763,user6647@example.com,金卡会员
U-DOUYIN-161765,douyin_9772561,douyin,用户5314,m,55,杭州,2025-02-27,18594972210,user6834@example.com,金卡会员
U-DOUYIN-161906,douyin_3079330,douyin,用户2205,m,50,杭州,2025-08-13,17288589344,user7816@example.com,钻石会员
U-DOUYIN-162011,douyin_3498355,douyin,用户4096,f,58,重庆,2026-09-04,13896913740,user6179@example.com,普通会员
U-DOUYIN-162138,douyin_5064545,douyin,用户5327,m,21,深圳,2026-01-08,13559618631,user7115@example.com,钻石会员
U-DOUYIN-162153,douyin_2608353,douyin,用户9013,f,57,杭州,2026-08-02,15598171771,user1164@example.com,金卡会员
U-DOUYIN-162354,douyin_5710019,douyin,用户8649,f,36,上海,2026-01-28,17393063166,user6763@example.com,普通会员
U-DOUYIN-162401,douyin_1079471,douyin,用户4124,m,49,武汉,2025-02-11,17492373769,user5320@example.com,银卡会员
U-DOUYIN-162993,douyin_9484160,douyin,用户3759,f,39,重庆,2025-06-13,18110098773,user1769@example.com,钻石会员
U-DOUYIN-163054,douyin_9042305,douyin,用户8233,m,32,北京,2026-09-06,14801343602,user4244@example.com,普通会员
U-DOUYIN-163488,douyin_3147626,douyin,用户3307,f,25,深圳,2025-06-18,18337032726,user9963@example.com,金卡会员
U-DOUYIN-163689,douyin_7728947,douyin,用户5305,f,45,武汉,2025-07-22,14489587511,user9263@example.com,金卡会员
U-DOUYIN-163740,douyin_2020179,douyin,用户3803,f,59,重庆,2025-11-09,14757433620,user5471@example.com,金卡会员
U-DOUYIN-164035,douyin_9356860,douyin,用户2714,m,33,杭州,2025-08-18,19998949450,user7480@example.com,金卡会员
U-DOUYIN-165151,douyin_7053512,douyin,用户3949,f,59,重庆,2026-08-26,18326788268,user2153@example.com,普通会员
U-DOUYIN-165454,douyin_8604168,douyin,用户7912,m,43,西安,2025-02-04,15611970684,user7396@example.com,银卡会员
U-DOUYIN-165883,douyin_3389483,douyin,用户2428,f,30,广州,2026-05-21,18798244199,user9101@example.com,银卡会员
U-DOUYIN-166186,douyin_4644937,douyin,用户4743,m,55,西安,2026-07-05,14216777550,user9704@example.com,钻石会员
U-DOUYIN-166606,douyin_4609631,douyin,用户9178,m,56,西安,2026-11-06,14872175706,user9118@example.com,普通会员
U-DOUYIN-166743,douyin_9833623,douyin,用户3228,f,28,西安,2025-11-14,17446779918,user3269@example.com,普通会员
U-DOUYIN-167008,douyin_5784306,douyin,用户1964,f,33,武汉,2025-09-07,13710251044,user3092@example.com,银卡会员
U-DOUYIN-168474,douyin_7119935,douyin,用户7085,f,59,深圳,2026-07-12,16287478744,user7552@example.com,银卡会员
U-DOUYIN-168555,douyin_3803344,douyin,用户9339,f,59,西安,2026-01-08,16112455894,user5608@example.com,银卡会员
U-DOUYIN-168579,douyin_1867098,douyin,用户3333,f,57,南京,2026-10-10,15444517035,user8821@example.com,普通会员
U-DOUYIN-168793,douyin_4262708,douyin,用户8769,f,52,西安,2025-05-21,18886841640,user8693@example.com,钻石会员
U-DOUYIN-169161,douyin_4708922,douyin,用户1533,f,46,南京,2026-08-25,18835254412,user7331@example.com,普通会员
U-DOUYIN-169469,douyin_5179655,douyin,用户3757,m,33,南京,2026-06-04,16711199179,user6560@example.com,银卡会员
U-DOUYIN-169516,douyin_6481015,douyin,用户9216,m,33,深圳,2025-11-14,19389662210,user2976@example.com,银卡会员
U-DOUYIN-169705,douyin_2717049,douyin,用户9774,m,33,深圳,2025-12-24,19896344029,user7664@example.com,钻石会员
U-DOUYIN-169709,douyin_9104281,douyin,用户5528,m,42,南京,2025-05-21,18432623254,user1298@example.com,金卡会员
U-DOUYIN-170171,douyin_1304382,douyin,用户4530,m,41,深圳,2025-04-17,16483140580,user5799@example.com,银卡会员
U-DOUYIN-170512,douyin_8334005,douyin,用户8751,m,44,杭州,2025-02-24,19291218550,user2538@example.com,金卡会员
U-DOUYIN-170716,douyin_2965396,douyin,用户4627,m,53,上海,2026-08-09,14396076464,user7825@example.com,金卡会员
U-DOUYIN-171578,douyin_6358016,douyin,用户5439,m,57,西安,2025-05-25,13634938163,user8273@example.com,金卡会员
U-DOUYIN-172125,douyin_9522069,douyin,用户1302,m,53,成都,2026-08-01,17942388016,user6541@example.com,金卡会员
U-DOUYIN-172708,douyin_9486644,douyin,用户8289,m,25,上海,2025-04-16,17248166622,user8597@example.com,金卡会员
U-DOUYIN-173149,douyin_5565007,douyin,用户6555,m,41,重庆,2026-07-05,16346168984,user2281@example.com,钻石会员
U-DOUYIN-173202,douyin_2719439,douyin,用户3805,f,31,深圳,2025-02-25,14675005819,user8311@example.com,银卡会员
U-DOUYIN-174066,douyin_1239404,douyin,用户7202,m,58,上海,2025-08-11,18380677998,user4301@example.com,金卡会员
U-DOUYIN-174337,douyin_5794400,douyin,用户4231,m,19,南京,2025-02-22,16551995700,user3904@example.com,金卡会员
U-DOUYIN-174535,douyin_5424201,douyin,用户8382,f,38,广州,2026-04-13,19245271852,user7608@example.com,钻石会员
U-DOUYIN-174729,douyin_4685078,douyin,用户9523,m,35,杭州,2025-08-23,13612876529,user3912@example.com,金卡会员
U-DOUYIN-175269,douyin_4962103,douyin,用户5519,f,31,杭州,2025-09-22,17557890963,user4319@example.com,银卡会员
U-DOUYIN-175322,douyin_1990744,douyin,用户5101,m,36,北京,2026-03-12,15643347616,user6363@example.com,钻石会员
U-DOUYIN-176584,douyin_2280679,douyin,用户9413,m,60,杭州,2025-07-26,14290266818,user4594@example.com,银卡会员
U-DOUYIN-176747,douyin_8933329,douyin,用户8738,f,38,上海,2025-12-26,17968932479,user2701@example.com,钻石会员
U-DOUYIN-176986,douyin_7855628,douyin,用户7082,m,58,成都,2026-01-18,15472314515,user4994@example.com,普通会员
U-DOUYIN-177333,douyin_9334146,douyin,用户3139,f,52,广州,2025-01-08,16829520350,user9749@example.com,银卡会员
U-DOUYIN-178030,douyin_9126214,douyin,用户8295,m,40,杭州,2026-04-17,16854643010,user8794@example.com,普通会员
U-DOUYIN-178183,douyin_3800868,douyin,用户3925,f,24,南京,2025-04-08,16795373485,user9481@example.com,钻石会员
U-DOUYIN-179511,douyin_3165513,douyin,用户7787,f,35,广州,2025-10-19,19816067771,user1982@example.com,银卡会员
U-DOUYIN-179751,douyin_3995856,douyin,用户9012,f,18,成都,2025-04-18,14598957637,user5293@example.com,银卡会员
U-DOUYIN-180355,douyin_5650144,douyin,用户4149,f,54,南京,2025-09-25,18494476063,user8324@example.com,银卡会员
U-DOUYIN-180627,douyin_3537294,douyin,用户7722,m,47,西安,2025-02-17,19508203726,user8736@example.com,金卡会员
U-DOUYIN-180977,douyin_9192029,douyin,用户3242,m,23,成都,2026-04-26,19741031667,user8156@example.com,银卡会员
U-DOUYIN-181782,douyin_7643326,douyin,用户7370,f,23,武汉,2026-06-19,19622376819,user3610@example.com,普通会员
U-DOUYIN-182934,douyin_7474478,douyin,用户2738,m,54,广州,2026-07-03,16768477879,user8100@example.com,银卡会员
U-DOUYIN-183050,douyin_3209219,douyin,用户5868,f,48,成都,2025-01-01,16781348616,user7616@example.com,金卡会员
U-DOUYIN-183356,douyin_6951408,douyin,用户3437,m,39,南京,2025-11-03,17658014338,user5513@example.com,金卡会员
U-DOUYIN-183795,douyin_7821391,douyin,用户2355,f,49,广州,2025-07-17,15557879072,user8960@example.com,金卡会员
U-DOUYIN-184067,douyin_8840454,douyin,用户9585,m,34,深圳,2025-12-14,15888367754,user9160@example.com,普通会员
U-DOUYIN-184345,douyin_8587408,douyin,用户9604,m,38,西安,2025-11-28,18701788449,user5368@example.com,普通会员
U-DOUYIN-184587,douyin_1027765,douyin,用户7416,m,20,北京,2025-08-23,19115635053,user6362@example.com,银卡会员
U-DOUYIN-185311,douyin_1791666,douyin,用户9606,f,56,成都,2025-10-28,18244237054,user6524@example.com,普通会员
U-DOUYIN-185576,douyin_6495417,douyin,用户6867,m,54,南京,2026-11-18,14890618990,user5625@example.com,银卡会员
U-DOUYIN-185613,douyin_9598859,douyin,用户5342,m,29,重庆,2026-11-25,15561927614,user8530@example.com,钻石会员
U-DOUYIN-185933,douyin_4217621,douyin,用户4534,m,46,北京,2026-03-13,15365688620,user3036@example.com,钻石会员
U-DOUYIN-186022,douyin_7675109,douyin,用户9131,f,45,杭州,2025-05-19,16825543542,user3945@example.com,普通会员
U-DOUYIN-186342,douyin_9577627,douyin,用户1147,f,51,杭州,2026-01-18,18102840718,user7398@example.com,银卡会员
U-DOUYIN-186433,douyin_8537441,douyin,用户7894,f,18,武汉,2026-02-06,19983981680,user1102@example.com,金卡会员
U-DOUYIN-186575,douyin_9532897,douyin,用户9595,m,45,南京,2026-05-17,19752736018,user1603@example.com,钻石会员
U-DOUYIN-186973,douyin_7286712,douyin,用户7184,f,42,成都,2025-03-15,16272544929,user4915@example.com,普通会员
U-DOUYIN-187221,douyin_3669366,douyin,用户9286,f,27,武汉,2025-03-22,19601211117,user7958@example.com,金卡会员
U-DOUYIN-188879,douyin_8584626,douyin,用户2680,m,34,北京,2026-12-13,17236864444,user2134@example.com,金卡会员
U-DOUYIN-189213,douyin_5168167,douyin,用户1879,f,37,杭州,2026-01-16,18851679543,user1022@example.com,钻石会员
U-DOUYIN-189522,douyin_5967991,douyin,用户3991,f,40,南京,2026-03-23,19144902205,user7971@example.com,普通会员
U-DOUYIN-189693,douyin_3471633,douyin,用户2033,f,41,杭州,2026-03-25,19766223176,user8296@example.com,钻石会员
U-DOUYIN-189809,douyin_8481076,douyin,用户4990,f,38,广州,2026-02-18,15202013530,user7352@example.com,银卡会员
U-DOUYIN-190018,douyin_9382678,douyin,用户1965,f,19,武汉,2025-04-18,15433323330,user6953@example.com,普通会员
U-DOUYIN-190133,douyin_2748125,douyin,用户9969,m,41,杭州,2026-09-07,15479313807,user4232@example.com,钻石会员
U-DOUYIN-190254,douyin_9407706,douyin,用户7277,f,52,重庆,2025-04-11,17393777585,user4259@example.com,银卡会员
U-DOUYIN-190359,douyin_5207100,douyin,用户2244,f,24,上海,2026-01-10,19392938799,user9976@example.com,金卡会员
U-DOUYIN-190360,douyin_5535311,douyin,用户6763,f,31,重庆,2025-04-13,16766060385,user9280@example.com,银卡会员
U-DOUYIN-191091,douyin_4027096,douyin,用户4980,f,51,南京,2026-08-17,13659812253,user1588@example.com,金卡会员
U-DOUYIN-191224,douyin_9972830,douyin,用户3709,m,49,重庆,2025-11-26,13138134710,user2157@example.com,普通会员
U-DOUYIN-191799,douyin_8327489,douyin,用户8355,f,57,上海,2025-04-05,18663035425,user5499@example.com,普通会员
U-DOUYIN-192409,douyin_9048768,douyin,用户2825,f,39,杭州,2026-03-22,13468353715,user7691@example.com,钻石会员
U-DOUYIN-192979,douyin_8711443,douyin,用户8869,m,55,广州,2025-11-22,15722700274,user7425@example.com,银卡会员
U-DOUYIN-193264,douyin_6626915,douyin,用户4926,f,19,杭州,2026-04-11,18724865156,user8305@example.com,钻石会员
U-DOUYIN-193305,douyin_6673150,douyin,用户5078,f,31,成都,2025-03-03,18603800383,user1705@example.com,普通会员
U-DOUYIN-193356,douyin_9723350,douyin,用户2204,m,32,重庆,2026-08-01,19423368554,user2275@example.com,银卡会员
U-DOUYIN-193745,douyin_2592759,douyin,用户8593,m,36,重庆,2026-10-23,19430078693,user8137@example.com,钻石会员
U-DOUYIN-193834,douyin_6813576,douyin,用户9628,m,50,上海,2025-02-09,16762921080,user9798@example.com,普通会员
U-DOUYIN-194852,douyin_4683861,douyin,用户7844,f,52,北京,2025-11-18,15809593962,user4187@example.com,银卡会员
U-DOUYIN-195217,douyin_1897413,douyin,用户9196,m,60,南京,2026-05-11,13211562358,user7932@example.com,钻石会员
U-DOUYIN-195492,douyin_7597657,douyin,用户1848,f,38,武汉,2025-07-21,19524776786,user2437@example.com,银卡会员
U-DOUYIN-195864,douyin_9131610,douyin,用户4683,f,29,成都,2026-12-04,14392765518,user1516@example.com,金卡会员
U-DOUYIN-196088,douyin_3879852,douyin,用户1607,f,26,深圳,2025-10-08,17988533620,user6098@example.com,金卡会员
U-DOUYIN-196413,douyin_1491608,douyin,用户7327,f,19,广州,2026-04-10,15178662764,user8311@example.com,银卡会员
U-DOUYIN-196432,douyin_9132038,douyin,用户3704,f,23,西安,2026-02-10,18630664901,user9327@example.com,钻石会员
U-DOUYIN-196878,douyin_7068842,douyin,用户4938,m,50,杭州,2026-04-08,13862225284,user1269@example.com,普通会员
U-DOUYIN-197008,douyin_7927172,douyin,用户4978,f,30,上海,2026-10-17,14177761206,user6412@example.com,银卡会员
U-DOUYIN-197077,douyin_8938766,douyin,用户3151,f,32,武汉,2026-09-08,18478488795,user6080@example.com,金卡会员
U-DOUYIN-197249,douyin_1449629,douyin,用户5659,f,20,北京,2025-09-24,18408327749,user7167@example.com,钻石会员
U-DOUYIN-197509,douyin_1920749,douyin,用户4857,f,50,深圳,2026-02-14,16503270305,user1690@example.com,银卡会员
U-DOUYIN-197530,douyin_5283102,douyin,用户1920,m,60,杭州,2026-04-03,13133185216,user9165@example.com,银卡会员
U-DOUYIN-197808,douyin_7255110,douyin,用户8646,m,38,广州,2026-08-17,19387716424,user2210@example.com,银卡会员
U-DOUYIN-197883,douyin_5660479,douyin,用户8343,f,42,重庆,2026-10-09,16634705025,user4783@example.com,普通会员
U-DOUYIN-200316,douyin_8168510,douyin,用户4624,f,50,南京,2025-10-14,13296229590,user3730@example.com,金卡会员
U-DOUYIN-200471,douyin_9388148,douyin,用户7831,m,27,上海,2025-07-16,18224490449,user9184@example.com,普通会员
U-DOUYIN-200490,douyin_5783504,douyin,用户9855,m,48,武汉,2026-09-10,14632433302,user3128@example.com,金卡会员
U-DOUYIN-200684,douyin_9843448,douyin,用户2311,m,51,成都,2025-08-11,18525328951,user4314@example.com,银卡会员
U-DOUYIN-200883,douyin_3144163,douyin,用户5482,m,26,广州,2025-06-24,19898677678,user9988@example.com,金卡会员
U-DOUYIN-201107,douyin_5077088,douyin,用户3288,f,43,广州,2025-01-26,19129464845,user6227@example.com,普通会员
U-DOUYIN-201257,douyin_8118829,douyin,用户2021,m,41,上海,2026-12-11,16423717403,user5263@example.com,普通会员
U-DOUYIN-201608,douyin_9981697,douyin,用户7644,f,37,北京,2026-01-20,15388698982,user8227@example.com,钻石会员
U-DOUYIN-202218,douyin_7761062,douyin,用户9281,m,34,深圳,2026-06-07,14429616996,user5645@example.com,银卡会员
U-DOUYIN-203149,douyin_8307601,douyin,用户2455,m,41,武汉,2026-03-10,17240878305,user5654@example.com,普通会员
U-DOUYIN-203306,douyin_2373981,douyin,用户2234,f,55,西安,2026-04-04,17693697892,user9340@example.com,普通会员
U-DOUYIN-203424,douyin_2975073,douyin,用户7232,m,43,深圳,2025-06-26,16560903617,user3735@example.com,普通会员
U-DOUYIN-203636,douyin_1234012,douyin,用户2856,f,47,南京,2026-11-19,18936747581,user2623@example.com,金卡会员
U-DOUYIN-203718,douyin_8773153,douyin,用户9855,m,29,上海,2026-09-28,17623784614,user6167@example.com,银卡会员
U-DOUYIN-204067,douyin_6340582,douyin,用户3718,m,44,南京,2026-12-08,14175725981,user5234@example.com,钻石会员
U-DOUYIN-204193,douyin_1219411,douyin,用户6340,f,40,武汉,2025-05-04,17722682110,user6743@example.com,普通会员
U-DOUYIN-204313,douyin_2398829,douyin,用户6770,m,59,成都,2026-07-13,14985639323,user4009@example.com,金卡会员
U-DOUYIN-204984,douyin_2060852,douyin,用户1315,f,42,杭州,2025-11-11,13175237519,user6387@example.com,银卡会员
U-DOUYIN-205096,douyin_4259403,douyin,用户7184,f,56,深圳,2026-07-06,14752993918,user2251@example.com,普通会员
U-DOUYIN-205252,douyin_8600068,douyin,用户2455,f,31,上海,2026-02-06,19696059256,user7974@example.com,普通会员
U-DOUYIN-205316,douyin_6780101,douyin,用户8282,f,19,西安,2026-04-16,16377171284,user5717@example.com,钻石会员
U-DOUYIN-205537,douyin_3156801,douyin,用户9511,f,24,杭州,2025-11-25,17895328429,user5220@example.com,银卡会员
U-DOUYIN-206263,douyin_9078091,douyin,用户2218,f,54,上海,2026-03-14,14838742794,user7749@example.com,普通会员
U-DOUYIN-206275,douyin_5529622,douyin,用户1396,m,56,西安,2025-12-08,16522060126,user4236@example.com,银卡会员
U-DOUYIN-206356,douyin_9516268,douyin,用户5317,f,48,南京,2025-12-19,19536989149,user8866@example.com,银卡会员
U-DOUYIN-206388,douyin_4637277,douyin,用户3935,m,44,上海,2026-10-23,13154390293,user9746@example.com,金卡会员
U-DOUYIN-206441,douyin_8101647,douyin,用户6845,f,53,重庆,2025-01-25,16131343451,user6939@example.com,钻石会员
U-DOUYIN-206499,douyin_4402474,douyin,用户4319,m,23,武汉,2025-04-21,14743948874,user9558@example.com,普通会员
U-DOUYIN-206504,douyin_9465301,douyin,用户8003,f,39,重庆,2025-10-08,13710898320,user8393@example.com,银卡会员
U-DOUYIN-206617,douyin_1956469,douyin,用户6540,f,52,上海,2026-05-28,19579102686,user1625@example.com,普通会员
U-DOUYIN-207431,douyin_2094502,douyin,用户2173,m,60,广州,2025-03-11,16584754303,user9898@example.com,普通会员
U-DOUYIN-207700,douyin_2018970,douyin,用户3114,m,18,成都,2025-03-14,19261978662,user2989@example.com,普通会员
U-DOUYIN-208427,douyin_6478832,douyin,用户3975,f,36,上海,2026-10-22,13369849115,user3914@example.com,钻石会员
U-DOUYIN-208744,douyin_3926975,douyin,用户5069,f,25,南京,2026-03-09,18779008245,user6318@example.com,钻石会员
U-DOUYIN-208773,douyin_8793818,douyin,用户4627,f,52,北京,2026-03-08,14414020862,user1931@example.com,金卡会员
U-DOUYIN-209330,douyin_7041536,douyin,用户2391,m,49,成都,2025-09-28,14176652293,user1220@example.com,金卡会员
U-DOUYIN-209466,douyin_5544898,douyin,用户7893,m,40,广州,2025-04-18,18318588461,user6946@example.com,银卡会员
U-DOUYIN-209540,douyin_6054591,douyin,用户3392,m,25,上海,2025-02-23,19861953840,user2894@example.com,普通会员
U-DOUYIN-209545,douyin_8697573,douyin,用户8511,f,35,成都,2026-03-18,13561535193,user4312@example.com,银卡会员
U-DOUYIN-209682,douyin_9711569,douyin,用户7674,m,30,上海,2025-06-21,13816351552,user2137@example.com,钻石会员
U-DOUYIN-209770,douyin_8120166,douyin,用户5939,m,51,杭州,2026-10-07,14320567466,user2785@example.com,普通会员
U-DOUYIN-209882,douyin_2623052,douyin,用户5354,f,38,广州,2026-03-28,13355515198,user2978@example.com,普通会员
U-DOUYIN-209994,douyin_1493684,douyin,用户6500,m,41,北京,2025-08-25,17661013046,user2358@example.com,银卡会员
U-DOUYIN-210618,douyin_7220727,douyin,用户6119,m,39,西安,2025-07-15,18653933855,user5729@example.com,钻石会员
U-DOUYIN-210704,douyin_9994089,douyin,用户7316,m,49,北京,2025-02-27,17380394089,user1336@example.com,金卡会员
U-DOUYIN-210789,douyin_1401965,douyin,用户6419,f,57,重庆,2025-04-21,17796348377,user1692@example.com,普通会员
U-DOUYIN-210920,douyin_1759398,douyin,用户8467,m,29,南京,2025-04-15,16912391303,user9245@example.com,金卡会员
U-DOUYIN-211224,douyin_5756902,douyin,用户8906,m,48,成都,2026-08-20,17265920485,user2708@example.com,金卡会员
U-DOUYIN-211260,douyin_5539966,douyin,用户4470,f,53,成都,2026-05-01,13991429899,user5591@example.com,钻石会员
U-DOUYIN-211766,douyin_5432988,douyin,用户8959,f,22,重庆,2026-01-12,13723420384,user7257@example.com,钻石会员
U-DOUYIN-212126,douyin_3456252,douyin,用户3213,m,40,北京,2026-09-02,19164257530,user6795@example.com,银卡会员
U-DOUYIN-212206,douyin_8699813,douyin,用户4899,f,35,杭州,2026-08-02,13724344762,user6760@example.com,金卡会员
U-DOUYIN-212331,douyin_3224429,douyin,用户2234,f,20,上海,2026-01-10,17624090515,user6223@example.com,普通会员
U-DOUYIN-212526,douyin_3429956,douyin,用户7424,m,28,成都,2025-04-03,15658760355,user6069@example.com,银卡会员
U-DOUYIN-212601,douyin_9572376,douyin,用户5194,f,45,杭州,2025-01-02,15596251098,user3998@example.com,普通会员
U-DOUYIN-212880,douyin_7558949,douyin,用户7672,m,56,北京,2026-03-06,16992290225,user4141@example.com,钻石会员
U-DOUYIN-213595,douyin_7754582,douyin,用户1642,m,53,上海,2026-06-16,13447887839,user8529@example.com,金卡会员
U-DOUYIN-213824,douyin_2412320,douyin,用户6372,m,46,上海,2026-03-03,18918782314,user5819@example.com,钻石会员
U-DOUYIN-214004,douyin_4626355,douyin,用户4648,f,33,深圳,2026-05-17,14508752777,user2835@example.com,金卡会员
U-DOUYIN-214029,douyin_2551553,douyin,用户9687,f,39,深圳,2025-09-17,17625350008,user4294@example.com,金卡会员
U-DOUYIN-214783,douyin_9550217,douyin,用户9076,f,59,广州,2025-08-04,15530063262,user9953@example.com,钻石会员
U-DOUYIN-214826,douyin_3667668,douyin,用户3198,f,34,广州,2026-05-07,18396302897,user5640@example.com,普通会员
U-DOUYIN-214840,douyin_2693399,douyin,用户4019,m,36,西安,2025-10-19,17220817057,user1450@example.com,普通会员
U-DOUYIN-215017,douyin_4573099,douyin,用户2456,m,59,深圳,2025-04-04,13312441424,user6126@example.com,金卡会员
U-DOUYIN-215161,douyin_2143758,douyin,用户3706,f,19,深圳,2026-04-28,15865812537,user5589@example.com,普通会员
U-DOUYIN-215675,douyin_7677319,douyin,用户7015,m,57,南京,2026-11-03,19514901643,user3077@example.com,钻石会员
U-DOUYIN-216288,douyin_3471375,douyin,用户6639,m,31,武汉,2025-08-06,15336435659,user9946@example.com,钻石会员
U-DOUYIN-217042,douyin_3462735,douyin,用户2121,f,27,南京,2026-12-09,18962477587,user5728@example.com,钻石会员
U-DOUYIN-217096,douyin_3422962,douyin,用户4377,f,50,成都,2026-05-20,15856049678,user1876@example.com,银卡会员
U-DOUYIN-217889,douyin_9316771,douyin,用户4007,f,21,杭州,2026-06-11,15564936342,user5820@example.com,钻石会员
U-DOUYIN-217900,douyin_3995060,douyin,用户5303,m,33,武汉,2026-09-26,15854372409,user8108@example.com,金卡会员
U-DOUYIN-217934,douyin_3501627,douyin,用户4588,m,27,南京,2025-11-08,18202678675,user2519@example.com,钻石会员
U-DOUYIN-218056,douyin_4771389,douyin,用户2492,m,50,西安,2025-02-07,13401351191,user1878@example.com,钻石会员
U-DOUYIN-218184,douyin_8768256,douyin,用户6165,m,27,深圳,2025-02-12,16944843404,user7641@example.com,普通会员
U-DOUYIN-218295,douyin_9664029,douyin,用户1634,f,57,北京,2026-11-18,19231514850,user8416@example.com,普通会员
U-DOUYIN-218415,douyin_5093683,douyin,用户4939,f,26,上海,2026-10-24,14238430782,user5490@example.com,钻石会员
U-DOUYIN-219222,douyin_9224044,douyin,用户3204,m,44,广州,2025-03-13,15785536558,user2244@example.com,钻石会员
U-DOUYIN-219734,douyin_9795303,douyin,用户1290,m,59,西安,2025-12-07,17773962516,user2507@example.com,钻石会员
U-DOUYIN-220050,douyin_4509410,douyin,用户7992,m,28,广州,2026-04-07,15546340244,user2573@example.com,银卡会员
U-DOUYIN-220345,douyin_3446977,douyin,用户9966,f,35,北京,2026-04-21,19196702437,user4420@example.com,银卡会员
U-DOUYIN-220440,douyin_5963572,douyin,用户9535,m,34,西安,2025-03-20,13146560947,user7533@example.com,金卡会员
U-DOUYIN-220991,douyin_9786205,douyin,用户5869,m,28,西安,2025-09-03,13881579335,user9813@example.com,银卡会员
U-DOUYIN-222434,douyin_5210991,douyin,用户5712,f,47,武汉,2025-07-03,16366791199,user5442@example.com,钻石会员
U-DOUYIN-223151,douyin_5098082,douyin,用户7445,f,41,西安,2025-08-24,19207373477,user3265@example.com,钻石会员
U-DOUYIN-223259,douyin_1629293,douyin,用户3088,m,22,南京,2026-09-03,16270090102,user4372@example.com,普通会员
U-DOUYIN-223440,douyin_5761159,douyin,用户7885,f,38,武汉,2026-09-14,16289869910,user9083@example.com,普通会员
U-DOUYIN-223699,douyin_2404069,douyin,用户4092,f,39,成都,2026-10-21,13957310982,user8769@example.com,金卡会员
U-DOUYIN-223965,douyin_3396555,douyin,用户3659,m,53,西安,2025-10-21,13883426560,user9221@example.com,金卡会员
U-DOUYIN-224849,douyin_9892410,douyin,用户5975,m,23,上海,2025-04-04,16865131019,user9075@example.com,普通会员
U-DOUYIN-225060,douyin_3474693,douyin,用户4372,m,56,成都,2025-12-06,15133446338,user5863@example.com,普通会员
U-DOUYIN-225848,douyin_5415269,douyin,用户2959,f,56,成都,2026-02-05,15322298160,user4488@example.com,普通会员
U-DOUYIN-226060,douyin_2207209,douyin,用户6684,f,53,武汉,2025-03-22,19919750481,user2648@example.com,钻石会员
U-DOUYIN-226109,douyin_8453838,douyin,用户3736,f,37,杭州,2026-10-25,15336145555,user4693@example.com,普通会员
U-DOUYIN-226300,douyin_3446044,douyin,用户5534,m,44,北京,2025-02-14,19874576877,user7919@example.com,普通会员
U-DOUYIN-226908,douyin_9057802,douyin,用户5084,m,23,西安,2025-12-09,18769927848,user5742@example.com,银卡会员
U-DOUYIN-226930,douyin_5791247,douyin,用户6871,m,51,北京,2026-01-07,16756164577,user3328@example.com,金卡会员
U-DOUYIN-226960,douyin_4242246,douyin,用户8876,f,37,重庆,2025-10-28,13596722590,user9358@example.com,金卡会员
U-DOUYIN-226990,douyin_9390694,douyin,用户9618,m,36,重庆,2025-04-20,17487242597,user5417@example.com,银卡会员
U-DOUYIN-227018,douyin_3433461,douyin,用户3044,m,46,北京,2025-10-18,13354913247,user9060@example.com,金卡会员
U-DOUYIN-227187,douyin_3968249,douyin,用户1690,m,27,北京,2025-10-15,13680354509,user1658@example.com,金卡会员
U-DOUYIN-227458,douyin_6525846,douyin,用户5646,f,53,北京,2025-01-22,17653041394,user6537@example.com,银卡会员
U-DOUYIN-227479,douyin_8360827,douyin,用户6924,m,57,成都,2025-02-22,13825436573,user3192@example.com,普通会员
U-DOUYIN-228019,douyin_4076956,douyin,用户3837,m,60,成都,2025-10-16,16425002253,user1625@example.com,银卡会员
U-DOUYIN-228334,douyin_6845166,douyin,用户1281,m,24,成都,2025-09-19,18577678018,user4852@example.com,普通会员
U-DOUYIN-228691,douyin_9027675,douyin,用户6218,f,18,上海,2026-12-06,17434966126,user8419@example.com,普通会员
U-DOUYIN-228695,douyin_6951026,douyin,用户8759,f,29,武汉,2026-10-03,14853157728,user2604@example.com,银卡会员
U-DOUYIN-228742,douyin_7733530,douyin,用户1026,f,33,杭州,2026-04-04,15622357610,user6231@example.com,银卡会员
U-DOUYIN-229361,douyin_6782303,douyin,用户3390,m,45,北京,2025-06-14,16812968700,user1782@example.com,银卡会员
U-DOUYIN-230055,douyin_6703516,douyin,用户6637,m,34,杭州,2025-11-18,19421297302,user3465@example.com,金卡会员
U-DOUYIN-230572,douyin_7323320,douyin,用户1832,m,53,北京,2025-07-19,18322905435,user3503@example.com,银卡会员
U-DOUYIN-230739,douyin_8066957,douyin,用户6997,m,24,北京,2025-02-08,17572336058,user9908@example.com,银卡会员
U-DOUYIN-231183,douyin_4402739,douyin,用户4805,f,41,西安,2026-07-18,13160635442,user5187@example.com,普通会员
U-DOUYIN-231430,douyin_4451548,douyin,用户3037,f,31,成都,2025-01-19,14995334938,user8089@example.com,钻石会员
U-DOUYIN-231995,douyin_4260909,douyin,用户1994,m,57,重庆,2025-09-07,18876985492,user9375@example.com,钻石会员
U-DOUYIN-232495,douyin_9670569,douyin,用户1742,f,48,广州,2025-02-10,16560177862,user7785@example.com,金卡会员
U-DOUYIN-232745,douyin_4149662,douyin,用户1723,f,39,上海,2025-08-20,13867253971,user9097@example.com,钻石会员
U-DOUYIN-233045,douyin_7061741,douyin,用户7640,m,31,广州,2025-12-06,13300065778,user3024@example.com,银卡会员
U-DOUYIN-233498,douyin_1290700,douyin,用户9609,f,47,北京,2025-01-01,18465187897,user8942@example.com,银卡会员
U-DOUYIN-233787,douyin_7025241,douyin,用户6731,f,33,南京,2025-09-05,16857014080,user2404@example.com,钻石会员
U-DOUYIN-234731,douyin_1923088,douyin,用户2904,m,44,杭州,2026-10-12,13274700933,user4390@example.com,普通会员
U-DOUYIN-235428,douyin_2029914,douyin,用户9762,m,28,西安,2026-03-26,16821004768,user8285@example.com,金卡会员
U-DOUYIN-235663,douyin_5463922,douyin,用户2809,f,33,杭州,2025-10-13,19143031912,user4035@example.com,银卡会员
U-DOUYIN-236377,douyin_2259691,douyin,用户2820,f,60,武汉,2026-02-03,15447282270,user3174@example.com,银卡会员
U-DOUYIN-236691,douyin_3439172,douyin,用户7100,m,35,广州,2025-11-07,13788992526,user1423@example.com,钻石会员
U-DOUYIN-236883,douyin_3719354,douyin,用户1980,f,56,南京,2026-11-09,17681541241,user8350@example.com,银卡会员
U-DOUYIN-237227,douyin_5776454,douyin,用户4594,m,57,上海,2025-03-16,14120765533,user1443@example.com,金卡会员
U-DOUYIN-237771,douyin_9829240,douyin,用户7529,m,35,深圳,2026-08-14,18335017601,user4246@example.com,钻石会员
U-DOUYIN-237894,douyin_8186569,douyin,用户8954,m,40,杭州,2026-09-25,18204871590,user5257@example.com,金卡会员
U-DOUYIN-238170,douyin_4428827,douyin,用户4868,m,55,武汉,2026-12-12,14597948612,user2897@example.com,银卡会员
U-DOUYIN-238234,douyin_2057479,douyin,用户9681,f,51,深圳,2025-01-23,18724698714,user2845@example.com,钻石会员
U-DOUYIN-238559,douyin_6308331,douyin,用户4174,m,21,南京,2025-05-04,16373654608,user2780@example.com,钻石会员
U-DOUYIN-238681,douyin_2434651,douyin,用户6272,f,51,武汉,2025-09-10,16359719028,user5800@example.com,金卡会员
U-DOUYIN-238716,douyin_7105126,douyin,用户2942,f,26,杭州,2025-06-20,15427157880,user7973@example.com,钻石会员
U-DOUYIN-238960,douyin_3014660,douyin,用户6615,f,20,成都,2025-07-02,13314576003,user2030@example.com,普通会员
U-DOUYIN-239287,douyin_6670080,douyin,用户7787,f,57,成都,2026-12-17,16433141668,user9179@example.com,金卡会员
U-DOUYIN-239369,douyin_8472547,douyin,用户6986,f,21,广州,2026-05-07,18402627493,user1706@example.com,普通会员
U-DOUYIN-240322,douyin_5144241,douyin,用户3979,f,33,广州,2026-10-03,13803186493,user5609@example.com,金卡会员
U-DOUYIN-242408,douyin_6379031,douyin,用户7917,m,19,重庆,2026-08-11,16818849951,user2603@example.com,银卡会员
U-DOUYIN-242494,douyin_8788398,douyin,用户7417,m,60,深圳,2026-04-10,17160071084,user9958@example.com,普通会员
U-DOUYIN-244038,douyin_6949977,douyin,用户3556,m,31,南京,2025-11-16,14417062513,user2533@example.com,钻石会员
U-DOUYIN-244388,douyin_9091553,douyin,用户8973,m,53,武汉,2025-12-21,15293946497,user5215@example.com,普通会员
U-DOUYIN-245031,douyin_7275445,douyin,用户6385,f,46,深圳,2025-04-17,13136090388,user3315@example.com,钻石会员
U-DOUYIN-245206,douyin_4670619,douyin,用户9169,f,55,成都,2025-09-14,14494144718,user6230@example.com,银卡会员
U-DOUYIN-245427,douyin_5966415,douyin,用户9974,f,44,深圳,2025-12-13,15742865988,user8845@example.com,银卡会员
U-DOUYIN-245762,douyin_3601179,douyin,用户1570,m,50,深圳,2025-07-07,19892400359,user5769@example.com,银卡会员
U-DOUYIN-246074,douyin_6173579,douyin,用户1146,m,20,上海,2026-12-05,15917927647,user6992@example.com,金卡会员
U-DOUYIN-246792,douyin_7134723,douyin,用户8288,f,44,北京,2026-06-27,18488333874,user1845@example.com,普通会员
U-DOUYIN-246888,douyin_4607591,douyin,用户4548,f,36,北京,2025-05-08,17716647112,user7955@example.com,普通会员
U-DOUYIN-247371,douyin_9104140,douyin,用户2066,f,42,北京,2025-10-22,15500620843,user3870@example.com,银卡会员
U-DOUYIN-247446,douyin_3005634,douyin,用户6813,m,55,北京,2026-03-11,16734078353,user1949@example.com,普通会员
U-DOUYIN-247616,douyin_3492252,douyin,用户1675,f,19,南京,2026-03-22,16843142590,user8659@example.com,银卡会员
U-DOUYIN-247728,douyin_8323586,douyin,用户2695,f,20,重庆,2026-09-24,14311191523,user8188@example.com,钻石会员
U-DOUYIN-247783,douyin_6706079,douyin,用户8340,m,27,上海,2026-07-26,14987590263,user1582@example.com,钻石会员
U-DOUYIN-248161,douyin_5447065,douyin,用户9354,m,59,重庆,2025-12-25,16930051796,user6050@example.com,银卡会员
U-DOUYIN-248420,douyin_1754365,douyin,用户2936,f,55,北京,2025-10-12,18640210961,user4034@example.com,钻石会员
U-DOUYIN-248660,douyin_5731363,douyin,用户3051,f,38,武汉,2026-08-25,18141824586,user2650@example.com,银卡会员
U-DOUYIN-248677,douyin_7719182,douyin,用户1211,m,58,上海,2025-11-24,17560426447,user7759@example.com,普通会员
U-DOUYIN-249069,douyin_7666703,douyin,用户3025,m,35,杭州,2026-03-18,17821227518,user2685@example.com,钻石会员
U-DOUYIN-249186,douyin_6204636,douyin,用户3712,m,45,西安,2025-09-18,17897454897,user6653@example.com,银卡会员
U-DOUYIN-249478,douyin_9167067,douyin,用户3327,m,20,北京,2026-08-24,18301118016,user3138@example.com,普通会员
U-DOUYIN-249576,douyin_3989130,douyin,用户9592,m,58,杭州,2026-01-16,16264569392,user8609@example.com,银卡会员
U-DOUYIN-249941,douyin_2557244,douyin,用户3636,f,31,广州,2026-06-17,15502704021,user5979@example.com,金卡会员
U-DOUYIN-250027,douyin_4375534,douyin,用户8007,m,58,上海,2026-07-02,19895632965,user4066@example.com,普通会员
U-DOUYIN-250092,douyin_5731188,douyin,用户3319,f,44,南京,2025-11-17,19187698360,user6484@example.com,银卡会员
U-DOUYIN-251101,douyin_2475278,douyin,用户5248,f,50,广州,2026-05-06,14534851468,user4059@example.com,钻石会员
U-DOUYIN-251799,douyin_8053406,douyin,用户9737,m,53,成都,2025-04-23,13366065553,user6781@example.com,钻石会员
U-DOUYIN-252085,douyin_6353625,douyin,用户4586,m,28,重庆,2026-07-26,17903955146,user7338@example.com,普通会员
U-DOUYIN-252113,douyin_4687396,douyin,用户3360,m,32,武汉,2026-07-26,19413636576,user3612@example.com,银卡会员
U-DOUYIN-252188,douyin_1428571,douyin,用户3404,m,44,成都,2025-11-16,15866654912,user4334@example.com,银卡会员
U-DOUYIN-252274,douyin_7400380,douyin,用户7957,m,48,南京,2026-11-11,15233039780,user5982@example.com,普通会员
U-DOUYIN-252359,douyin_3026018,douyin,用户9220,f,18,杭州,2025-10-27,15577196421,user7570@example.com,钻石会员
U-DOUYIN-252494,douyin_5872653,douyin,用户2803,m,57,南京,2026-12-01,19505843554,user6403@example.com,银卡会员
U-DOUYIN-252888,douyin_6919578,douyin,用户1851,f,43,杭州,2025-01-08,16312910726,user5265@example.com,银卡会员
U-DOUYIN-253311,douyin_5937911,douyin,用户8730,m,43,成都,2025-09-19,16962396261,user7829@example.com,银卡会员
U-DOUYIN-253852,douyin_8802921,douyin,用户2065,m,50,成都,2025-09-08,17574718139,user1765@example.com,钻石会员
U-DOUYIN-254298,douyin_1328229,douyin,用户6391,f,55,深圳,2025-07-22,17415844624,user1536@example.com,金卡会员
U-DOUYIN-254487,douyin_9940609,douyin,用户4125,f,28,广州,2026-01-14,16952982283,user9264@example.com,银卡会员
U-DOUYIN-255169,douyin_1803171,douyin,用户7299,m,18,武汉,2025-12-26,15922144442,user3348@example.com,金卡会员
U-DOUYIN-255365,douyin_2956629,douyin,用户9138,m,29,北京,2026-08-13,15564184606,user1254@example.com,钻石会员
U-DOUYIN-255495,douyin_9431388,douyin,用户1112,m,56,杭州,2026-04-06,19665261586,user4116@example.com,钻石会员
U-DOUYIN-255972,douyin_6928360,douyin,用户6865,f,20,北京,2026-12-24,19953832584,user5548@example.com,金卡会员
U-DOUYIN-256233,douyin_1663793,douyin,用户7042,m,40,南京,2026-05-13,18720414755,user6872@example.com,钻石会员
U-DOUYIN-256501,douyin_9064806,douyin,用户2857,f,18,杭州,2026-09-23,16467780539,user8658@example.com,金卡会员
U-DOUYIN-256840,douyin_7596908,douyin,用户4975,f,53,西安,2025-09-04,14501663028,user6874@example.com,金卡会员
U-DOUYIN-257165,douyin_8216427,douyin,用户9992,m,60,广州,2026-06-19,19629604385,user7519@example.com,钻石会员
U-DOUYIN-257492,douyin_4949155,douyin,用户8205,m,46,重庆,2025-11-28,18193819476,user1103@example.com,钻石会员
U-DOUYIN-257805,douyin_6314903,douyin,用户5865,f,33,成都,2026-12-24,14140599486,user9692@example.com,银卡会员
U-DOUYIN-258393,douyin_3477060,douyin,用户4365,f,52,上海,2026-09-14,14148434073,user9756@example.com,金卡会员
U-DOUYIN-258397,douyin_4255545,douyin,用户5218,f,40,上海,2026-04-27,15881908114,user7596@example.com,普通会员
U-DOUYIN-258572,douyin_9333817,douyin,用户5627,m,41,杭州,2025-12-05,17650288414,user4156@example.com,普通会员
U-DOUYIN-258810,douyin_2203233,douyin,用户9358,f,23,西安,2025-10-25,16437562645,user6254@example.com,钻石会员
U-DOUYIN-259246,douyin_5259109,douyin,用户9969,m,60,上海,2026-04-16,15699697390,user8399@example.com,银卡会员
U-DOUYIN-259288,douyin_5732857,douyin,用户1382,m,41,上海,2026-12-16,18460581523,user6587@example.com,钻石会员
U-DOUYIN-259367,douyin_2487913,douyin,用户6018,m,31,杭州,2025-01-14,17373151473,user2385@example.com,钻石会员
U-DOUYIN-260313,douyin_1164620,douyin,用户6887,f,55,成都,2026-04-09,16459655588,user8067@example.com,普通会员
U-DOUYIN-260833,douyin_8048471,douyin,用户8085,f,43,成都,2026-08-10,15842563529,user5974@example.com,钻石会员
U-DOUYIN-261794,douyin_3455856,douyin,用户2693,m,40,重庆,2026-05-26,19467506255,user4176@example.com,银卡会员
U-DOUYIN-261959,douyin_5945928,douyin,用户3592,f,49,武汉,2026-04-22,15439441004,user8078@example.com,银卡会员
U-DOUYIN-262113,douyin_3755309,douyin,用户6843,m,37,上海,2026-10-11,14368828163,user1324@example.com,金卡会员
U-DOUYIN-262472,douyin_5413179,douyin,用户3119,m,53,深圳,2026-04-25,14187695899,user9845@example.com,金卡会员
U-DOUYIN-262553,douyin_9099588,douyin,用户2820,m,57,广州,2026-11-18,14844778086,user7726@example.com,金卡会员
U-DOUYIN-262966,douyin_9764261,douyin,用户5602,m,50,重庆,2026-04-25,19231166300,user4071@example.com,银卡会员
U-DOUYIN-263279,douyin_6427738,douyin,用户3332,f,44,杭州,2026-09-09,16982584914,user1641@example.com,普通会员
U-DOUYIN-263420,douyin_1763341,douyin,用户9811,m,58,北京,2026-08-22,14114415593,user9235@example.com,银卡会员
U-DOUYIN-263508,douyin_4372880,douyin,用户2880,m,28,北京,2025-03-07,18368338468,user9283@example.com,银卡会员
U-DOUYIN-264189,douyin_3976834,douyin,用户1777,m,57,成都,2025-04-12,16188116308,user2717@example.com,银卡会员
U-DOUYIN-265201,douyin_4994141,douyin,用户8971,f,50,杭州,2025-09-05,15284782015,user6864@example.com,金卡会员
U-DOUYIN-265287,douyin_8992872,douyin,用户8534,f,58,上海,2026-11-09,19413569278,user1445@example.com,钻石会员
U-DOUYIN-265444,douyin_2761093,douyin,用户3178,f,32,成都,2026-01-07,16730253247,user5672@example.com,银卡会员
U-DOUYIN-265495,douyin_1580991,douyin,用户1925,m,50,南京,2025-01-09,17172588932,user1056@example.com,银卡会员
U-DOUYIN-266045,douyin_3429440,douyin,用户2592,f,36,成都,2026-08-07,18693039757,user7669@example.com,金卡会员
U-DOUYIN-266047,douyin_8368808,douyin,用户3531,f,45,上海,2026-08-21,17673197528,user6550@example.com,金卡会员
U-DOUYIN-266066,douyin_8216297,douyin,用户4134,m,55,北京,2025-08-15,16717544488,user7758@example.com,普通会员
U-DOUYIN-266344,douyin_1372857,douyin,用户3396,f,49,杭州,2026-12-06,16193806994,user5551@example.com,银卡会员
U-DOUYIN-268910,douyin_2909974,douyin,用户8877,m,42,深圳,2025-07-09,13429224599,user8580@example.com,普通会员
U-DOUYIN-268986,douyin_2785320,douyin,用户8641,f,55,武汉,2026-10-21,19368749678,user9599@example.com,普通会员
U-DOUYIN-269023,douyin_2112323,douyin,用户3822,m,31,深圳,2025-03-26,17630539720,user3206@example.com,钻石会员
U-DOUYIN-269627,douyin_1114512,douyin,用户3185,m,56,南京,2026-04-13,14800116690,user3653@example.com,普通会员
U-DOUYIN-269737,douyin_4584052,douyin,用户1117,f,25,武汉,2025-01-07,18686978804,user8221@example.com,普通会员
U-DOUYIN-270879,douyin_9324485,douyin,用户9108,f,58,北京,2025-06-13,15490206148,user2897@example.com,普通会员
U-DOUYIN-270947,douyin_8060282,douyin,用户2403,m,48,武汉,2025-10-15,18255499437,user3687@example.com,钻石会员
U-DOUYIN-271624,douyin_1209213,douyin,用户3879,f,41,上海,2026-06-07,19785053501,user2752@example.com,银卡会员
U-DOUYIN-271846,douyin_6048266,douyin,用户9490,m,44,重庆,2025-03-19,18438418616,user7648@example.com,银卡会员
U-DOUYIN-272368,douyin_7391505,douyin,用户1380,m,58,杭州,2025-08-18,17903106976,user8599@example.com,金卡会员
U-DOUYIN-272551,douyin_6894817,douyin,用户9232,f,27,西安,2026-11-08,19689871983,user4128@example.com,银卡会员
U-DOUYIN-272772,douyin_6760193,douyin,用户2014,f,50,杭州,2026-10-19,15397911985,user5691@example.com,普通会员
U-DOUYIN-272864,douyin_4505474,douyin,用户7126,f,36,武汉,2026-10-17,19420890341,user2855@example.com,普通会员
U-DOUYIN-273106,douyin_9518587,douyin,用户2243,f,29,西安,2025-02-21,18336574981,user5270@example.com,银卡会员
U-DOUYIN-273347,douyin_2123135,douyin,用户1581,f,59,北京,2026-01-04,18942415103,user9713@example.com,银卡会员
U-DOUYIN-273618,douyin_9646986,douyin,用户3147,m,30,杭州,2025-08-17,17173124277,user1550@example.com,银卡会员
U-DOUYIN-274134,douyin_9131790,douyin,用户4688,f,56,北京,2025-11-19,15663871231,user7653@example.com,普通会员
U-DOUYIN-274303,douyin_7157991,douyin,用户7809,m,29,深圳,2025-08-18,18843239923,user5029@example.com,普通会员
U-DOUYIN-274476,douyin_7442747,douyin,用户8158,m,23,西安,2026-08-22,19694374457,user2851@example.com,钻石会员
U-DOUYIN-275389,douyin_4668924,douyin,用户9557,f,21,南京,2025-02-05,18591040270,user4361@example.com,普通会员
U-DOUYIN-275712,douyin_1708679,douyin,用户9894,m,39,成都,2026-07-18,16724415459,user1039@example.com,金卡会员
U-DOUYIN-275919,douyin_1030479,douyin,用户7755,f,44,重庆,2026-01-12,15600499212,user4585@example.com,钻石会员
U-DOUYIN-276483,douyin_7378583,douyin,用户5460,m,29,北京,2026-12-25,15406945027,user6598@example.com,金卡会员
U-DOUYIN-276593,douyin_7904149,douyin,用户5470,m,37,北京,2025-04-18,13110504931,user8467@example.com,钻石会员
U-DOUYIN-277015,douyin_4089410,douyin,用户9536,m,47,杭州,2025-11-24,18566775273,user4544@example.com,银卡会员
U-DOUYIN-277204,douyin_7232337,douyin,用户8744,m,35,杭州,2025-11-15,13923998019,user7313@example.com,银卡会员
U-DOUYIN-277847,douyin_4843856,douyin,用户1552,f,39,南京,2026-06-22,16993788380,user2489@example.com,金卡会员
U-DOUYIN-278129,douyin_9096725,douyin,用户5867,f,18,杭州,2025-04-28,15858335187,user6100@example.com,钻石会员
U-DOUYIN-278288,douyin_7893234,douyin,用户8607,f,18,上海,2026-09-04,18933443658,user4312@example.com,普通会员
U-DOUYIN-278471,douyin_5929368,douyin,用户8473,m,22,北京,2025-06-22,13481625910,user4964@example.com,钻石会员
U-DOUYIN-278606,douyin_9317369,douyin,用户1870,m,23,深圳,2026-10-15,17907590303,user8229@example.com,银卡会员
U-DOUYIN-278837,douyin_3548560,douyin,用户9386,f,40,成都,2026-05-01,18394072288,user9137@example.com,金卡会员
U-DOUYIN-278895,douyin_5958659,douyin,用户8555,f,27,杭州,2026-03-11,14122319009,user7491@example.com,银卡会员
U-DOUYIN-279463,douyin_8717771,douyin,用户7172,f,22,南京,2026-12-12,16710766835,user1320@example.com,银卡会员
U-DOUYIN-280000,douyin_5291672,douyin,用户1755,f,43,深圳,2026-11-06,17257532559,user2322@example.com,普通会员
U-DOUYIN-280282,douyin_9153508,douyin,用户4208,f,22,广州,2025-03-07,15477863253,user4799@example.com,金卡会员
U-DOUYIN-280385,douyin_1089311,douyin,用户3275,m,59,重庆,2026-03-17,16244874545,user9439@example.com,金卡会员
U-DOUYIN-280612,douyin_7681568,douyin,用户7161,m,31,成都,2026-03-11,13429583292,user7542@example.com,银卡会员
U-DOUYIN-281042,douyin_7114697,douyin,用户6909,f,27,重庆,2026-10-11,14883177707,user5882@example.com,银卡会员
U-DOUYIN-281053,douyin_7104202,douyin,用户1132,m,49,成都,2026-04-26,14733435205,user8497@example.com,银卡会员
U-DOUYIN-281663,douyin_8472912,douyin,用户6494,m,43,深圳,2025-03-23,19785874640,user2601@example.com,金卡会员
U-DOUYIN-281744,douyin_4932033,douyin,用户3708,m,53,重庆,2026-04-18,14927981354,user1484@example.com,普通会员
U-DOUYIN-282460,douyin_2596715,douyin,用户6840,m,53,上海,2026-01-04,14945478905,user7570@example.com,银卡会员
U-DOUYIN-282539,douyin_9766199,douyin,用户2645,f,33,广州,2026-05-15,16773394396,user5238@example.com,银卡会员
U-DOUYIN-282892,douyin_8579719,douyin,用户5275,f,56,上海,2026-04-06,18791574594,user4686@example.com,银卡会员
U-DOUYIN-283009,douyin_5689890,douyin,用户9423,f,19,杭州,2026-09-13,18182458285,user1877@example.com,普通会员
U-DOUYIN-283169,douyin_8505119,douyin,用户7686,m,57,北京,2025-10-07,16808429118,user6216@example.com,普通会员
U-DOUYIN-283275,douyin_1247582,douyin,用户6989,m,44,上海,2026-10-14,19170451127,user7919@example.com,普通会员
U-DOUYIN-284263,douyin_3095905,douyin,用户2381,m,55,广州,2025-12-28,14622938256,user6704@example.com,钻石会员
U-DOUYIN-284328,douyin_8113029,douyin,用户4282,f,44,上海,2025-09-03,17155229996,user1853@example.com,普通会员
U-DOUYIN-284459,douyin_3308426,douyin,用户3603,m,29,南京,2025-06-14,17743691300,user8890@example.com,金卡会员
U-DOUYIN-285440,douyin_3661449,douyin,用户1163,m,36,南京,2025-05-24,13623042774,user5569@example.com,银卡会员
U-DOUYIN-285598,douyin_7760159,douyin,用户5759,f,33,西安,2025-09-04,16599353262,user4239@example.com,普通会员
U-DOUYIN-286417,douyin_2619105,douyin,用户3864,f,36,武汉,2026-12-02,18416413575,user5051@example.com,普通会员
U-DOUYIN-286840,douyin_2159264,douyin,用户7146,f,47,北京,2025-11-10,15391612800,user1212@example.com,银卡会员
U-DOUYIN-287143,douyin_1140436,douyin,用户6010,f,42,西安,2025-11-19,15800063795,user2887@example.com,金卡会员
U-DOUYIN-288619,douyin_4428434,douyin,用户9435,f,22,西安,2026-01-14,17113838005,user8949@example.com,银卡会员
U-DOUYIN-288685,douyin_7067089,douyin,用户3663,m,59,广州,2026-05-17,18272099875,user7367@example.com,金卡会员
U-DOUYIN-289011,douyin_9415740,douyin,用户2719,f,52,西安,2026-09-12,17639018190,user9019@example.com,普通会员
U-DOUYIN-289861,douyin_1643847,douyin,用户3618,f,50,成都,2026-12-07,13855086307,user2979@example.com,金卡会员
U-DOUYIN-290491,douyin_1891413,douyin,用户7106,f,56,重庆,2026-03-02,15768618733,user5445@example.com,钻石会员
U-DOUYIN-290607,douyin_4314968,douyin,用户9214,f,42,深圳,2025-10-12,15444350328,user4870@example.com,银卡会员
U-DOUYIN-291234,douyin_9335244,douyin,用户1588,m,36,南京,2026-02-01,18677633701,user9006@example.com,金卡会员
U-DOUYIN-291270,douyin_8100980,douyin,用户2969,m,60,杭州,2025-07-20,16333207925,user7998@example.com,钻石会员
U-DOUYIN-292375,douyin_9501093,douyin,用户3376,f,25,武汉,2026-06-28,17983515604,user1946@example.com,普通会员
U-DOUYIN-292460,douyin_2554451,douyin,用户4181,f,30,武汉,2026-06-11,16263285976,user8731@example.com,钻石会员
U-DOUYIN-292510,douyin_2285640,douyin,用户3810,m,59,南京,2026-06-22,16329035525,user7712@example.com,金卡会员
U-DOUYIN-293112,douyin_6149234,douyin,用户4844,m,54,西安,2026-06-04,18675014873,user5076@example.com,普通会员
U-DOUYIN-293329,douyin_4117761,douyin,用户2675,f,18,广州,2025-11-14,16122182008,user8879@example.com,银卡会员
U-DOUYIN-293724,douyin_8237797,douyin,用户4765,m,48,重庆,2025-05-18,16422985920,user6924@example.com,钻石会员
U-DOUYIN-294063,douyin_5586498,douyin,用户4438,m,36,杭州,2025-12-02,15575861643,user8954@example.com,钻石会员
U-DOUYIN-294576,douyin_3654852,douyin,用户6390,f,37,重庆,2026-03-23,13694363726,user9083@example.com,金卡会员
U-DOUYIN-294651,douyin_3383800,douyin,用户7165,f,29,北京,2026-03-16,18311379670,user8915@example.com,金卡会员
U-DOUYIN-294934,douyin_5747332,douyin,用户6142,f,59,西安,2026-08-24,13460156832,user5906@example.com,银卡会员
U-DOUYIN-295021,douyin_8365125,douyin,用户6033,m,40,杭州,2025-08-27,17605389267,user7772@example.com,银卡会员
U-DOUYIN-295293,douyin_8275942,douyin,用户6489,m,48,武汉,2026-10-16,16153064788,user4887@example.com,普通会员
U-DOUYIN-295904,douyin_6015324,douyin,用户6073,f,30,重庆,2025-10-21,17667829981,user4125@example.com,银卡会员
U-DOUYIN-295957,douyin_6210084,douyin,用户9569,m,47,西安,2025-08-28,13243052784,user1990@example.com,银卡会员
U-DOUYIN-296046,douyin_3287375,douyin,用户9483,m,30,成都,2025-06-08,14116069133,user2079@example.com,金卡会员
U-DOUYIN-297151,douyin_6229277,douyin,用户4268,m,33,南京,2025-06-09,13710054902,user6299@example.com,钻石会员
U-DOUYIN-297918,douyin_4132918,douyin,用户4774,m,45,上海,2026-01-28,18739183202,user6771@example.com,钻石会员
U-DOUYIN-297934,douyin_3141680,douyin,用户9532,m,46,北京,2026-10-17,14572006527,user6701@example.com,钻石会员
U-DOUYIN-298159,douyin_6187255,douyin,用户4807,f,33,重庆,2026-04-19,13542342735,user1668@example.com,银卡会员
U-DOUYIN-298659,douyin_9914015,douyin,用户7974,f,60,重庆,2025-07-09,13447657473,user4079@example.com,金卡会员
U-DOUYIN-298707,douyin_7515062,douyin,用户4055,m,59,成都,2026-02-17,15431701010,user9075@example.com,金卡会员
U-DOUYIN-299207,douyin_7276545,douyin,用户2328,f,54,成都,2026-06-11,13790735299,user6691@example.com,钻石会员
U-DOUYIN-299469,douyin_7474325,douyin,用户6168,f,58,北京,2025-09-24,16666815511,user9988@example.com,普通会员
U-DOUYIN-299474,douyin_8520246,douyin,用户1863,f,49,杭州,2025-07-15,19799847463,user4558@example.com,银卡会员
U-DOUYIN-300013,douyin_2741688,douyin,用户5880,m,26,广州,2025-12-21,16624857074,user1940@example.com,钻石会员
U-DOUYIN-300096,douyin_2508504,douyin,用户7618,m,30,南京,2025-12-27,13747127501,user3259@example.com,普通会员
U-DOUYIN-300354,douyin_5648375,douyin,用户8264,m,26,武汉,2026-07-04,16381816597,user5602@example.com,钻石会员
U-DOUYIN-300453,douyin_9908606,douyin,用户5609,f,21,武汉,2026-10-25,14880105719,user3198@example.com,钻石会员
U-DOUYIN-300684,douyin_8051927,douyin,用户6956,f,41,广州,2025-01-10,14587491819,user8561@example.com,银卡会员
U-DOUYIN-301470,douyin_4832023,douyin,用户8848,f,28,西安,2025-12-08,15692227015,user6150@example.com,钻石会员
U-DOUYIN-301782,douyin_6765291,douyin,用户3846,m,51,南京,2026-07-26,14442080386,user5892@example.com,普通会员
U-DOUYIN-301856,douyin_2751454,douyin,用户6727,f,58,重庆,2025-01-27,15828306679,user7784@example.com,钻石会员
U-DOUYIN-302459,douyin_2641864,douyin,用户1500,f,48,武汉,2025-07-17,18655462875,user7235@example.com,银卡会员
U-DOUYIN-302510,douyin_1346485,douyin,用户6321,m,19,武汉,2026-01-07,13503142799,user2609@example.com,银卡会员
U-DOUYIN-302894,douyin_2585851,douyin,用户5815,f,41,上海,2025-09-12,16295502924,user9073@example.com,普通会员
U-DOUYIN-303219,douyin_3758898,douyin,用户3873,m,53,上海,2026-02-10,13212212940,user9385@example.com,金卡会员
U-DOUYIN-304610,douyin_8347672,douyin,用户5305,f,49,武汉,2025-10-26,16678497013,user7352@example.com,普通会员
U-DOUYIN-304826,douyin_8526095,douyin,用户4954,f,45,成都,2025-11-05,14159060575,user2630@example.com,钻石会员
U-DOUYIN-305428,douyin_6621761,douyin,用户6450,f,41,广州,2026-11-25,19971465071,user2954@example.com,普通会员
U-DOUYIN-305563,douyin_6936536,douyin,用户4266,f,39,广州,2026-07-16,17900005426,user2093@example.com,金卡会员
U-DOUYIN-305754,douyin_3978097,douyin,用户2933,f,50,深圳,2025-12-28,16111299499,user7572@example.com,钻石会员
U-DOUYIN-305980,douyin_3775417,douyin,用户5641,f,23,杭州,2025-06-28,16959323106,user3147@example.com,金卡会员
U-DOUYIN-306291,douyin_6221451,douyin,用户1590,m,43,成都,2025-05-23,17460532602,user2264@example.com,金卡会员
U-DOUYIN-306711,douyin_7724851,douyin,用户3883,m,45,武汉,2026-05-26,18520754497,user6345@example.com,普通会员
U-DOUYIN-306742,douyin_5033875,douyin,用户6108,m,58,杭州,2025-07-07,19583083197,user8207@example.com,普通会员
U-DOUYIN-307177,douyin_8665896,douyin,用户3339,f,53,杭州,2026-05-11,13763473868,user9584@example.com,银卡会员
U-DOUYIN-307297,douyin_4984828,douyin,用户8931,f,44,南京,2025-07-24,15198120595,user2062@example.com,银卡会员
U-DOUYIN-307557,douyin_1188011,douyin,用户7603,f,25,上海,2026-10-07,15870701158,user9152@example.com,钻石会员
U-DOUYIN-308931,douyin_5602191,douyin,用户8514,f,37,武汉,2025-03-05,15256577946,user8813@example.com,钻石会员
U-DOUYIN-309334,douyin_5191253,douyin,用户3674,f,42,重庆,2026-03-21,19698171598,user3458@example.com,金卡会员
U-DOUYIN-309477,douyin_2838512,douyin,用户8889,m,48,上海,2025-02-05,15299492789,user6613@example.com,银卡会员
U-DOUYIN-309567,douyin_7533494,douyin,用户7807,m,54,北京,2026-09-11,18502935878,user5656@example.com,钻石会员
U-DOUYIN-309722,douyin_6783466,douyin,用户9624,m,31,杭州,2026-08-21,13480744873,user5956@example.com,银卡会员
U-DOUYIN-309837,douyin_9512591,douyin,用户3408,m,46,上海,2025-11-07,15156141352,user1746@example.com,钻石会员
U-DOUYIN-309842,douyin_1752560,douyin,用户5677,m,28,成都,2025-05-22,13657902658,user5527@example.com,金卡会员
U-DOUYIN-310291,douyin_4529318,douyin,用户2379,m,49,南京,2025-02-13,15364703179,user1859@example.com,银卡会员
U-DOUYIN-312741,douyin_9119992,douyin,用户8345,f,44,成都,2025-10-28,19349460161,user5646@example.com,普通会员
U-DOUYIN-313269,douyin_4203576,douyin,用户8892,f,29,北京,2026-12-07,13597153596,user5942@example.com,银卡会员
U-DOUYIN-313275,douyin_1309299,douyin,用户3428,m,23,上海,2025-07-04,15365154640,user2357@example.com,钻石会员
U-DOUYIN-314234,douyin_4588595,douyin,用户1276,f,41,杭州,2026-08-28,16608665396,user1865@example.com,银卡会员
U-DOUYIN-314410,douyin_1214158,douyin,用户5025,m,42,西安,2025-01-02,13435086785,user4052@example.com,普通会员
U-DOUYIN-314444,douyin_6886631,douyin,用户8970,m,38,成都,2026-01-07,14529711723,user4594@example.com,金卡会员
U-DOUYIN-314651,douyin_2668208,douyin,用户1007,m,31,西安,2026-08-19,19597671482,user6579@example.com,金卡会员
U-DOUYIN-314866,douyin_7202627,douyin,用户6942,f,49,深圳,2026-09-25,15336298438,user7152@example.com,普通会员
U-DOUYIN-315425,douyin_4391551,douyin,用户6397,f,36,深圳,2026-09-21,14392899568,user4448@example.com,钻石会员
U-DOUYIN-315607,douyin_7164057,douyin,用户9187,f,48,南京,2025-10-28,15396362337,user8472@example.com,金卡会员
U-DOUYIN-315730,douyin_6293270,douyin,用户1375,m,31,武汉,2026-11-15,18732589593,user7531@example.com,金卡会员
U-DOUYIN-315740,douyin_5950986,douyin,用户1593,f,47,南京,2026-08-02,15275697436,user5918@example.com,钻石会员
U-DOUYIN-316259,douyin_7858326,douyin,用户7221,f,58,南京,2025-05-09,18283688651,user2934@example.com,银卡会员
U-DOUYIN-316687,douyin_2639374,douyin,用户2223,m,39,重庆,2025-12-26,17977518494,user6825@example.com,钻石会员
U-DOUYIN-316903,douyin_4667952,douyin,用户8699,m,56,成都,2025-07-09,18587117324,user5367@example.com,银卡会员
U-DOUYIN-317225,douyin_8283566,douyin,用户8139,f,32,南京,2026-03-01,15328822932,user2744@example.com,钻石会员
U-DOUYIN-317342,douyin_9161809,douyin,用户5445,m,43,南京,2025-05-28,16664679095,user3293@example.com,普通会员
U-DOUYIN-317656,douyin_5416577,douyin,用户1650,m,18,西安,2026-10-23,14175898366,user3646@example.com,普通会员
U-DOUYIN-317720,douyin_7934112,douyin,用户4081,f,40,上海,2025-03-04,15439584008,user4563@example.com,金卡会员
U-DOUYIN-318069,douyin_6059118,douyin,用户2255,m,38,成都,2026-09-23,15554020402,user2784@example.com,金卡会员
U-DOUYIN-318316,douyin_5524854,douyin,用户3375,f,46,上海,2025-02-20,18973245584,user6139@example.com,金卡会员
U-DOUYIN-319220,douyin_6668050,douyin,用户8345,f,60,南京,2025-07-17,15374238292,user3894@example.com,银卡会员
U-DOUYIN-319277,douyin_3511545,douyin,用户8200,f,33,上海,2026-08-05,19566636723,user7811@example.com,金卡会员
U-DOUYIN-320337,douyin_4032863,douyin,用户4721,f,56,杭州,2025-05-22,16697748441,user3660@example.com,钻石会员
U-DOUYIN-320834,douyin_5026610,douyin,用户7031,f,19,杭州,2026-11-04,15435280088,user9470@example.com,金卡会员
U-DOUYIN-321727,douyin_4630179,douyin,用户3415,m,31,上海,2025-04-24,17614892404,user3514@example.com,钻石会员
U-DOUYIN-322039,douyin_9640435,douyin,用户3482,f,21,广州,2026-01-24,18273305504,user6324@example.com,银卡会员
U-DOUYIN-322436,douyin_2604223,douyin,用户7313,m,47,上海,2025-06-13,18218261008,user1197@example.com,钻石会员
U-DOUYIN-322443,douyin_1480445,douyin,用户2388,m,46,广州,2025-07-20,19819574327,user3854@example.com,银卡会员
U-DOUYIN-322639,douyin_4493966,douyin,用户1146,f,54,杭州,2026-11-24,19809980430,user8589@example.com,银卡会员
U-DOUYIN-322654,douyin_5428298,douyin,用户5199,f,20,武汉,2026-10-26,16527122604,user3263@example.com,普通会员
U-DOUYIN-322898,douyin_4482076,douyin,用户3339,f,19,成都,2025-02-09,14732203245,user8972@example.com,普通会员
U-DOUYIN-322954,douyin_2361226,douyin,用户9623,m,52,西安,2025-05-16,18768747640,user6450@example.com,普通会员
U-DOUYIN-323029,douyin_9540961,douyin,用户9527,m,57,西安,2025-10-28,16719104252,user8189@example.com,银卡会员
U-DOUYIN-323050,douyin_7880925,douyin,用户3598,m,54,北京,2026-04-19,19220221742,user4483@example.com,普通会员
U-DOUYIN-323390,douyin_2604240,douyin,用户2936,m,25,上海,2026-06-23,13737206434,user9598@example.com,金卡会员
U-DOUYIN-324138,douyin_1337147,douyin,用户2541,m,22,武汉,2026-11-27,19845981130,user3666@example.com,普通会员
U-DOUYIN-324557,douyin_4111454,douyin,用户2394,m,28,上海,2026-10-28,19703869535,user3849@example.com,银卡会员
U-DOUYIN-324885,douyin_3897564,douyin,用户6324,m,54,北京,2026-01-10,16501237501,user5383@example.com,金卡会员
U-DOUYIN-325508,douyin_8799376,douyin,用户8946,m,34,上海,2026-07-22,16224964649,user4663@example.com,普通会员
U-DOUYIN-325664,douyin_4037174,douyin,用户5629,m,49,西安,2026-04-09,17432517156,user9901@example.com,金卡会员
U-DOUYIN-326064,douyin_7820432,douyin,用户5174,m,50,西安,2025-04-21,19563635520,user8257@example.com,金卡会员
U-DOUYIN-326920,douyin_4173342,douyin,用户3989,f,29,武汉,2025-06-06,17926207662,user4571@example.com,普通会员
U-DOUYIN-327025,douyin_4741753,douyin,用户9727,m,29,北京,2026-03-18,13376232088,user3966@example.com,银卡会员
U-DOUYIN-327850,douyin_3884763,douyin,用户7352,f,23,成都,2025-04-20,16141358149,user7006@example.com,金卡会员
U-DOUYIN-327971,douyin_6800946,douyin,用户1874,f,60,深圳,2025-10-05,15267814386,user6387@example.com,金卡会员
U-DOUYIN-328258,douyin_8259428,douyin,用户5557,m,46,西安,2025-01-21,17340668426,user7230@example.com,钻石会员
U-DOUYIN-328329,douyin_9563293,douyin,用户3955,m,42,成都,2026-01-19,18583809755,user1851@example.com,金卡会员
U-DOUYIN-328827,douyin_9119314,douyin,用户5899,m,25,西安,2026-09-25,13533621492,user2168@example.com,银卡会员
U-DOUYIN-329441,douyin_1270289,douyin,用户8193,m,54,深圳,2025-11-24,18385944802,user5136@example.com,普通会员
U-DOUYIN-330232,douyin_7666483,douyin,用户4498,m,27,成都,2025-05-15,15223190323,user1925@example.com,金卡会员
U-DOUYIN-330927,douyin_9379938,douyin,用户1335,f,24,西安,2025-11-06,18944262858,user1090@example.com,普通会员
U-DOUYIN-331094,douyin_8597760,douyin,用户3000,f,34,重庆,2026-03-19,16339116200,user4978@example.com,普通会员
U-DOUYIN-331175,douyin_6064756,douyin,用户4175,m,37,重庆,2025-12-24,14514737184,user6234@example.com,银卡会员
U-DOUYIN-331389,douyin_3030182,douyin,用户6897,f,42,上海,2025-03-28,14739392761,user3842@example.com,普通会员
U-DOUYIN-331930,douyin_5640655,douyin,用户8169,f,32,深圳,2025-04-15,17482139542,user9661@example.com,钻石会员
U-DOUYIN-333137,douyin_7215799,douyin,用户4990,f,29,南京,2026-07-13,18268717889,user1407@example.com,钻石会员
U-DOUYIN-333215,douyin_6077854,douyin,用户8513,m,51,北京,2025-09-05,18675870469,user4740@example.com,钻石会员
U-DOUYIN-333381,douyin_5941374,douyin,用户7332,f,56,武汉,2026-04-01,13867945877,user4654@example.com,银卡会员
U-DOUYIN-333916,douyin_6931280,douyin,用户2053,f,54,深圳,2025-11-07,14677630308,user5699@example.com,普通会员
U-DOUYIN-334268,douyin_9621837,douyin,用户1193,f,33,北京,2025-04-10,18459415151,user4282@example.com,银卡会员
U-DOUYIN-334461,douyin_4621103,douyin,用户5959,m,20,重庆,2026-03-01,19575674611,user2728@example.com,金卡会员
U-DOUYIN-334569,douyin_4082072,douyin,用户3576,m,22,武汉,2025-09-15,15614228176,user3633@example.com,钻石会员
U-DOUYIN-334706,douyin_9428932,douyin,用户2089,f,45,深圳,2025-08-11,14697950553,user5439@example.com,金卡会员
U-DOUYIN-335462,douyin_6551926,douyin,用户6522,f,48,成都,2025-02-03,13482378252,user8320@example.com,钻石会员
U-DOUYIN-336475,douyin_9899238,douyin,用户8981,m,33,成都,2026-09-01,15157139419,user7229@example.com,普通会员
U-DOUYIN-336503,douyin_8662455,douyin,用户1767,f,27,深圳,2026-09-03,15767230511,user3560@example.com,银卡会员
U-DOUYIN-337307,douyin_6500493,douyin,用户4933,f,51,武汉,2025-11-16,14686455083,user3167@example.com,银卡会员
U-DOUYIN-337685,douyin_2860301,douyin,用户6560,f,26,深圳,2025-12-03,13272165455,user2629@example.com,金卡会员
U-DOUYIN-337971,douyin_9470318,douyin,用户6958,f,59,上海,2026-07-23,19875493984,user1827@example.com,银卡会员
U-DOUYIN-338303,douyin_8043656,douyin,用户3711,m,22,杭州,2025-10-12,19712686864,user8031@example.com,银卡会员
U-DOUYIN-338505,douyin_9175022,douyin,用户8894,f,31,成都,2026-10-18,19756809825,user1253@example.com,银卡会员
U-DOUYIN-340744,douyin_5108628,douyin,用户2565,m,50,杭州,2025-05-20,13520084941,user7332@example.com,普通会员
U-DOUYIN-340922,douyin_7504993,douyin,用户1474,f,49,重庆,2026-09-08,13939759661,user9752@example.com,钻石会员
U-DOUYIN-341119,douyin_8797768,douyin,用户3277,m,56,上海,2026-04-13,17780647928,user2265@example.com,银卡会员
U-DOUYIN-341367,douyin_4093353,douyin,用户2158,m,25,武汉,2026-08-02,13166235293,user3740@example.com,银卡会员
U-DOUYIN-341414,douyin_1266676,douyin,用户1678,f,45,北京,2026-09-24,17416753786,user6568@example.com,钻石会员
U-DOUYIN-342029,douyin_8081003,douyin,用户3916,m,27,成都,2025-09-13,18854913178,user6212@example.com,金卡会员
U-DOUYIN-342088,douyin_5220902,douyin,用户1318,f,21,广州,2025-02-04,13508496896,user8098@example.com,金卡会员
U-DOUYIN-342227,douyin_2885884,douyin,用户7392,m,60,北京,2025-03-23,17989580668,user5049@example.com,金卡会员
U-DOUYIN-342471,douyin_1640954,douyin,用户6814,m,45,成都,2025-02-21,16397751265,user7280@example.com,金卡会员
U-DOUYIN-342731,douyin_5540792,douyin,用户8401,m,19,西安,2025-08-24,18486168796,user4794@example.com,钻石会员
U-DOUYIN-342810,douyin_5683637,douyin,用户9565,f,42,西安,2026-07-14,14293313579,user6495@example.com,普通会员
U-DOUYIN-343024,douyin_3959740,douyin,用户8613,f,25,杭州,2025-01-25,17621212306,user6913@example.com,金卡会员
U-DOUYIN-343170,douyin_1963525,douyin,用户6846,m,18,重庆,2025-10-11,16788971419,user7160@example.com,金卡会员
U-DOUYIN-343300,douyin_9137680,douyin,用户6544,f,39,广州,2025-06-17,14841201308,user5091@example.com,银卡会员
U-DOUYIN-343366,douyin_5049779,douyin,用户1080,f,58,杭州,2025-09-06,19487497810,user2435@example.com,普通会员
U-DOUYIN-343501,douyin_2846733,douyin,用户3781,m,40,成都,2026-02-23,19924183162,user3902@example.com,钻石会员
U-DOUYIN-343598,douyin_1250333,douyin,用户5991,m,32,成都,2026-02-23,15631641164,user3804@example.com,钻石会员
U-DOUYIN-344476,douyin_5208841,douyin,用户7322,f,45,重庆,2026-10-12,14990832678,user2555@example.com,普通会员
U-DOUYIN-345036,douyin_2192008,douyin,用户4883,f,49,深圳,2025-07-23,16933282318,user7464@example.com,银卡会员
U-DOUYIN-346244,douyin_7395376,douyin,用户7241,m,54,上海,2026-05-06,16701964550,user3109@example.com,钻石会员
U-DOUYIN-346603,douyin_2577265,douyin,用户6284,m,36,成都,2026-04-09,18417964015,user6308@example.com,钻石会员
U-DOUYIN-347188,douyin_4807804,douyin,用户4079,m,37,成都,2026-07-08,17678012548,user4239@example.com,钻石会员
U-DOUYIN-347307,douyin_4407432,douyin,用户8505,f,43,广州,2025-08-09,14738650098,user1936@example.com,普通会员
U-DOUYIN-347434,douyin_2868849,douyin,用户4821,m,60,南京,2025-04-01,18806626779,user2521@example.com,普通会员
U-DOUYIN-347619,douyin_2936801,douyin,用户6558,m,58,深圳,2026-11-10,13455435534,user1500@example.com,金卡会员
U-DOUYIN-348245,douyin_3302583,douyin,用户6884,m,19,广州,2025-03-27,14796988497,user3303@example.com,银卡会员
U-DOUYIN-348341,douyin_9891682,douyin,用户6897,f,42,北京,2026-04-09,13835188664,user2484@example.com,银卡会员
U-DOUYIN-348938,douyin_2054209,douyin,用户1218,m,30,北京,2025-07-16,13253812084,user2726@example.com,普通会员
U-DOUYIN-349004,douyin_6778334,douyin,用户1415,m,37,成都,2025-04-27,13115918341,user8930@example.com,金卡会员
U-DOUYIN-349375,douyin_5577305,douyin,用户7490,f,32,杭州,2025-11-10,15881441721,user8780@example.com,钻石会员
U-DOUYIN-349440,douyin_6584233,douyin,用户5318,f,45,广州,2026-12-09,16777129342,user7205@example.com,银卡会员
U-DOUYIN-349548,douyin_8455347,douyin,用户8044,f,24,广州,2025-05-22,16517044562,user7401@example.com,钻石会员
U-DOUYIN-350183,douyin_1270778,douyin,用户1264,m,59,广州,2026-11-14,16523229326,user3320@example.com,普通会员
U-DOUYIN-350316,douyin_8816001,douyin,用户9615,m,28,北京,2026-05-08,15139090561,user1639@example.com,普通会员
U-DOUYIN-350518,douyin_6567268,douyin,用户3519,f,39,广州,2026-03-09,14805659301,user3554@example.com,钻石会员
U-DOUYIN-351029,douyin_2321877,douyin,用户4227,m,33,北京,2025-10-08,13997238945,user2316@example.com,金卡会员
U-DOUYIN-351335,douyin_6323708,douyin,用户5904,f,46,成都,2026-06-15,14491261650,user9492@example.com,钻石会员
U-DOUYIN-351512,douyin_9781074,douyin,用户6967,f,55,北京,2025-12-15,17822855765,user2053@example.com,银卡会员
U-DOUYIN-351938,douyin_8495186,douyin,用户2285,f,45,杭州,2025-06-05,18523343240,user8751@example.com,金卡会员
U-DOUYIN-352478,douyin_5562583,douyin,用户1855,f,34,广州,2026-07-03,17722422628,user3861@example.com,银卡会员
U-DOUYIN-352587,douyin_8929573,douyin,用户9286,f,52,杭州,2026-07-07,13323191923,user6482@example.com,普通会员
U-DOUYIN-352947,douyin_2277791,douyin,用户9382,m,60,北京,2026-08-05,16320671389,user2538@example.com,普通会员
U-DOUYIN-354226,douyin_4366089,douyin,用户1500,m,55,西安,2026-06-28,19129862651,user7122@example.com,钻石会员
U-DOUYIN-354335,douyin_6397935,douyin,用户1868,m,34,武汉,2026-04-17,18561658316,user2938@example.com,银卡会员
U-DOUYIN-354377,douyin_8315877,douyin,用户1003,m,24,武汉,2026-01-06,15606132188,user5154@example.com,钻石会员
U-DOUYIN-354538,douyin_5066598,douyin,用户4372,f,59,成都,2026-09-02,19731466506,user1502@example.com,普通会员
U-DOUYIN-355107,douyin_5564582,douyin,用户7024,f,33,成都,2026-05-19,14487780514,user8124@example.com,普通会员
U-DOUYIN-355411,douyin_4025549,douyin,用户4373,m,50,南京,2025-02-19,19909729756,user8219@example.com,银卡会员
U-DOUYIN-355756,douyin_1462673,douyin,用户1258,m,59,成都,2026-10-13,18289472900,user6936@example.com,金卡会员
U-DOUYIN-356144,douyin_2774361,douyin,用户4423,f,24,南京,2026-11-13,17207101178,user7318@example.com,钻石会员
U-DOUYIN-356145,douyin_5757431,douyin,用户4188,m,23,南京,2026-02-26,18668266379,user2519@example.com,银卡会员
U-DOUYIN-356268,douyin_5490493,douyin,用户8913,f,20,南京,2026-03-22,17823420543,user2248@example.com,银卡会员
U-DOUYIN-356404,douyin_2135630,douyin,用户5272,f,26,北京,2026-05-25,17506782114,user9082@example.com,钻石会员
U-DOUYIN-356631,douyin_7334608,douyin,用户1377,f,25,南京,2025-09-10,17413212523,user1877@example.com,钻石会员
U-DOUYIN-356955,douyin_6307224,douyin,用户2486,f,23,重庆,2025-06-13,19898296027,user6047@example.com,普通会员
U-DOUYIN-357213,douyin_7191858,douyin,用户8975,m,19,南京,2026-09-18,16528538066,user6386@example.com,普通会员
U-DOUYIN-357309,douyin_6136506,douyin,用户4132,f,29,西安,2025-01-15,17422089598,user9763@example.com,金卡会员
U-DOUYIN-357378,douyin_8897634,douyin,用户9459,m,40,南京,2025-11-08,14619630632,user3865@example.com,银卡会员
U-DOUYIN-357646,douyin_6330334,douyin,用户2743,m,35,西安,2026-10-17,14146038243,user8208@example.com,普通会员
U-DOUYIN-357856,douyin_1251330,douyin,用户1741,m,22,深圳,2025-05-03,14132472075,user1306@example.com,银卡会员
U-DOUYIN-358177,douyin_7641916,douyin,用户8592,m,19,南京,2026-08-02,13585974879,user3524@example.com,银卡会员
U-DOUYIN-358739,douyin_1138376,douyin,用户3809,f,50,武汉,2026-10-28,13904497543,user2177@example.com,钻石会员
U-DOUYIN-358748,douyin_2690522,douyin,用户7163,m,35,西安,2025-04-07,18410909865,user1212@example.com,金卡会员
U-DOUYIN-358825,douyin_3425031,douyin,用户8858,f,42,深圳,2025-10-28,13109978903,user3285@example.com,钻石会员
U-DOUYIN-359000,douyin_5313738,douyin,用户7920,f,48,南京,2026-10-05,15596439598,user2791@example.com,金卡会员
U-DOUYIN-359178,douyin_7654631,douyin,用户8436,f,44,西安,2025-07-19,19183593934,user8410@example.com,钻石会员
U-DOUYIN-359477,douyin_8543121,douyin,用户2177,f,26,西安,2025-11-16,18962689352,user8833@example.com,金卡会员
U-DOUYIN-360067,douyin_7812229,douyin,用户4516,m,57,西安,2025-02-08,19670470790,user2836@example.com,金卡会员
U-DOUYIN-360349,douyin_6438596,douyin,用户5246,m,33,深圳,2026-10-12,16440719466,user2289@example.com,银卡会员
U-DOUYIN-360538,douyin_9791470,douyin,用户8777,f,26,广州,2025-01-22,19621269047,user7609@example.com,普通会员
U-DOUYIN-360864,douyin_2664200,douyin,用户1970,f,48,北京,2026-07-13,18158556363,user9527@example.com,银卡会员
U-DOUYIN-361509,douyin_8465439,douyin,用户5695,m,40,西安,2025-04-14,14601954002,user1626@example.com,银卡会员
U-DOUYIN-361995,douyin_8459459,douyin,用户6197,f,52,西安,2026-03-23,15519795748,user9788@example.com,钻石会员
U-DOUYIN-362005,douyin_2573504,douyin,用户8449,m,43,杭州,2026-01-08,17468432235,user3735@example.com,普通会员
U-DOUYIN-362133,douyin_1035407,douyin,用户6157,f,30,深圳,2026-08-04,13160560561,user4113@example.com,钻石会员
U-DOUYIN-362432,douyin_5067830,douyin,用户5216,f,29,重庆,2025-07-20,19413024115,user9021@example.com,金卡会员
U-DOUYIN-362816,douyin_5515832,douyin,用户6271,f,24,上海,2026-01-10,19265952867,user8842@example.com,金卡会员
U-DOUYIN-363183,douyin_4220951,douyin,用户6233,f,45,南京,2026-07-09,16871765040,user9941@example.com,钻石会员
U-DOUYIN-363668,douyin_8136192,douyin,用户8255,m,56,成都,2025-07-09,15504883951,user5753@example.com,普通会员
U-DOUYIN-363806,douyin_7028588,douyin,用户9987,m,56,南京,2025-11-02,18920732333,user6585@example.com,银卡会员
U-DOUYIN-363964,douyin_3877434,douyin,用户8146,m,31,广州,2026-05-17,16142294626,user5817@example.com,银卡会员
U-DOUYIN-364127,douyin_3299198,douyin,用户3578,m,18,西安,2026-05-11,18679831265,user8368@example.com,钻石会员
U-DOUYIN-364140,douyin_8454777,douyin,用户7699,f,50,南京,2025-11-08,17727481388,user6438@example.com,银卡会员
U-DOUYIN-364857,douyin_9607600,douyin,用户8433,f,45,深圳,2025-02-01,13276288534,user3988@example.com,银卡会员
U-DOUYIN-365851,douyin_9337835,douyin,用户9744,m,19,南京,2026-05-13,16926334453,user5819@example.com,钻石会员
U-DOUYIN-366713,douyin_1393373,douyin,用户5371,f,29,南京,2025-01-01,19603091380,user5111@example.com,普通会员
U-DOUYIN-366773,douyin_3982132,douyin,用户9346,m,38,广州,2025-11-14,18755248843,user7284@example.com,银卡会员
U-DOUYIN-367152,douyin_6291565,douyin,用户7821,f,50,重庆,2025-08-23,15298951538,user6885@example.com,金卡会员
U-DOUYIN-367266,douyin_8124541,douyin,用户1147,m,28,重庆,2026-10-23,19164281676,user7737@example.com,银卡会员
U-DOUYIN-367334,douyin_9065525,douyin,用户8802,m,33,西安,2025-01-05,19296405620,user8465@example.com,钻石会员
U-DOUYIN-367351,douyin_6984315,douyin,用户7678,f,32,武汉,2026-07-24,17181338993,user7197@example.com,钻石会员
U-DOUYIN-367415,douyin_2181520,douyin,用户6197,m,52,南京,2025-02-17,19417722699,user1890@example.com,普通会员
U-DOUYIN-367770,douyin_3811175,douyin,用户3838,f,35,重庆,2026-01-21,17998040463,user8669@example.com,银卡会员
U-DOUYIN-367783,douyin_1214715,douyin,用户5319,f,21,广州,2025-07-04,13964621307,user7951@example.com,钻石会员
U-DOUYIN-367831,douyin_2460070,douyin,用户5465,f,58,成都,2025-02-25,13466277883,user1639@example.com,银卡会员
U-DOUYIN-367863,douyin_8040142,douyin,用户8624,m,43,上海,2026-05-06,18223580687,user1482@example.com,钻石会员
U-DOUYIN-368941,douyin_4316637,douyin,用户3932,m,52,上海,2026-10-04,19718862753,user8480@example.com,金卡会员
U-DOUYIN-369649,douyin_7189920,douyin,用户8379,m,32,上海,2026-06-04,16713717125,user1734@example.com,钻石会员
U-DOUYIN-369721,douyin_9969685,douyin,用户9125,m,27,广州,2025-02-12,17392465651,user2142@example.com,普通会员
U-DOUYIN-369917,douyin_8553171,douyin,用户9913,f,44,西安,2026-10-27,18200390458,user9767@example.com,普通会员
U-DOUYIN-370611,douyin_4106234,douyin,用户5168,f,55,南京,2026-02-17,13864932240,user2718@example.com,银卡会员
U-DOUYIN-370667,douyin_3214020,douyin,用户8040,f,50,武汉,2025-09-17,18532985254,user9403@example.com,普通会员
U-DOUYIN-370668,douyin_7866740,douyin,用户8951,f,46,重庆,2026-11-04,18727981215,user6821@example.com,钻石会员
U-DOUYIN-370844,douyin_9591782,douyin,用户3273,m,26,杭州,2026-03-27,16148719509,user1242@example.com,普通会员
U-DOUYIN-370956,douyin_3274596,douyin,用户2661,m,38,广州,2025-02-08,16998347741,user8734@example.com,钻石会员
U-DOUYIN-370966,douyin_3366006,douyin,用户5458,f,58,北京,2026-11-18,17707365136,user3337@example.com,钻石会员
U-DOUYIN-371879,douyin_7098030,douyin,用户9502,f,20,深圳,2025-12-12,15295590559,user1590@example.com,钻石会员
U-DOUYIN-372095,douyin_5787522,douyin,用户6119,m,40,上海,2025-05-07,17379905120,user5736@example.com,金卡会员
U-DOUYIN-372204,douyin_1016717,douyin,用户5619,f,27,深圳,2025-06-27,16730257547,user8338@example.com,金卡会员
U-DOUYIN-372297,douyin_2369568,douyin,用户9514,m,44,成都,2026-06-24,18429289609,user1924@example.com,银卡会员
U-DOUYIN-373098,douyin_6025799,douyin,用户6026,f,33,成都,2025-04-11,18262065866,user6538@example.com,银卡会员
U-DOUYIN-373449,douyin_4675585,douyin,用户2765,m,51,北京,2025-10-06,17642056770,user7278@example.com,普通会员
U-DOUYIN-373460,douyin_9845759,douyin,用户8112,f,28,深圳,2026-01-16,18208806783,user9683@example.com,银卡会员
U-DOUYIN-374143,douyin_1950242,douyin,用户7484,f,23,南京,2025-10-26,13299363271,user4561@example.com,金卡会员
U-DOUYIN-374155,douyin_4802302,douyin,用户5756,f,57,成都,2025-05-14,14547903337,user8825@example.com,金卡会员
U-DOUYIN-374423,douyin_5967592,douyin,用户2638,f,48,深圳,2025-09-18,14610394690,user2801@example.com,金卡会员
U-DOUYIN-375375,douyin_5421614,douyin,用户4908,f,60,杭州,2025-05-28,17756225801,user4492@example.com,普通会员
U-DOUYIN-375918,douyin_5577252,douyin,用户5208,m,55,成都,2025-06-03,17592468696,user4886@example.com,普通会员
U-DOUYIN-376691,douyin_7870745,douyin,用户1647,m,27,成都,2025-08-10,14566893820,user8242@example.com,普通会员
U-DOUYIN-377409,douyin_2461296,douyin,用户7753,f,26,广州,2026-03-15,18587758044,user2192@example.com,普通会员
U-DOUYIN-377477,douyin_9830887,douyin,用户1325,f,52,上海,2026-02-17,14655363456,user5707@example.com,金卡会员
U-DOUYIN-377828,douyin_2529427,douyin,用户8613,m,35,武汉,2025-08-13,13601155640,user7525@example.com,银卡会员
U-DOUYIN-378673,douyin_9438656,douyin,用户9623,f,50,广州,2026-06-24,13216331609,user4695@example.com,银卡会员
U-DOUYIN-378746,douyin_9346254,douyin,用户9347,f,24,南京,2026-06-12,13349709646,user3811@example.com,钻石会员
U-DOUYIN-378764,douyin_5022499,douyin,用户5043,f,30,广州,2025-10-16,15922032549,user7255@example.com,钻石会员
U-DOUYIN-378900,douyin_1937386,douyin,用户1003,f,58,重庆,2025-02-22,16791647751,user8248@example.com,金卡会员
U-DOUYIN-379402,douyin_3593451,douyin,用户4229,m,53,南京,2025-07-10,13784511778,user1445@example.com,普通会员
U-DOUYIN-379429,douyin_1249524,douyin,用户6036,m,29,北京,2026-07-05,19677632742,user1091@example.com,钻石会员
U-DOUYIN-379455,douyin_7729194,douyin,用户2331,m,49,广州,2025-01-22,16738953930,user6082@example.com,金卡会员
U-DOUYIN-379659,douyin_5012902,douyin,用户8013,f,20,南京,2025-11-12,13752046020,user2143@example.com,金卡会员
U-DOUYIN-379892,douyin_5210173,douyin,用户3316,f,58,北京,2026-06-02,19407163345,user4831@example.com,金卡会员
U-DOUYIN-380335,douyin_1031089,douyin,用户5562,f,59,上海,2025-01-06,14323202213,user9631@example.com,银卡会员
U-DOUYIN-380438,douyin_5848127,douyin,用户7398,f,59,重庆,2026-06-07,13886056645,user7382@example.com,钻石会员
U-DOUYIN-380954,douyin_1351062,douyin,用户3328,m,31,北京,2025-05-16,15971019743,user9311@example.com,普通会员
U-DOUYIN-381049,douyin_5537233,douyin,用户2560,f,39,重庆,2026-07-21,14707117777,user1335@example.com,银卡会员
U-DOUYIN-381131,douyin_3608544,douyin,用户2023,f,36,上海,2026-02-07,16340870659,user6525@example.com,金卡会员
U-DOUYIN-381171,douyin_3676082,douyin,用户8268,f,28,武汉,2026-02-27,14437800877,user3531@example.com,普通会员
U-DOUYIN-381493,douyin_9194790,douyin,用户1736,f,22,南京,2026-12-08,15714962212,user8371@example.com,钻石会员
U-DOUYIN-381526,douyin_8451235,douyin,用户3405,f,44,重庆,2025-10-03,18233266399,user9616@example.com,银卡会员
U-DOUYIN-381913,douyin_1425893,douyin,用户7202,f,28,上海,2025-01-18,16971173376,user4039@example.com,银卡会员
U-DOUYIN-382135,douyin_1649995,douyin,用户5633,f,54,杭州,2026-10-05,14220183516,user5903@example.com,普通会员
U-DOUYIN-382928,douyin_2281531,douyin,用户1656,m,23,杭州,2026-07-17,19271740333,user8193@example.com,金卡会员
U-DOUYIN-383121,douyin_7483558,douyin,用户1444,f,19,成都,2026-10-11,13674529896,user4369@example.com,金卡会员
U-DOUYIN-384580,douyin_9954608,douyin,用户5936,m,36,杭州,2025-12-04,18764538641,user4335@example.com,银卡会员
U-DOUYIN-385599,douyin_2103490,douyin,用户6421,f,43,上海,2025-02-13,17341865459,user2627@example.com,普通会员
U-DOUYIN-385877,douyin_2566151,douyin,用户4655,f,48,南京,2026-07-24,19727692983,user4427@example.com,银卡会员
U-DOUYIN-386028,douyin_5775969,douyin,用户9535,f,22,北京,2025-08-02,19167468855,user6441@example.com,银卡会员
U-DOUYIN-386767,douyin_3785644,douyin,用户3548,f,35,上海,2025-03-25,13647931935,user9266@example.com,银卡会员
U-DOUYIN-387580,douyin_6252157,douyin,用户2751,f,28,南京,2025-01-08,18274944634,user6262@example.com,金卡会员
U-DOUYIN-387616,douyin_5346589,douyin,用户2449,m,52,深圳,2025-08-21,15237950173,user5843@example.com,钻石会员
U-DOUYIN-387617,douyin_6519153,douyin,用户1543,m,21,北京,2026-06-20,17754118039,user7462@example.com,银卡会员
U-DOUYIN-388057,douyin_6564501,douyin,用户9435,m,41,上海,2025-01-06,19214929948,user8124@example.com,银卡会员
U-DOUYIN-388225,douyin_1370097,douyin,用户4348,m,58,西安,2026-08-06,17542723724,user4009@example.com,普通会员
U-DOUYIN-388801,douyin_5046704,douyin,用户4062,f,28,武汉,2026-01-07,17991212691,user6013@example.com,普通会员
U-DOUYIN-389777,douyin_7051239,douyin,用户5818,f,58,西安,2025-11-25,18939626264,user7912@example.com,银卡会员
U-DOUYIN-389856,douyin_6812455,douyin,用户4676,m,26,深圳,2026-08-19,18194547035,user2264@example.com,金卡会员
U-DOUYIN-390536,douyin_6364217,douyin,用户4088,f,43,武汉,2025-12-13,15165753508,user6464@example.com,金卡会员
U-DOUYIN-390627,douyin_5031549,douyin,用户4669,f,33,上海,2025-05-12,14697104163,user6299@example.com,金卡会员
U-DOUYIN-390876,douyin_9915036,douyin,用户4697,f,42,南京,2025-05-14,17161150102,user2648@example.com,金卡会员
U-DOUYIN-391381,douyin_4155392,douyin,用户8076,m,37,成都,2026-05-25,18622380447,user9085@example.com,钻石会员
U-DOUYIN-392176,douyin_2038631,douyin,用户3715,f,37,武汉,2026-05-21,15624664106,user2727@example.com,钻石会员
U-DOUYIN-392889,douyin_7404349,douyin,用户2921,m,39,深圳,2026-02-06,15274617537,user5102@example.com,普通会员
U-DOUYIN-394385,douyin_3080555,douyin,用户4383,m,45,上海,2026-06-28,16830016267,user9492@example.com,普通会员
U-DOUYIN-395092,douyin_8373145,douyin,用户2245,m,22,北京,2026-04-02,13725717602,user7150@example.com,钻石会员
U-DOUYIN-395096,douyin_2397730,douyin,用户6267,f,26,北京,2025-08-26,14639441046,user5197@example.com,普通会员
U-DOUYIN-395246,douyin_8652735,douyin,用户2330,f,30,西安,2026-03-25,19930627511,user2872@example.com,金卡会员
U-DOUYIN-395496,douyin_9634743,douyin,用户2458,m,20,成都,2025-04-17,15739070680,user5541@example.com,银卡会员
U-DOUYIN-395499,douyin_7511758,douyin,用户3646,f,20,武汉,2025-08-26,13983727721,user2527@example.com,银卡会员
U-DOUYIN-396134,douyin_9679409,douyin,用户9273,m,40,重庆,2025-11-13,17247888032,user1609@example.com,银卡会员
U-DOUYIN-396641,douyin_6061493,douyin,用户4062,m,58,武汉,2026-03-08,15114156508,user6238@example.com,钻石会员
U-DOUYIN-396720,douyin_9160677,douyin,用户6898,f,48,北京,2025-12-15,15253851756,user3029@example.com,银卡会员
U-DOUYIN-396760,douyin_2570351,douyin,用户7104,f,51,重庆,2026-07-18,17496906063,user2075@example.com,银卡会员
U-DOUYIN-397161,douyin_5591944,douyin,用户6703,f,56,北京,2025-12-06,19318568547,user5640@example.com,银卡会员
U-DOUYIN-397587,douyin_4900997,douyin,用户3836,f,52,北京,2026-06-21,18825206002,user4328@example.com,钻石会员
U-DOUYIN-397755,douyin_3872700,douyin,用户9130,m,48,深圳,2025-10-19,15905325766,user3059@example.com,钻石会员
U-DOUYIN-397873,douyin_5679359,douyin,用户9678,m,44,武汉,2025-09-23,17709098724,user1981@example.com,金卡会员
U-DOUYIN-398338,douyin_5997134,douyin,用户7539,f,47,西安,2025-05-22,14844908474,user1359@example.com,银卡会员
U-DOUYIN-398892,douyin_3819382,douyin,用户4671,f,54,上海,2025-07-04,14495106318,user4601@example.com,金卡会员
U-DOUYIN-399214,douyin_2182974,douyin,用户1273,f,45,杭州,2026-05-24,16561787140,user6768@example.com,钻石会员
U-DOUYIN-400307,douyin_2709401,douyin,用户6671,f,38,杭州,2026-12-12,13565771038,user8937@example.com,银卡会员
U-DOUYIN-400355,douyin_4136062,douyin,用户8597,f,30,成都,2026-07-21,13634097946,user9311@example.com,金卡会员
U-DOUYIN-400644,douyin_4673162,douyin,用户6187,f,44,深圳,2025-03-03,15445160620,user1677@example.com,钻石会员
U-DOUYIN-400917,douyin_6280782,douyin,用户6761,f,34,杭州,2026-02-13,19758409009,user4106@example.com,银卡会员
U-DOUYIN-401566,douyin_7932674,douyin,用户1037,f,19,武汉,2026-05-18,13574364616,user3682@example.com,钻石会员
U-DOUYIN-401887,douyin_2695690,douyin,用户9527,f,21,杭州,2026-10-22,13651932768,user7635@example.com,金卡会员
U-DOUYIN-401911,douyin_2382849,douyin,用户1620,f,24,广州,2025-11-17,17141838745,user2854@example.com,金卡会员
U-DOUYIN-402328,douyin_9712483,douyin,用户2585,m,27,杭州,2026-02-24,13446914218,user4458@example.com,钻石会员
U-DOUYIN-402547,douyin_5730902,douyin,用户3256,f,24,广州,2026-01-03,14400754710,user7337@example.com,钻石会员
U-DOUYIN-402976,douyin_3161657,douyin,用户2364,f,24,上海,2025-05-10,19753178416,user4643@example.com,钻石会员
U-DOUYIN-403733,douyin_2229517,douyin,用户2504,m,39,重庆,2026-05-08,16845913400,user5536@example.com,银卡会员
U-DOUYIN-404202,douyin_1479888,douyin,用户8687,f,29,西安,2026-06-18,16903235163,user3986@example.com,银卡会员
U-DOUYIN-404327,douyin_6269122,douyin,用户6346,f,46,南京,2026-12-16,15165832847,user2300@example.com,金卡会员
U-DOUYIN-404991,douyin_9734435,douyin,用户5046,f,58,重庆,2026-02-03,13528557347,user3741@example.com,钻石会员
U-DOUYIN-405078,douyin_6015870,douyin,用户8716,f,32,上海,2026-06-01,15396006195,user7110@example.com,银卡会员
U-DOUYIN-405432,douyin_1820352,douyin,用户4267,f,35,成都,2025-10-13,15569388591,user6925@example.com,金卡会员
U-DOUYIN-405675,douyin_3737213,douyin,用户5869,f,60,北京,2026-08-15,18727512925,user8832@example.com,钻石会员
U-DOUYIN-405747,douyin_3538705,douyin,用户8129,m,55,西安,2025-02-18,19707860272,user1813@example.com,钻石会员
U-DOUYIN-405829,douyin_7653218,douyin,用户6657,f,59,南京,2025-07-13,14845006767,user6201@example.com,钻石会员
U-DOUYIN-406116,douyin_9874737,douyin,用户7696,m,34,北京,2026-08-09,19410653293,user7292@example.com,金卡会员
U-DOUYIN-406980,douyin_5638831,douyin,用户3085,m,28,成都,2026-11-25,13832908474,user7689@example.com,普通会员
U-DOUYIN-407184,douyin_6765832,douyin,用户5332,m,46,杭州,2026-07-23,19157383006,user8789@example.com,普通会员
U-DOUYIN-407546,douyin_1720433,douyin,用户8345,m,40,武汉,2026-04-17,18369883058,user4636@example.com,普通会员
U-DOUYIN-407744,douyin_3352459,douyin,用户7042,f,42,重庆,2026-06-03,15681755277,user4829@example.com,钻石会员
U-DOUYIN-408171,douyin_5961068,douyin,用户6419,f,43,成都,2025-12-14,18602475533,user3840@example.com,普通会员
U-DOUYIN-408407,douyin_7525434,douyin,用户7572,f,56,南京,2025-11-12,15432112729,user1196@example.com,金卡会员
U-DOUYIN-409010,douyin_9285153,douyin,用户3589,m,51,上海,2025-08-04,19566666016,user5378@example.com,普通会员
U-DOUYIN-409073,douyin_4778297,douyin,用户1401,f,22,西安,2025-02-11,13459998933,user8212@example.com,普通会员
U-DOUYIN-409176,douyin_5656493,douyin,用户1311,f,46,北京,2026-05-04,14756180368,user7648@example.com,钻石会员
U-DOUYIN-409260,douyin_6101801,douyin,用户7460,f,35,南京,2025-01-22,14547029766,user9906@example.com,普通会员
U-DOUYIN-409354,douyin_1117317,douyin,用户5311,f,26,重庆,2025-06-19,13730951625,user1160@example.com,银卡会员
U-DOUYIN-409658,douyin_8828371,douyin,用户7867,m,20,北京,2025-12-04,18524181898,user2527@example.com,钻石会员
U-DOUYIN-409822,douyin_7958708,douyin,用户8653,m,18,重庆,2026-08-08,15902017722,user2857@example.com,金卡会员
U-DOUYIN-410120,douyin_9356530,douyin,用户6833,m,19,成都,2026-01-10,13884851228,user6488@example.com,普通会员
U-DOUYIN-411021,douyin_5873826,douyin,用户5212,f,37,南京,2026-08-02,18186466282,user7838@example.com,钻石会员
U-DOUYIN-411170,douyin_3031600,douyin,用户6610,f,33,深圳,2025-12-26,16239395538,user8713@example.com,金卡会员
U-DOUYIN-411278,douyin_9742210,douyin,用户5738,f,34,北京,2025-06-26,13426414214,user4255@example.com,钻石会员
U-DOUYIN-411610,douyin_8823368,douyin,用户5163,f,44,西安,2026-05-18,13887080926,user1433@example.com,银卡会员
U-DOUYIN-412467,douyin_4344869,douyin,用户1588,m,28,北京,2026-11-26,19701140383,user9229@example.com,银卡会员
U-DOUYIN-412475,douyin_2980037,douyin,用户5057,f,59,重庆,2025-10-13,14657813608,user8338@example.com,银卡会员
U-DOUYIN-412958,douyin_9314869,douyin,用户7903,f,58,北京,2025-10-19,15297271093,user6967@example.com,银卡会员
U-DOUYIN-412964,douyin_2420480,douyin,用户5629,f,49,成都,2025-09-14,14492365709,user6433@example.com,普通会员
U-DOUYIN-412995,douyin_4096937,douyin,用户7537,m,43,杭州,2025-08-07,13294730874,user9389@example.com,钻石会员
U-DOUYIN-413487,douyin_3194657,douyin,用户3088,m,35,广州,2025-09-28,14291629300,user3580@example.com,金卡会员
U-DOUYIN-413820,douyin_3377331,douyin,用户9967,m,39,武汉,2026-11-02,15189018088,user6738@example.com,普通会员
U-DOUYIN-414149,douyin_9107102,douyin,用户7806,f,27,重庆,2025-12-12,18462782373,user8423@example.com,钻石会员
U-DOUYIN-414721,douyin_3516317,douyin,用户9543,f,48,重庆,2026-07-28,13817998116,user5441@example.com,银卡会员
U-DOUYIN-414848,douyin_6952822,douyin,用户2013,m,27,成都,2025-01-10,18235717716,user2948@example.com,钻石会员
U-DOUYIN-414890,douyin_8556168,douyin,用户9945,f,28,西安,2026-02-22,19438187200,user6813@example.com,普通会员
U-DOUYIN-415000,douyin_1734614,douyin,用户9444,f,58,西安,2025-08-06,14509432497,user5841@example.com,普通会员
U-DOUYIN-415535,douyin_5784378,douyin,用户1108,f,23,杭州,2025-05-04,14148949387,user3560@example.com,钻石会员
U-DOUYIN-415778,douyin_3203309,douyin,用户4927,f,20,南京,2026-03-22,18479554993,user2289@example.com,普通会员
U-DOUYIN-415851,douyin_6135002,douyin,用户8237,f,51,杭州,2026-04-20,16644671379,user6184@example.com,普通会员
U-DOUYIN-416297,douyin_4152790,douyin,用户4349,f,43,武汉,2025-04-13,18281476820,user4256@example.com,金卡会员
U-DOUYIN-416392,douyin_5791629,douyin,用户7219,m,37,深圳,2025-10-25,19980595241,user1564@example.com,银卡会员
U-DOUYIN-416829,douyin_4050464,douyin,用户4981,m,35,重庆,2025-10-07,14505576771,user4956@example.com,金卡会员
U-DOUYIN-416884,douyin_9291084,douyin,用户4116,m,49,西安,2025-11-11,18638835031,user3038@example.com,银卡会员
U-DOUYIN-416930,douyin_9079830,douyin,用户3263,m,35,重庆,2025-03-27,13310746982,user3142@example.com,金卡会员
U-DOUYIN-417566,douyin_3891185,douyin,用户7081,m,50,北京,2026-02-27,16838925008,user5837@example.com,金卡会员
U-DOUYIN-417603,douyin_2708171,douyin,用户7920,f,32,西安,2026-12-07,16796255153,user2232@example.com,金卡会员
U-DOUYIN-417671,douyin_6939245,douyin,用户7002,f,42,武汉,2025-06-22,18547562589,user1561@example.com,钻石会员
U-DOUYIN-418734,douyin_7085601,douyin,用户2231,m,24,上海,2026-06-15,13792738524,user1563@example.com,普通会员
U-DOUYIN-418789,douyin_3945774,douyin,用户6640,m,26,西安,2026-09-21,14640315293,user5814@example.com,钻石会员
U-DOUYIN-419198,douyin_1974267,douyin,用户5511,f,23,杭州,2026-09-20,15830173758,user9580@example.com,钻石会员
U-DOUYIN-419454,douyin_5142889,douyin,用户1993,m,19,上海,2026-12-04,14884685137,user7390@example.com,银卡会员
U-DOUYIN-419784,douyin_1827532,douyin,用户8201,f,57,西安,2025-08-18,17855919108,user9727@example.com,银卡会员
U-DOUYIN-420233,douyin_9663086,douyin,用户5561,f,50,广州,2026-02-17,16467645242,user5463@example.com,银卡会员
U-DOUYIN-420248,douyin_2276315,douyin,用户7561,m,29,重庆,2025-08-14,18333294064,user6852@example.com,银卡会员
U-DOUYIN-420831,douyin_8185018,douyin,用户1260,m,46,武汉,2026-02-22,18483426356,user8339@example.com,普通会员
U-DOUYIN-420833,douyin_5837595,douyin,用户7946,f,32,西安,2025-09-26,17214074677,user4775@example.com,钻石会员
U-DOUYIN-420878,douyin_2004188,douyin,用户3824,f,37,南京,2025-12-21,17879409453,user3265@example.com,钻石会员
U-DOUYIN-421543,douyin_3884531,douyin,用户8577,f,55,成都,2025-12-22,18677986879,user6267@example.com,普通会员
U-DOUYIN-421552,douyin_1656748,douyin,用户6498,m,51,西安,2026-02-27,19141714047,user4346@example.com,金卡会员
U-DOUYIN-421756,douyin_6420181,douyin,用户1204,f,48,上海,2025-05-09,14511514787,user1778@example.com,钻石会员
U-DOUYIN-422468,douyin_6843807,douyin,用户1578,f,47,上海,2026-01-28,13805064691,user3135@example.com,金卡会员
U-DOUYIN-422916,douyin_7447694,douyin,用户7339,f,30,武汉,2026-11-25,19985075706,user8167@example.com,普通会员
U-DOUYIN-423004,douyin_7078328,douyin,用户2181,m,48,上海,2025-12-22,13274176337,user7120@example.com,普通会员
U-DOUYIN-423132,douyin_4721308,douyin,用户2943,f,46,南京,2025-09-09,18921214251,user5241@example.com,银卡会员
U-DOUYIN-423190,douyin_7745895,douyin,用户8037,f,52,深圳,2025-04-14,14968332308,user7157@example.com,金卡会员
U-DOUYIN-423626,douyin_6958158,douyin,用户8166,m,25,成都,2026-09-20,15546314647,user2363@example.com,钻石会员
U-DOUYIN-424139,douyin_8781143,douyin,用户6931,m,36,西安,2025-02-07,17647678700,user7490@example.com,银卡会员
U-DOUYIN-424467,douyin_7690409,douyin,用户8510,m,31,武汉,2025-01-23,16231578292,user8920@example.com,金卡会员
U-DOUYIN-424865,douyin_1382930,douyin,用户4397,m,44,南京,2026-11-10,14974191332,user5369@example.com,钻石会员
U-DOUYIN-425193,douyin_8849176,douyin,用户7349,f,30,深圳,2026-02-06,14398513889,user9957@example.com,银卡会员
U-DOUYIN-425229,douyin_4869312,douyin,用户1321,m,59,西安,2025-06-28,13409219774,user1890@example.com,金卡会员
U-DOUYIN-425689,douyin_8520743,douyin,用户7791,m,58,深圳,2026-10-07,17653390822,user8098@example.com,普通会员
U-DOUYIN-425934,douyin_1778681,douyin,用户8583,m,23,南京,2025-06-14,13341017116,user6663@example.com,银卡会员
U-DOUYIN-426297,douyin_6375607,douyin,用户6207,m,60,南京,2026-05-09,17756519208,user2183@example.com,金卡会员
U-DOUYIN-426594,douyin_2111727,douyin,用户5711,f,23,杭州,2026-06-06,18584810741,user3682@example.com,金卡会员
U-DOUYIN-428640,douyin_9616105,douyin,用户4045,f,27,南京,2025-04-08,18504443042,user8143@example.com,钻石会员
U-DOUYIN-429097,douyin_3401373,douyin,用户1945,f,53,南京,2026-11-09,15720180560,user9206@example.com,银卡会员
U-DOUYIN-431048,douyin_1869438,douyin,用户8708,m,20,上海,2025-01-24,14365323897,user2181@example.com,普通会员
U-DOUYIN-431203,douyin_1479846,douyin,用户9518,f,19,成都,2025-11-09,13484200949,user8990@example.com,金卡会员
U-DOUYIN-432433,douyin_6588122,douyin,用户9048,m,23,重庆,2026-08-14,16568404722,user4714@example.com,普通会员
U-DOUYIN-432534,douyin_4618886,douyin,用户4660,f,47,重庆,2026-08-26,19368472265,user9549@example.com,钻石会员
U-DOUYIN-432612,douyin_8299934,douyin,用户2306,m,25,上海,2026-07-21,14963263822,user4185@example.com,钻石会员
U-DOUYIN-432625,douyin_2373876,douyin,用户8944,f,25,成都,2025-10-26,17323306308,user6751@example.com,金卡会员
U-DOUYIN-432831,douyin_3406677,douyin,用户2420,f,57,西安,2025-04-03,14997755573,user9585@example.com,金卡会员
U-DOUYIN-433724,douyin_4420258,douyin,用户5821,f,51,北京,2026-09-17,19830137748,user4985@example.com,金卡会员
U-DOUYIN-434491,douyin_2601480,douyin,用户7499,m,37,成都,2026-06-17,16434537994,user5272@example.com,钻石会员
U-DOUYIN-434771,douyin_8260671,douyin,用户8415,m,35,重庆,2025-04-22,14522649819,user2695@example.com,金卡会员
U-DOUYIN-434889,douyin_3605665,douyin,用户4510,m,54,广州,2025-09-04,19527321796,user4483@example.com,钻石会员
U-DOUYIN-435509,douyin_4515360,douyin,用户3790,f,25,上海,2025-07-06,17901702534,user4826@example.com,普通会员
U-DOUYIN-435921,douyin_1332515,douyin,用户7422,m,38,杭州,2025-08-25,18561518229,user6503@example.com,普通会员
U-DOUYIN-435945,douyin_4270272,douyin,用户3739,m,35,广州,2025-03-15,16587398937,user3340@example.com,银卡会员
U-DOUYIN-436005,douyin_3579605,douyin,用户6413,f,43,成都,2025-05-23,13371960393,user9735@example.com,普通会员
U-DOUYIN-436065,douyin_1941277,douyin,用户3858,f,38,南京,2025-05-12,15522037109,user8493@example.com,金卡会员
U-DOUYIN-436380,douyin_9179262,douyin,用户6416,f,26,杭州,2025-08-26,18952478394,user1084@example.com,钻石会员
U-DOUYIN-436879,douyin_7278441,douyin,用户9730,m,50,杭州,2026-08-05,18777536365,user7305@example.com,普通会员
U-DOUYIN-438746,douyin_1519641,douyin,用户4081,f,38,西安,2025-06-13,16989523197,user3830@example.com,银卡会员
U-DOUYIN-439057,douyin_9978603,douyin,用户6705,f,20,南京,2025-09-11,13546230259,user3534@example.com,钻石会员
U-DOUYIN-439856,douyin_6135665,douyin,用户2086,f,32,武汉,2026-11-08,18316161387,user2691@example.com,钻石会员
U-DOUYIN-439903,douyin_8468861,douyin,用户6063,f,43,西安,2025-05-18,14463683836,user5008@example.com,钻石会员
U-DOUYIN-440005,douyin_4885144,douyin,用户3721,m,28,深圳,2026-12-14,14143305236,user8778@example.com,钻石会员
U-DOUYIN-440098,douyin_3478229,douyin,用户7634,f,34,南京,2025-12-01,15747662564,user3841@example.com,钻石会员
U-DOUYIN-440590,douyin_5190317,douyin,用户4455,f,25,武汉,2026-04-05,18666212128,user9717@example.com,钻石会员
U-DOUYIN-440601,douyin_7113542,douyin,用户9266,f,18,武汉,2026-10-25,14295115364,user9765@example.com,普通会员
U-DOUYIN-440820,douyin_9457222,douyin,用户6517,m,60,广州,2026-08-06,17362333072,user1646@example.com,钻石会员
U-DOUYIN-441859,douyin_9132924,douyin,用户5133,f,18,北京,2025-01-01,19156224373,user9250@example.com,银卡会员
U-DOUYIN-441933,douyin_7540832,douyin,用户1753,m,52,广州,2026-02-20,15374477753,user1104@example.com,银卡会员
U-DOUYIN-442896,douyin_4376019,douyin,用户4050,f,51,广州,2026-01-24,17440228988,user1123@example.com,银卡会员
U-DOUYIN-442959,douyin_3341451,douyin,用户2229,f,47,杭州,2026-07-03,15348736612,user6267@example.com,银卡会员
U-DOUYIN-443016,douyin_7188683,douyin,用户2672,m,43,武汉,2026-04-12,16605194416,user1850@example.com,普通会员
U-DOUYIN-443526,douyin_7004704,douyin,用户8491,f,25,广州,2026-08-23,13824411118,user6986@example.com,银卡会员
U-DOUYIN-443860,douyin_6478043,douyin,用户3271,f,24,北京,2025-06-22,19556344060,user9944@example.com,金卡会员
U-DOUYIN-443868,douyin_6008562,douyin,用户9844,f,35,南京,2025-09-10,14509883249,user5103@example.com,银卡会员
U-DOUYIN-443978,douyin_7766623,douyin,用户6318,m,43,广州,2025-08-26,14480728789,user3830@example.com,银卡会员
U-DOUYIN-444454,douyin_4240948,douyin,用户3301,m,48,成都,2025-02-05,19584342310,user4918@example.com,普通会员
U-DOUYIN-445009,douyin_8088367,douyin,用户3860,m,58,南京,2025-12-08,14858154608,user2382@example.com,普通会员
U-DOUYIN-445411,douyin_3905480,douyin,用户9654,m,25,重庆,2026-09-09,16901686525,user3167@example.com,普通会员
U-DOUYIN-445589,douyin_9596038,douyin,用户1578,f,45,杭州,2025-01-24,17987501282,user3794@example.com,金卡会员
U-DOUYIN-445749,douyin_2652988,douyin,用户9736,f,32,广州,2025-12-26,19735488648,user7090@example.com,金卡会员
U-DOUYIN-445849,douyin_6284754,douyin,用户1193,m,28,深圳,2025-04-20,16898797356,user5954@example.com,银卡会员
U-DOUYIN-446318,douyin_1478239,douyin,用户2674,f,44,广州,2026-04-23,13525289134,user3006@example.com,金卡会员
U-DOUYIN-446408,douyin_1395192,douyin,用户5633,m,26,杭州,2026-10-03,15461330132,user2922@example.com,钻石会员
U-DOUYIN-446439,douyin_5141899,douyin,用户4342,m,28,北京,2025-12-25,19155688906,user9442@example.com,钻石会员
U-DOUYIN-446567,douyin_1933948,douyin,用户7062,m,22,南京,2025-06-05,15325176108,user5666@example.com,普通会员
U-DOUYIN-446810,douyin_1648859,douyin,用户5208,m,18,深圳,2026-02-18,19166056876,user9958@example.com,金卡会员
U-DOUYIN-447271,douyin_6277396,douyin,用户1530,f,36,重庆,2025-11-27,15240135750,user6385@example.com,金卡会员
U-DOUYIN-447335,douyin_8746266,douyin,用户8060,f,49,广州,2026-06-11,14507928726,user7905@example.com,钻石会员
U-DOUYIN-447432,douyin_1158762,douyin,用户3878,f,18,南京,2026-05-13,18570227907,user8417@example.com,银卡会员
U-DOUYIN-447631,douyin_7894712,douyin,用户6995,f,58,西安,2026-09-04,19810327559,user7487@example.com,金卡会员
U-DOUYIN-447702,douyin_8884049,douyin,用户4575,m,39,广州,2025-06-16,14102246408,user5470@example.com,金卡会员
U-DOUYIN-447774,douyin_7250161,douyin,用户2535,f,39,南京,2025-07-17,15192152514,user3866@example.com,钻石会员
U-DOUYIN-448197,douyin_3223805,douyin,用户7280,f,28,北京,2026-09-24,16453202550,user6992@example.com,银卡会员
U-DOUYIN-448612,douyin_7470941,douyin,用户1048,f,36,武汉,2026-11-06,19844541741,user4226@example.com,钻石会员
U-DOUYIN-449767,douyin_1134320,douyin,用户3326,f,25,西安,2026-11-14,13643932493,user4653@example.com,金卡会员
U-DOUYIN-449820,douyin_6771443,douyin,用户1942,f,23,武汉,2026-02-18,13792127139,user9495@example.com,金卡会员
U-DOUYIN-449989,douyin_7553162,douyin,用户1520,f,20,武汉,2025-08-08,17848539746,user4413@example.com,钻石会员
U-DOUYIN-450814,douyin_4434007,douyin,用户3896,m,29,武汉,2026-02-14,15324922087,user8378@example.com,银卡会员
U-DOUYIN-450834,douyin_8452756,douyin,用户9117,f,41,广州,2025-09-10,19349904253,user5336@example.com,普通会员
U-DOUYIN-450867,douyin_5552150,douyin,用户9080,m,47,重庆,2026-04-03,13752743824,user7436@example.com,金卡会员
U-DOUYIN-450931,douyin_6715907,douyin,用户2656,m,50,重庆,2026-03-24,17996636530,user4831@example.com,银卡会员
U-DOUYIN-450966,douyin_6639065,douyin,用户3937,f,34,北京,2026-03-27,15667181065,user5938@example.com,银卡会员
U-DOUYIN-451165,douyin_6574825,douyin,用户9168,f,45,深圳,2025-07-08,19806367811,user5216@example.com,普通会员
U-DOUYIN-451524,douyin_4491260,douyin,用户7604,f,56,武汉,2026-03-23,17207630904,user8766@example.com,银卡会员
U-DOUYIN-451770,douyin_2512600,douyin,用户1843,f,60,武汉,2025-10-23,13527580676,user9983@example.com,普通会员
U-DOUYIN-451783,douyin_3021927,douyin,用户8278,m,35,北京,2025-11-23,17922912664,user6500@example.com,银卡会员
U-DOUYIN-452023,douyin_3739836,douyin,用户8754,f,28,成都,2026-03-03,13260662091,user7360@example.com,钻石会员
U-DOUYIN-452179,douyin_2070899,douyin,用户9782,f,57,深圳,2026-11-20,16418769689,user8130@example.com,普通会员
U-DOUYIN-452366,douyin_1100994,douyin,用户5965,m,42,杭州,2025-01-28,18679516693,user9043@example.com,金卡会员
U-DOUYIN-452705,douyin_2953068,douyin,用户4906,f,57,武汉,2026-04-04,19477179392,user5696@example.com,普通会员
U-DOUYIN-453413,douyin_5577295,douyin,用户7730,m,57,深圳,2026-08-21,19208816752,user8246@example.com,普通会员
U-DOUYIN-453645,douyin_5307956,douyin,用户9986,f,50,深圳,2025-10-17,16758462656,user5757@example.com,金卡会员
U-DOUYIN-454190,douyin_9897395,douyin,用户3852,f,41,成都,2026-08-09,19133318171,user1682@example.com,金卡会员
U-DOUYIN-454284,douyin_7133394,douyin,用户6114,f,43,深圳,2025-02-21,16409015012,user2639@example.com,普通会员
U-DOUYIN-454312,douyin_5552811,douyin,用户5593,f,21,西安,2025-03-23,15906759717,user8223@example.com,普通会员
U-DOUYIN-454823,douyin_1318192,douyin,用户3189,m,52,西安,2026-04-28,16220846275,user8026@example.com,钻石会员
U-DOUYIN-455013,douyin_1698325,douyin,用户5307,m,44,杭州,2025-02-01,18134822272,user6436@example.com,银卡会员
U-DOUYIN-455131,douyin_3573937,douyin,用户4086,m,22,上海,2025-03-04,18419622111,user8549@example.com,银卡会员
U-DOUYIN-455169,douyin_9179809,douyin,用户8123,f,18,广州,2026-10-27,17237641887,user8983@example.com,钻石会员
U-DOUYIN-456120,douyin_2593971,douyin,用户2603,f,36,南京,2025-05-15,16814262703,user3111@example.com,普通会员
U-DOUYIN-456499,douyin_3097340,douyin,用户3645,m,45,南京,2026-04-22,17524503601,user5083@example.com,银卡会员
U-DOUYIN-456505,douyin_8592905,douyin,用户9589,f,48,广州,2026-09-07,18788577879,user8111@example.com,钻石会员
U-DOUYIN-456698,douyin_3724291,douyin,用户6004,f,49,重庆,2025-01-14,18114468588,user6425@example.com,金卡会员
U-DOUYIN-456850,douyin_3589316,douyin,用户3148,m,54,成都,2026-06-02,18937598474,user5791@example.com,普通会员
U-DOUYIN-456953,douyin_3255744,douyin,用户6325,m,29,北京,2026-10-16,17794823565,user4904@example.com,银卡会员
U-DOUYIN-457202,douyin_7971003,douyin,用户3936,f,29,西安,2026-08-10,17945595471,user9155@example.com,银卡会员
U-DOUYIN-457726,douyin_2314310,douyin,用户7121,f,47,南京,2026-03-06,13727652731,user3010@example.com,银卡会员
U-DOUYIN-458149,douyin_9251586,douyin,用户5045,f,44,武汉,2026-10-21,17983788422,user2129@example.com,银卡会员
U-DOUYIN-458258,douyin_9327744,douyin,用户5897,f,22,南京,2025-03-03,18590149091,user9480@example.com,普通会员
U-DOUYIN-458563,douyin_2404171,douyin,用户8320,f,25,武汉,2025-02-13,13147665349,user5840@example.com,钻石会员
U-DOUYIN-458924,douyin_7627379,douyin,用户9682,f,57,北京,2025-03-12,13669517051,user9539@example.com,银卡会员
U-DOUYIN-459172,douyin_4029723,douyin,用户8134,f,21,北京,2025-03-23,14450646568,user5345@example.com,金卡会员
U-DOUYIN-459556,douyin_5997498,douyin,用户4689,m,22,西安,2026-12-05,13584059335,user8979@example.com,钻石会员
U-DOUYIN-460113,douyin_2698491,douyin,用户7265,f,34,广州,2026-08-21,18578822400,user4040@example.com,钻石会员
U-DOUYIN-460693,douyin_4000760,douyin,用户1540,f,58,西安,2025-02-16,17273925719,user6762@example.com,普通会员
U-DOUYIN-461397,douyin_7510474,douyin,用户7865,m,48,重庆,2025-03-10,14195533822,user9377@example.com,普通会员
U-DOUYIN-462460,douyin_3154632,douyin,用户9737,f,25,杭州,2025-11-28,15703604377,user2718@example.com,钻石会员
U-DOUYIN-462622,douyin_2033089,douyin,用户4531,f,44,西安,2026-02-28,18546715039,user3832@example.com,银卡会员
U-DOUYIN-462638,douyin_1527737,douyin,用户2526,m,24,武汉,2026-03-14,19404293609,user6342@example.com,普通会员
U-DOUYIN-463143,douyin_7973061,douyin,用户8850,f,36,北京,2026-06-08,18100468066,user5985@example.com,金卡会员
U-DOUYIN-463424,douyin_9395674,douyin,用户1656,m,59,北京,2025-07-09,13446647321,user8385@example.com,银卡会员
U-DOUYIN-464052,douyin_5580121,douyin,用户8974,f,52,杭州,2026-10-06,19240610159,user6429@example.com,银卡会员
U-DOUYIN-464691,douyin_7712271,douyin,用户5783,m,60,武汉,2025-06-20,15103235861,user4879@example.com,普通会员
U-DOUYIN-465922,douyin_6377146,douyin,用户7810,m,32,武汉,2025-05-07,17645845601,user7051@example.com,普通会员
U-DOUYIN-466319,douyin_6011478,douyin,用户1279,m,59,武汉,2025-09-13,15699542042,user7289@example.com,普通会员
U-DOUYIN-466584,douyin_3377247,douyin,用户4294,m,27,武汉,2025-09-07,16254928393,user3543@example.com,银卡会员
U-DOUYIN-466651,douyin_9377760,douyin,用户2356,m,42,西安,2026-10-09,19655730781,user6580@example.com,钻石会员
U-DOUYIN-466949,douyin_2877681,douyin,用户5816,m,40,西安,2025-02-07,17359725696,user8543@example.com,金卡会员
U-DOUYIN-467187,douyin_8518209,douyin,用户9289,f,31,深圳,2026-01-06,13201550518,user4488@example.com,钻石会员
U-DOUYIN-467218,douyin_9838552,douyin,用户8150,m,43,北京,2025-04-19,17511048012,user2035@example.com,钻石会员
U-DOUYIN-467653,douyin_5914129,douyin,用户9425,f,45,北京,2026-03-21,18579097920,user8465@example.com,银卡会员
U-DOUYIN-467801,douyin_4067455,douyin,用户5811,f,38,北京,2026-02-04,13879087734,user1491@example.com,银卡会员
U-DOUYIN-468059,douyin_8499868,douyin,用户7498,f,43,重庆,2025-01-16,15420771644,user5802@example.com,钻石会员
U-DOUYIN-468191,douyin_4197107,douyin,用户1291,m,19,杭州,2025-11-04,18890720249,user6348@example.com,银卡会员
U-DOUYIN-468550,douyin_9295040,douyin,用户8837,m,21,重庆,2025-08-19,19341503830,user9340@example.com,普通会员
U-DOUYIN-468802,douyin_8222868,douyin,用户3378,m,40,上海,2025-06-19,13277142847,user6417@example.com,金卡会员
U-DOUYIN-469301,douyin_2665746,douyin,用户4270,m,54,南京,2026-12-16,14137227700,user1612@example.com,钻石会员
U-DOUYIN-469373,douyin_1611818,douyin,用户3022,m,56,广州,2026-09-23,16900816292,user1787@example.com,普通会员
U-DOUYIN-469673,douyin_2879131,douyin,用户4649,m,36,重庆,2026-10-06,13354431089,user7753@example.com,金卡会员
U-DOUYIN-469734,douyin_7687413,douyin,用户9105,f,42,西安,2026-12-17,15742584096,user3300@example.com,钻石会员
U-DOUYIN-469956,douyin_8454849,douyin,用户3143,m,20,上海,2026-03-20,18650119783,user4914@example.com,银卡会员
U-DOUYIN-470133,douyin_3457078,douyin,用户3003,f,24,武汉,2026-01-17,13628952307,user2347@example.com,普通会员
U-DOUYIN-470986,douyin_7676207,douyin,用户4819,f,29,上海,2025-01-09,17404525875,user2114@example.com,普通会员
U-DOUYIN-471057,douyin_6848374,douyin,用户7910,m,44,杭州,2026-08-09,17439939925,user5883@example.com,银卡会员
U-DOUYIN-471261,douyin_1717840,douyin,用户8344,m,49,广州,2025-09-17,16105453011,user7322@example.com,金卡会员
U-DOUYIN-472567,douyin_4578679,douyin,用户7580,m,42,广州,2025-12-22,14580358784,user5211@example.com,普通会员
U-DOUYIN-472890,douyin_4791697,douyin,用户9124,f,29,武汉,2026-02-10,15126866591,user9753@example.com,银卡会员
U-DOUYIN-472952,douyin_7840342,douyin,用户4320,m,20,重庆,2025-02-24,17810065623,user6516@example.com,普通会员
U-DOUYIN-473093,douyin_1299719,douyin,用户6384,m,40,武汉,2026-08-07,13471389511,user7151@example.com,普通会员
U-DOUYIN-473243,douyin_6991526,douyin,用户1506,m,23,重庆,2025-08-28,17996326310,user7692@example.com,银卡会员
U-DOUYIN-473679,douyin_9267715,douyin,用户8910,m,41,北京,2025-09-01,14856328131,user7656@example.com,金卡会员
U-DOUYIN-474007,douyin_6117542,douyin,用户4116,m,26,上海,2025-02-16,16257962681,user2959@example.com,金卡会员
U-DOUYIN-474013,douyin_6349780,douyin,用户3001,m,47,南京,2025-04-01,14355017079,user4220@example.com,金卡会员
U-DOUYIN-474500,douyin_3724367,douyin,用户4213,f,48,重庆,2025-06-05,14267592274,user4544@example.com,普通会员
U-DOUYIN-475404,douyin_6024352,douyin,用户6270,m,41,广州,2026-10-15,15649386902,user5200@example.com,普通会员
U-DOUYIN-475810,douyin_2969517,douyin,用户9202,m,19,广州,2026-12-12,13830137247,user6850@example.com,银卡会员
U-DOUYIN-475831,douyin_3010783,douyin,用户1936,m,43,深圳,2026-03-14,15224434506,user2294@example.com,普通会员
U-DOUYIN-475833,douyin_8005982,douyin,用户9613,m,49,广州,2026-03-24,18196818765,user6545@example.com,金卡会员
U-DOUYIN-476169,douyin_5365655,douyin,用户2842,f,27,南京,2026-10-10,17766152773,user4628@example.com,金卡会员
U-DOUYIN-476267,douyin_2265307,douyin,用户4602,f,31,深圳,2026-10-16,19735938270,user8786@example.com,银卡会员
U-DOUYIN-476574,douyin_9388844,douyin,用户7952,f,39,深圳,2025-02-21,17334415638,user7165@example.com,银卡会员
U-DOUYIN-477023,douyin_2552057,douyin,用户5503,m,57,杭州,2025-06-15,15478343588,user7634@example.com,金卡会员
U-DOUYIN-477667,douyin_1401918,douyin,用户6533,m,40,广州,2025-02-17,17363138746,user5444@example.com,银卡会员
U-DOUYIN-478293,douyin_9106120,douyin,用户6181,m,55,西安,2025-11-08,15307813095,user9779@example.com,金卡会员
U-DOUYIN-478703,douyin_7414260,douyin,用户5776,f,58,重庆,2025-01-07,19717049806,user4014@example.com,钻石会员
U-DOUYIN-478815,douyin_9384329,douyin,用户7492,m,44,深圳,2025-10-24,16951531196,user1585@example.com,银卡会员
U-DOUYIN-479243,douyin_7751599,douyin,用户2785,m,28,重庆,2025-03-09,13768830360,user9282@example.com,银卡会员
U-DOUYIN-479387,douyin_2253691,douyin,用户4008,m,41,武汉,2025-02-20,14235693423,user6054@example.com,钻石会员
U-DOUYIN-479415,douyin_5118543,douyin,用户8598,f,57,成都,2026-04-12,18756244521,user2518@example.com,普通会员
U-DOUYIN-479498,douyin_7008628,douyin,用户4292,f,29,深圳,2025-02-16,16710189428,user1481@example.com,钻石会员
U-DOUYIN-479759,douyin_9756302,douyin,用户1579,m,22,北京,2026-04-28,13136979911,user2859@example.com,银卡会员
U-DOUYIN-480526,douyin_2980551,douyin,用户5650,f,39,重庆,2025-06-18,15690074530,user7361@example.com,金卡会员
U-DOUYIN-481078,douyin_7907272,douyin,用户3998,m,30,北京,2026-10-15,15587721887,user5987@example.com,钻石会员
U-DOUYIN-481128,douyin_5422010,douyin,用户9478,f,44,南京,2025-12-09,18212467129,user9253@example.com,银卡会员
U-DOUYIN-481847,douyin_2891155,douyin,用户4602,f,51,深圳,2025-01-04,17466356602,user5228@example.com,钻石会员
U-DOUYIN-482139,douyin_9483504,douyin,用户5216,f,51,上海,2026-09-15,15299728385,user3645@example.com,普通会员
U-DOUYIN-482492,douyin_3156723,douyin,用户8137,f,28,杭州,2025-09-05,13670645240,user2596@example.com,钻石会员
U-DOUYIN-482616,douyin_4620559,douyin,用户7859,f,25,杭州,2026-04-15,15644880436,user8211@example.com,金卡会员
U-DOUYIN-482635,douyin_7670898,douyin,用户9469,f,41,重庆,2025-01-07,17345931493,user9991@example.com,钻石会员
U-DOUYIN-484294,douyin_6402004,douyin,用户1359,m,58,重庆,2026-08-17,13296046217,user4979@example.com,钻石会员
U-DOUYIN-484503,douyin_3260636,douyin,用户4703,m,31,杭州,2025-02-06,14350982591,user8767@example.com,银卡会员
U-DOUYIN-484711,douyin_1903723,douyin,用户5773,m,59,武汉,2026-01-06,17772158488,user9218@example.com,普通会员
U-DOUYIN-485055,douyin_8096092,douyin,用户3724,m,33,杭州,2025-05-17,15746625815,user3193@example.com,银卡会员
U-DOUYIN-485079,douyin_8110620,douyin,用户5209,m,41,上海,2025-11-26,15358086000,user2299@example.com,金卡会员
U-DOUYIN-485212,douyin_6578225,douyin,用户5492,m,38,上海,2025-10-03,14832011956,user7208@example.com,钻石会员
U-DOUYIN-485744,douyin_5890903,douyin,用户1502,m,26,杭州,2025-03-28,19856645202,user1708@example.com,银卡会员
U-DOUYIN-486213,douyin_5021712,douyin,用户3292,m,27,成都,2025-09-14,17270634296,user9011@example.com,普通会员
U-DOUYIN-486308,douyin_4417869,douyin,用户6978,f,46,成都,2026-06-19,13813774701,user8138@example.com,钻石会员
U-DOUYIN-487343,douyin_2394609,douyin,用户4630,f,48,广州,2026-12-13,17108498307,user5887@example.com,钻石会员
U-DOUYIN-487888,douyin_3542032,douyin,用户5850,m,49,杭州,2025-06-24,18757312935,user5868@example.com,金卡会员
U-DOUYIN-488157,douyin_4270286,douyin,用户1193,f,37,深圳,2025-11-21,19696844357,user4358@example.com,普通会员
U-DOUYIN-488347,douyin_1767780,douyin,用户9821,m,46,西安,2026-06-04,13507508613,user3609@example.com,钻石会员
U-DOUYIN-488446,douyin_1128579,douyin,用户9008,m,51,北京,2025-11-22,14710217942,user6302@example.com,钻石会员
U-DOUYIN-488627,douyin_9846417,douyin,用户4417,f,43,南京,2025-07-07,17730032133,user6990@example.com,普通会员
U-DOUYIN-490277,douyin_9476191,douyin,用户2765,m,31,南京,2026-07-27,17686511980,user6032@example.com,普通会员
U-DOUYIN-490337,douyin_6109095,douyin,用户5750,m,58,西安,2026-07-26,15596821188,user5715@example.com,金卡会员
U-DOUYIN-490457,douyin_1244921,douyin,用户5952,m,41,重庆,2025-10-06,17262049603,user2883@example.com,银卡会员
U-DOUYIN-490866,douyin_5476241,douyin,用户9044,m,38,北京,2025-06-05,14722707804,user6787@example.com,普通会员
U-DOUYIN-491077,douyin_1281229,douyin,用户2533,m,21,武汉,2026-07-16,14641078214,user1654@example.com,普通会员
U-DOUYIN-491645,douyin_6021978,douyin,用户6615,m,29,成都,2025-05-04,18272080084,user2327@example.com,金卡会员
U-DOUYIN-491692,douyin_9342903,douyin,用户5552,f,48,深圳,2026-05-22,17971336858,user7250@example.com,金卡会员
U-DOUYIN-491784,douyin_3509713,douyin,用户8404,f,53,深圳,2026-10-02,16714520359,user5003@example.com,普通会员
U-DOUYIN-491851,douyin_4778390,douyin,用户3567,m,46,西安,2026-12-09,14515197610,user7857@example.com,银卡会员
U-DOUYIN-491912,douyin_7039195,douyin,用户7240,f,52,武汉,2026-10-14,13766159332,user1282@example.com,银卡会员
U-DOUYIN-492108,douyin_2716657,douyin,用户7899,f,55,广州,2026-05-15,15424112255,user6884@example.com,金卡会员
U-DOUYIN-492162,douyin_8971420,douyin,用户2329,m,46,重庆,2025-12-14,17428302854,user8677@example.com,银卡会员
U-DOUYIN-492163,douyin_9766146,douyin,用户1254,m,38,广州,2025-11-12,18987544141,user9164@example.com,金卡会员
U-DOUYIN-492223,douyin_6833273,douyin,用户5473,m,22,深圳,2026-01-24,16653282198,user7167@example.com,普通会员
U-DOUYIN-492404,douyin_1121490,douyin,用户4981,m,56,西安,2026-04-02,14212404393,user4138@example.com,钻石会员
U-DOUYIN-492940,douyin_9001295,douyin,用户8600,m,24,南京,2025-12-17,18489859740,user9827@example.com,普通会员
U-DOUYIN-493268,douyin_3353928,douyin,用户2209,f,47,上海,2026-06-23,19955928520,user3085@example.com,钻石会员
U-DOUYIN-493964,douyin_4597058,douyin,用户8972,m,22,西安,2026-03-06,13596901510,user1267@example.com,银卡会员
U-DOUYIN-494659,douyin_2812518,douyin,用户4286,m,46,武汉,2026-08-25,19750024090,user7368@example.com,银卡会员
U-DOUYIN-494857,douyin_1495904,douyin,用户6736,m,31,成都,2025-05-13,19235982495,user8204@example.com,钻石会员
U-DOUYIN-495055,douyin_7128327,douyin,用户6168,f,23,南京,2026-01-24,13741614758,user8150@example.com,金卡会员
U-DOUYIN-495266,douyin_8489235,douyin,用户9938,m,49,西安,2026-03-11,13228239779,user3119@example.com,银卡会员
U-DOUYIN-495562,douyin_7606421,douyin,用户3281,f,44,杭州,2025-06-15,19563444121,user3009@example.com,金卡会员
U-DOUYIN-495596,douyin_8294028,douyin,用户6482,m,26,南京,2026-05-20,15821437885,user7513@example.com,银卡会员
U-DOUYIN-495622,douyin_8710295,douyin,用户6285,f,25,杭州,2025-05-09,19297030598,user4526@example.com,钻石会员
U-DOUYIN-495662,douyin_9982970,douyin,用户5258,f,32,武汉,2026-06-06,13432482839,user9626@example.com,钻石会员
U-DOUYIN-495917,douyin_2071643,douyin,用户6016,m,22,广州,2025-10-03,19491050898,user6117@example.com,钻石会员
U-DOUYIN-496167,douyin_4459149,douyin,用户9059,m,56,南京,2026-03-22,17551984670,user4058@example.com,金卡会员
U-DOUYIN-496641,douyin_8724702,douyin,用户4594,m,28,上海,2026-04-14,16584129844,user9112@example.com,普通会员
U-DOUYIN-496921,douyin_3470874,douyin,用户4716,m,52,杭州,2025-07-06,19663706946,user6370@example.com,钻石会员
U-DOUYIN-497038,douyin_6343576,douyin,用户9565,m,20,深圳,2026-12-24,14934200666,user9854@example.com,钻石会员
U-DOUYIN-497424,douyin_2587423,douyin,用户1244,m,22,武汉,2026-04-22,19834029645,user6342@example.com,银卡会员
U-DOUYIN-497545,douyin_9062352,douyin,用户4407,m,55,重庆,2025-10-21,14817374966,user5062@example.com,普通会员
U-DOUYIN-497933,douyin_3891264,douyin,用户9836,m,32,杭州,2025-02-04,17638143091,user4049@example.com,银卡会员
U-DOUYIN-498215,douyin_9675627,douyin,用户9364,f,41,上海,2026-04-05,14805897478,user7719@example.com,银卡会员
U-DOUYIN-498366,douyin_2616085,douyin,用户5523,f,26,杭州,2026-05-11,16570043021,user7150@example.com,普通会员
U-DOUYIN-498528,douyin_3134934,douyin,用户1890,m,36,武汉,2025-03-07,19393459416,user4090@example.com,银卡会员
U-DOUYIN-498829,douyin_8868393,douyin,用户1282,f,19,杭州,2025-04-24,17985278196,user9668@example.com,银卡会员
U-DOUYIN-499401,douyin_4770339,douyin,用户9790,f,28,西安,2026-12-27,16545342323,user3282@example.com,银卡会员
U-DOUYIN-499915,douyin_2365201,douyin,用户8376,m,29,西安,2026-05-25,16802231778,user5104@example.com,金卡会员
U-DOUYIN-500062,douyin_9608583,douyin,用户9451,f,34,深圳,2025-06-05,19368893393,user7511@example.com,银卡会员
U-DOUYIN-500194,douyin_5277297,douyin,用户9032,m,48,成都,2026-08-11,19736540775,user2544@example.com,普通会员
U-DOUYIN-500300,douyin_1799870,douyin,用户8982,m,35,上海,2026-03-19,14824006123,user4077@example.com,钻石会员
U-DOUYIN-500607,douyin_9977027,douyin,用户1010,m,22,广州,2025-09-23,14667615161,user2799@example.com,普通会员
U-DOUYIN-500725,douyin_6696178,douyin,用户3360,f,59,上海,2025-08-27,18769515965,user5830@example.com,钻石会员
U-DOUYIN-500802,douyin_7229968,douyin,用户3584,f,58,广州,2026-01-26,18651588462,user3548@example.com,金卡会员
U-DOUYIN-500804,douyin_9952909,douyin,用户1423,m,44,成都,2025-10-01,17470510520,user7489@example.com,普通会员
U-DOUYIN-501825,douyin_3586747,douyin,用户9142,m,58,成都,2026-10-09,19676545569,user2307@example.com,钻石会员
U-DOUYIN-501909,douyin_6426812,douyin,用户2193,m,35,杭州,2026-07-09,16633176703,user7185@example.com,钻石会员
U-DOUYIN-501985,douyin_2730133,douyin,用户1203,m,60,武汉,2025-05-13,17880830505,user8889@example.com,钻石会员
U-DOUYIN-502373,douyin_3940266,douyin,用户1253,m,19,西安,2025-05-08,14523345035,user4051@example.com,银卡会员
U-DOUYIN-502675,douyin_4493023,douyin,用户9303,f,58,南京,2025-12-06,14806795819,user3761@example.com,金卡会员
U-DOUYIN-503865,douyin_9087569,douyin,用户8175,m,58,上海,2026-04-14,19890370129,user9080@example.com,银卡会员
U-DOUYIN-503996,douyin_4843206,douyin,用户1524,m,57,南京,2026-06-09,15788526470,user8576@example.com,钻石会员
U-DOUYIN-505084,douyin_1426609,douyin,用户1526,f,31,成都,2025-08-15,19429959919,user9938@example.com,银卡会员
U-DOUYIN-505462,douyin_8189884,douyin,用户7519,f,33,重庆,2025-07-13,17635697450,user6302@example.com,银卡会员
U-DOUYIN-505645,douyin_8170720,douyin,用户2075,m,58,武汉,2025-03-11,18203918949,user4985@example.com,普通会员
U-DOUYIN-505996,douyin_9980279,douyin,用户3017,f,58,成都,2025-04-07,15820466213,user4562@example.com,金卡会员
U-DOUYIN-507523,douyin_9091246,douyin,用户3012,m,56,南京,2026-05-10,16802098797,user3792@example.com,钻石会员
U-DOUYIN-507558,douyin_1251716,douyin,用户8484,f,33,北京,2025-12-22,13587561745,user3471@example.com,银卡会员
U-DOUYIN-507781,douyin_4396103,douyin,用户7171,f,29,重庆,2025-06-07,13191563007,user2786@example.com,金卡会员
U-DOUYIN-508220,douyin_8087516,douyin,用户1238,m,56,上海,2026-06-17,15529161807,user8543@example.com,钻石会员
U-DOUYIN-508471,douyin_9898584,douyin,用户1934,m,53,成都,2026-04-14,15248956682,user4534@example.com,钻石会员
U-DOUYIN-508485,douyin_2521431,douyin,用户4977,m,23,深圳,2026-04-27,14771478931,user4484@example.com,金卡会员
U-DOUYIN-509743,douyin_1762761,douyin,用户5558,m,36,南京,2026-05-21,19576088665,user1314@example.com,银卡会员
U-DOUYIN-509965,douyin_4770037,douyin,用户3902,m,21,杭州,2025-10-07,14364344765,user5935@example.com,钻石会员
U-DOUYIN-510161,douyin_4314360,douyin,用户9028,m,28,杭州,2025-06-10,16921780645,user2503@example.com,金卡会员
U-DOUYIN-511344,douyin_1846139,douyin,用户6424,m,35,杭州,2026-05-05,15398318067,user9944@example.com,金卡会员
U-DOUYIN-512299,douyin_6969101,douyin,用户3355,f,26,上海,2025-03-15,19974844028,user6085@example.com,钻石会员
U-DOUYIN-512371,douyin_8020738,douyin,用户9244,m,27,北京,2025-12-16,13352452189,user2410@example.com,钻石会员
U-DOUYIN-513314,douyin_2025440,douyin,用户7324,f,52,北京,2025-07-04,16645683252,user7792@example.com,钻石会员
U-DOUYIN-513593,douyin_9123061,douyin,用户4570,f,22,北京,2025-09-06,19473165374,user3312@example.com,金卡会员
U-DOUYIN-513655,douyin_3236010,douyin,用户5514,f,59,武汉,2026-07-11,16443539617,user6915@example.com,金卡会员
U-DOUYIN-515010,douyin_3235372,douyin,用户9049,f,40,广州,2025-09-18,19906331965,user9294@example.com,普通会员
U-DOUYIN-515039,douyin_9131089,douyin,用户7025,f,36,杭州,2026-07-12,14364503671,user4756@example.com,普通会员
U-DOUYIN-515105,douyin_4104990,douyin,用户4750,m,47,成都,2026-01-14,19173491101,user9297@example.com,金卡会员
U-DOUYIN-515154,douyin_4705223,douyin,用户3375,f,60,杭州,2026-01-24,16414438884,user4989@example.com,银卡会员
U-DOUYIN-515346,douyin_7433223,douyin,用户3200,m,20,武汉,2026-04-20,15596429605,user3199@example.com,钻石会员
U-DOUYIN-515607,douyin_1073727,douyin,用户1749,f,20,西安,2025-08-17,16452531840,user3597@example.com,钻石会员
U-DOUYIN-516319,douyin_8949598,douyin,用户8047,f,34,杭州,2026-03-25,15255118110,user4840@example.com,金卡会员
U-DOUYIN-516521,douyin_2467518,douyin,用户7046,f,42,南京,2025-03-05,13216738746,user7842@example.com,钻石会员
U-DOUYIN-516636,douyin_4137120,douyin,用户6481,f,19,重庆,2025-12-10,18119955181,user2167@example.com,钻石会员
U-DOUYIN-516711,douyin_3593534,douyin,用户1478,f,38,杭州,2026-07-12,13614039266,user9154@example.com,银卡会员
U-DOUYIN-517527,douyin_2346955,douyin,用户9919,f,30,上海,2025-12-06,19606017549,user2497@example.com,金卡会员
U-DOUYIN-517669,douyin_1806561,douyin,用户5456,f,33,深圳,2025-09-13,13197397294,user9240@example.com,金卡会员
U-DOUYIN-517799,douyin_4594704,douyin,用户3498,m,21,武汉,2025-09-08,13105971922,user1610@example.com,普通会员
U-DOUYIN-518015,douyin_3377161,douyin,用户2810,m,18,南京,2025-12-15,19517308596,user6941@example.com,普通会员
U-DOUYIN-518301,douyin_5925118,douyin,用户8515,m,21,武汉,2025-11-19,13261178040,user4046@example.com,普通会员
U-DOUYIN-519036,douyin_5480268,douyin,用户2250,m,20,北京,2025-05-23,19335590187,user6590@example.com,钻石会员
U-DOUYIN-519663,douyin_4180998,douyin,用户3532,f,27,北京,2026-11-04,14711043537,user2327@example.com,金卡会员
U-DOUYIN-519780,douyin_8150521,douyin,用户2481,m,57,西安,2026-01-13,19260221391,user9335@example.com,钻石会员
U-DOUYIN-519952,douyin_5295725,douyin,用户4047,m,35,上海,2026-03-11,18626960716,user3565@example.com,银卡会员
U-DOUYIN-519959,douyin_9013164,douyin,用户3969,f,39,成都,2026-11-10,13978416163,user8097@example.com,银卡会员
U-DOUYIN-520385,douyin_4626873,douyin,用户8685,f,31,西安,2025-12-14,19740848167,user4978@example.com,金卡会员
U-DOUYIN-520489,douyin_4124564,douyin,用户4013,f,48,重庆,2026-08-19,18597138036,user3648@example.com,钻石会员
U-DOUYIN-520862,douyin_1369163,douyin,用户4387,m,43,杭州,2025-03-18,19844651005,user5279@example.com,金卡会员
U-DOUYIN-521220,douyin_8283983,douyin,用户3961,m,30,成都,2026-02-28,13214448309,user1185@example.com,银卡会员
U-DOUYIN-521463,douyin_9417317,douyin,用户2418,f,25,广州,2025-11-21,15923828225,user4453@example.com,普通会员
U-DOUYIN-522917,douyin_7757580,douyin,用户7035,m,55,上海,2025-02-19,15359133357,user6998@example.com,钻石会员
U-DOUYIN-523093,douyin_6789777,douyin,用户3009,f,41,成都,2025-07-24,16987851202,user3607@example.com,银卡会员
U-DOUYIN-523098,douyin_2854214,douyin,用户1813,m,54,南京,2026-06-13,19638395814,user9769@example.com,普通会员
U-DOUYIN-523193,douyin_7505252,douyin,用户8872,f,46,广州,2026-03-18,13369643047,user5984@example.com,钻石会员
U-DOUYIN-524549,douyin_4360841,douyin,用户9595,m,53,上海,2025-01-05,19201397879,user3907@example.com,银卡会员
U-DOUYIN-524683,douyin_6594308,douyin,用户1988,m,50,北京,2025-03-13,16299029021,user7139@example.com,普通会员
U-DOUYIN-524858,douyin_8682682,douyin,用户5176,f,30,南京,2025-04-16,19102261708,user2754@example.com,钻石会员
U-DOUYIN-525470,douyin_2460427,douyin,用户1146,f,20,深圳,2026-11-16,15622328128,user6219@example.com,普通会员
U-DOUYIN-525836,douyin_1013374,douyin,用户9649,f,25,西安,2026-11-11,15329098582,user2114@example.com,钻石会员
U-DOUYIN-526045,douyin_4883575,douyin,用户4634,f,34,杭州,2026-10-08,14128219657,user9072@example.com,银卡会员
U-DOUYIN-528184,douyin_4860150,douyin,用户1160,m,36,南京,2026-06-28,13126333260,user4691@example.com,银卡会员
U-DOUYIN-529346,douyin_4329875,douyin,用户1762,f,37,北京,2026-10-22,14349537483,user4376@example.com,金卡会员
U-DOUYIN-529529,douyin_8225094,douyin,用户1799,m,54,重庆,2025-04-21,14528687383,user7186@example.com,金卡会员
U-DOUYIN-529819,douyin_3438254,douyin,用户8047,f,41,深圳,2026-07-06,16290160814,user2351@example.com,金卡会员
U-DOUYIN-530839,douyin_1566831,douyin,用户6227,f,21,西安,2026-05-21,18979692609,user9458@example.com,钻石会员
U-DOUYIN-531416,douyin_4840216,douyin,用户5614,f,54,重庆,2026-10-18,17800112691,user8834@example.com,钻石会员
U-DOUYIN-531753,douyin_2365527,douyin,用户5260,m,41,武汉,2026-03-06,18975041823,user3978@example.com,普通会员
U-DOUYIN-531836,douyin_5702799,douyin,用户1680,f,18,西安,2025-08-01,13979319944,user6724@example.com,普通会员
U-DOUYIN-531897,douyin_9939990,douyin,用户3109,m,36,重庆,2026-02-24,13613364659,user1241@example.com,银卡会员
U-DOUYIN-532205,douyin_5260550,douyin,用户8611,f,60,北京,2026-09-17,17245332788,user1692@example.com,普通会员
U-DOUYIN-532415,douyin_3192461,douyin,用户9413,f,28,上海,2026-01-27,19419510971,user5267@example.com,银卡会员
U-DOUYIN-532447,douyin_7900346,douyin,用户6613,m,45,广州,2026-11-20,16809429914,user9554@example.com,金卡会员
U-DOUYIN-532907,douyin_9764545,douyin,用户6796,f,31,西安,2026-12-08,13979791561,user3151@example.com,钻石会员
U-DOUYIN-533244,douyin_6585837,douyin,用户4350,f,37,上海,2026-01-27,17423611667,user3991@example.com,钻石会员
U-DOUYIN-533663,douyin_9890630,douyin,用户6132,m,39,西安,2025-10-20,16231472502,user8167@example.com,金卡会员
U-DOUYIN-534209,douyin_1300817,douyin,用户4643,m,33,成都,2025-02-10,18407198101,user1710@example.com,金卡会员
U-DOUYIN-535865,douyin_5548113,douyin,用户2733,f,49,成都,2026-10-27,13107957938,user9295@example.com,普通会员
U-DOUYIN-535979,douyin_9263859,douyin,用户8962,m,56,广州,2026-11-13,19224107654,user5657@example.com,金卡会员
U-DOUYIN-536052,douyin_1256951,douyin,用户3399,m,41,西安,2026-03-07,17740372098,user7329@example.com,银卡会员
U-DOUYIN-537328,douyin_5550456,douyin,用户8002,f,39,北京,2026-08-05,19898191650,user4793@example.com,银卡会员
U-DOUYIN-537832,douyin_4716409,douyin,用户5425,f,51,杭州,2026-04-06,14256476117,user7499@example.com,金卡会员
U-DOUYIN-537902,douyin_6856861,douyin,用户6753,f,25,深圳,2026-08-20,16852133094,user1786@example.com,银卡会员
U-DOUYIN-538448,douyin_9312342,douyin,用户2420,f,32,广州,2025-02-13,16168332940,user3076@example.com,金卡会员
U-DOUYIN-538795,douyin_8990347,douyin,用户2134,f,59,成都,2025-11-28,17541273074,user3772@example.com,钻石会员
U-DOUYIN-539209,douyin_8694238,douyin,用户7822,f,22,武汉,2026-05-21,17374111887,user1472@example.com,银卡会员
U-DOUYIN-539499,douyin_5036366,douyin,用户6009,m,34,南京,2026-04-23,17815397486,user6495@example.com,普通会员
U-DOUYIN-539625,douyin_7663109,douyin,用户3596,m,35,南京,2026-02-07,14777865036,user9626@example.com,普通会员
U-DOUYIN-539675,douyin_6172895,douyin,用户2719,m,51,杭州,2025-02-02,18732535112,user4122@example.com,钻石会员
U-DOUYIN-540063,douyin_4273989,douyin,用户1162,m,35,成都,2025-03-21,19167271639,user2570@example.com,金卡会员
U-DOUYIN-540425,douyin_5690839,douyin,用户1144,m,60,北京,2025-07-05,19685713471,user8240@example.com,钻石会员
U-DOUYIN-541176,douyin_4043692,douyin,用户2564,m,37,深圳,2026-07-02,15335014894,user1797@example.com,银卡会员
U-DOUYIN-541542,douyin_2356436,douyin,用户2367,m,43,北京,2026-12-21,19618335445,user8734@example.com,银卡会员
U-DOUYIN-542016,douyin_9718536,douyin,用户8462,m,36,北京,2026-10-28,14685602430,user9994@example.com,普通会员
U-DOUYIN-542503,douyin_2841331,douyin,用户3450,f,27,成都,2025-01-14,14371022063,user9726@example.com,普通会员
U-DOUYIN-542995,douyin_9933854,douyin,用户2007,f,41,深圳,2025-10-06,17722711222,user3480@example.com,金卡会员
U-DOUYIN-543774,douyin_9125853,douyin,用户5889,m,19,杭州,2025-04-26,17770669296,user4478@example.com,钻石会员
U-DOUYIN-544368,douyin_2754256,douyin,用户1049,m,54,重庆,2026-05-25,14415606001,user4707@example.com,钻石会员
U-DOUYIN-544456,douyin_4369614,douyin,用户9599,f,31,重庆,2026-02-17,14741795839,user8060@example.com,金卡会员
U-DOUYIN-544460,douyin_3256497,douyin,用户9162,f,47,杭州,2026-05-05,17232401132,user2615@example.com,普通会员
U-DOUYIN-546085,douyin_2543508,douyin,用户2863,m,22,武汉,2025-12-09,17321631485,user6760@example.com,普通会员
U-DOUYIN-546107,douyin_9055452,douyin,用户4060,f,19,南京,2026-12-04,19512535596,user3065@example.com,普通会员
U-DOUYIN-546193,douyin_6052435,douyin,用户6386,f,23,上海,2026-01-16,16689275933,user7459@example.com,银卡会员
U-DOUYIN-547280,douyin_1169414,douyin,用户9277,f,32,北京,2025-07-19,19516651740,user7495@example.com,银卡会员
U-DOUYIN-547342,douyin_1610293,douyin,用户7481,f,55,成都,2025-05-13,18349754759,user3342@example.com,普通会员
U-DOUYIN-547430,douyin_5183417,douyin,用户7691,f,37,武汉,2026-10-05,18735563988,user8935@example.com,钻石会员
U-DOUYIN-548216,douyin_6840866,douyin,用户4691,m,30,北京,2026-12-23,17754173115,user1757@example.com,钻石会员
U-DOUYIN-548428,douyin_9444564,douyin,用户9349,m,57,上海,2025-10-04,16495350791,user2339@example.com,普通会员
U-DOUYIN-548690,douyin_7816527,douyin,用户8013,m,58,杭州,2026-11-24,19445843335,user1335@example.com,金卡会员
U-DOUYIN-549355,douyin_8469028,douyin,用户1962,m,40,南京,2026-07-10,19517329922,user5831@example.com,金卡会员
U-DOUYIN-549535,douyin_5317188,douyin,用户9314,m,20,广州,2025-12-12,14526735563,user3496@example.com,钻石会员
U-DOUYIN-550047,douyin_3259907,douyin,用户7323,f,49,南京,2025-07-01,14257841003,user7342@example.com,银卡会员
U-DOUYIN-550383,douyin_5671274,douyin,用户1608,f,34,上海,2026-11-16,13888928000,user4474@example.com,普通会员
U-DOUYIN-550793,douyin_7473391,douyin,用户5137,m,38,广州,2025-01-12,13632761702,user2617@example.com,金卡会员
U-DOUYIN-551013,douyin_7372281,douyin,用户9551,f,20,武汉,2026-05-08,14577161088,user7060@example.com,金卡会员
U-DOUYIN-551355,douyin_9267167,douyin,用户4887,m,58,成都,2025-01-26,13653921003,user5352@example.com,银卡会员
U-DOUYIN-552705,douyin_1729784,douyin,用户5351,m,36,南京,2026-06-08,18758149725,user6319@example.com,普通会员
U-DOUYIN-553039,douyin_5162215,douyin,用户5431,m,18,重庆,2025-10-14,19575357637,user3334@example.com,金卡会员
U-DOUYIN-553396,douyin_1824964,douyin,用户3157,m,40,南京,2025-03-22,16504133008,user4912@example.com,钻石会员
U-DOUYIN-553403,douyin_5135784,douyin,用户9718,m,23,武汉,2026-05-27,13413701175,user8086@example.com,银卡会员
U-DOUYIN-553643,douyin_8923316,douyin,用户2538,m,56,广州,2026-12-04,18565815590,user1894@example.com,金卡会员
U-DOUYIN-554232,douyin_9694837,douyin,用户4702,m,24,南京,2026-04-04,15814996244,user1675@example.com,普通会员
U-DOUYIN-554605,douyin_5772111,douyin,用户8804,f,41,深圳,2026-07-08,18596356957,user6528@example.com,银卡会员
U-DOUYIN-555248,douyin_7404195,douyin,用户5563,f,22,广州,2026-03-27,18332951482,user4071@example.com,钻石会员
U-DOUYIN-556591,douyin_1182392,douyin,用户4623,m,45,上海,2025-11-08,14170162171,user7900@example.com,普通会员
U-DOUYIN-557024,douyin_4923427,douyin,用户9205,m,33,重庆,2026-07-06,14711895396,user1017@example.com,普通会员
U-DOUYIN-557172,douyin_3129869,douyin,用户7944,f,21,武汉,2026-02-12,17273001107,user1028@example.com,钻石会员
U-DOUYIN-557455,douyin_3402016,douyin,用户8720,f,54,上海,2026-06-27,19276320978,user7044@example.com,银卡会员
U-DOUYIN-557539,douyin_6013034,douyin,用户2725,f,27,南京,2026-01-23,15963709899,user9331@example.com,银卡会员
U-DOUYIN-558198,douyin_7171376,douyin,用户1541,f,54,杭州,2026-01-22,13450169731,user1550@example.com,普通会员
U-DOUYIN-558461,douyin_2259882,douyin,用户9242,f,48,西安,2025-03-02,14987761471,user1867@example.com,金卡会员
U-DOUYIN-558545,douyin_2970541,douyin,用户5846,m,39,广州,2026-10-10,14601927077,user3117@example.com,普通会员
U-DOUYIN-558698,douyin_5748631,douyin,用户5845,m,25,西安,2026-07-02,15475922225,user2189@example.com,银卡会员
U-DOUYIN-559369,douyin_1838948,douyin,用户9420,m,58,南京,2025-07-20,18282133930,user9019@example.com,钻石会员
U-DOUYIN-559696,douyin_7889514,douyin,用户6972,m,18,广州,2025-11-27,13956839326,user2932@example.com,银卡会员
U-DOUYIN-560578,douyin_6621543,douyin,用户2397,f,47,西安,2026-12-08,17337133316,user6668@example.com,钻石会员
U-DOUYIN-560748,douyin_7313867,douyin,用户1150,f,57,北京,2025-01-04,17588709840,user6851@example.com,金卡会员
U-DOUYIN-561002,douyin_6369499,douyin,用户8111,f,38,西安,2026-03-25,16350255946,user5110@example.com,银卡会员
U-DOUYIN-562129,douyin_7070615,douyin,用户3570,f,45,深圳,2026-02-05,19371880051,user9865@example.com,银卡会员
U-DOUYIN-562760,douyin_9312985,douyin,用户1389,m,54,上海,2026-04-28,15877807047,user9395@example.com,金卡会员
U-DOUYIN-562916,douyin_7106497,douyin,用户4832,f,38,杭州,2025-03-03,17908278144,user4701@example.com,普通会员
U-DOUYIN-562991,douyin_7690176,douyin,用户6953,f,54,上海,2025-02-15,15804245196,user3096@example.com,银卡会员
U-DOUYIN-564259,douyin_6606447,douyin,用户2416,f,27,深圳,2025-07-03,19656558805,user4920@example.com,普通会员
U-DOUYIN-564990,douyin_5039022,douyin,用户4609,m,38,西安,2026-09-16,17537010266,user5109@example.com,普通会员
U-DOUYIN-565079,douyin_9954403,douyin,用户7226,m,25,广州,2026-09-24,19770014338,user5795@example.com,普通会员
U-DOUYIN-565530,douyin_8234263,douyin,用户6808,f,40,南京,2025-11-23,19798027522,user4391@example.com,普通会员
U-DOUYIN-565915,douyin_5687879,douyin,用户3679,m,46,杭州,2026-10-25,17200700810,user3984@example.com,钻石会员
U-DOUYIN-566780,douyin_4945685,douyin,用户8539,f,57,杭州,2025-09-06,17594012091,user2624@example.com,银卡会员
U-DOUYIN-566934,douyin_9454320,douyin,用户9322,f,55,武汉,2026-03-16,19686984348,user3609@example.com,金卡会员
U-DOUYIN-567173,douyin_3685965,douyin,用户6322,f,52,杭州,2026-08-28,17650364152,user3497@example.com,普通会员
U-DOUYIN-567240,douyin_9309553,douyin,用户3696,m,51,重庆,2026-03-04,18512747013,user1550@example.com,金卡会员
U-DOUYIN-567722,douyin_2539051,douyin,用户7137,f,25,上海,2025-03-14,18543046329,user7617@example.com,银卡会员
U-DOUYIN-568062,douyin_6628293,douyin,用户5170,f,27,西安,2026-11-26,19204175828,user3552@example.com,普通会员
U-DOUYIN-568213,douyin_6828778,douyin,用户4732,m,24,成都,2025-10-12,16433232439,user3459@example.com,银卡会员
U-DOUYIN-568481,douyin_2746161,douyin,用户4194,m,23,杭州,2025-08-06,16925274328,user4242@example.com,钻石会员
U-DOUYIN-568587,douyin_2665096,douyin,用户9770,m,21,南京,2026-03-22,16809907228,user7872@example.com,普通会员
U-DOUYIN-568623,douyin_2466188,douyin,用户3367,f,60,北京,2026-11-27,17146330695,user4448@example.com,银卡会员
U-DOUYIN-569053,douyin_3261128,douyin,用户7164,m,23,杭州,2026-03-27,13123351157,user9662@example.com,钻石会员
U-DOUYIN-569620,douyin_6611689,douyin,用户7659,f,39,南京,2026-10-08,17237211432,user3786@example.com,普通会员
U-DOUYIN-569708,douyin_9723855,douyin,用户4748,f,34,西安,2025-02-06,18454821566,user3860@example.com,金卡会员
U-DOUYIN-569741,douyin_5322270,douyin,用户1703,m,37,广州,2025-09-15,13717607608,user5365@example.com,钻石会员
U-DOUYIN-570221,douyin_6808317,douyin,用户1136,f,40,西安,2025-01-10,14105898033,user2612@example.com,银卡会员
U-DOUYIN-570541,douyin_9367333,douyin,用户3152,m,50,杭州,2026-08-11,15934366892,user5617@example.com,金卡会员
U-DOUYIN-572024,douyin_5889830,douyin,用户9284,f,44,广州,2025-06-10,13910836971,user3621@example.com,钻石会员
U-DOUYIN-572389,douyin_7120275,douyin,用户5680,f,51,重庆,2026-06-22,19843434816,user8986@example.com,银卡会员
U-DOUYIN-572694,douyin_3193429,douyin,用户9085,m,22,成都,2025-08-12,15233908714,user3477@example.com,金卡会员
U-DOUYIN-572719,douyin_9576720,douyin,用户6628,m,30,上海,2026-12-18,16621681867,user7937@example.com,金卡会员
U-DOUYIN-574238,douyin_9750654,douyin,用户7975,m,19,西安,2025-07-20,15925590016,user8645@example.com,金卡会员
U-DOUYIN-574245,douyin_7468516,douyin,用户5859,m,45,重庆,2026-11-24,17381638849,user8685@example.com,银卡会员
U-DOUYIN-574666,douyin_5234988,douyin,用户6780,f,36,重庆,2025-08-10,17567965101,user7875@example.com,普通会员
U-DOUYIN-575861,douyin_8708242,douyin,用户8053,m,57,杭州,2026-10-05,18544199691,user3733@example.com,钻石会员
U-DOUYIN-576192,douyin_2146876,douyin,用户8143,m,48,西安,2025-02-15,13805242520,user8345@example.com,钻石会员
U-DOUYIN-577044,douyin_9365953,douyin,用户7335,m,43,南京,2025-02-11,17233114497,user2129@example.com,银卡会员
U-DOUYIN-577173,douyin_5701805,douyin,用户7736,f,52,成都,2025-11-26,17592127166,user5580@example.com,金卡会员
U-DOUYIN-577386,douyin_2633422,douyin,用户5492,m,56,广州,2025-01-20,17272816396,user5243@example.com,普通会员
U-DOUYIN-577899,douyin_4999958,douyin,用户5694,f,55,重庆,2025-02-27,14527952507,user2118@example.com,银卡会员
U-DOUYIN-577908,douyin_3506237,douyin,用户6706,m,20,武汉,2025-11-22,15519254280,user2490@example.com,普通会员
U-DOUYIN-577945,douyin_1019608,douyin,用户7865,m,25,西安,2025-12-05,14612359936,user1731@example.com,钻石会员
U-DOUYIN-578004,douyin_4449022,douyin,用户6305,f,23,杭州,2025-01-25,15231212452,user5789@example.com,普通会员
U-DOUYIN-580233,douyin_5349255,douyin,用户3639,f,44,广州,2026-06-07,19533165535,user2102@example.com,普通会员
U-DOUYIN-580569,douyin_3156062,douyin,用户7575,f,58,成都,2026-01-17,16414651373,user8856@example.com,金卡会员
U-DOUYIN-580802,douyin_9373043,douyin,用户1182,m,27,成都,2025-03-19,15468222386,user2556@example.com,钻石会员
U-DOUYIN-581109,douyin_1550907,douyin,用户9342,m,38,上海,2025-06-16,15846319624,user1458@example.com,钻石会员
U-DOUYIN-581195,douyin_9504469,douyin,用户5515,m,44,北京,2025-05-09,14701023477,user4152@example.com,钻石会员
U-DOUYIN-582305,douyin_9118402,douyin,用户6483,m,58,西安,2026-11-24,14290203766,user6272@example.com,普通会员
U-DOUYIN-582470,douyin_1113745,douyin,用户6895,m,47,西安,2025-12-18,19783061984,user5543@example.com,银卡会员
U-DOUYIN-582728,douyin_4103539,douyin,用户6887,f,57,杭州,2026-05-01,16744545908,user7496@example.com,普通会员
U-DOUYIN-583265,douyin_9151542,douyin,用户6214,f,20,武汉,2026-11-28,14468778731,user9075@example.com,银卡会员
U-DOUYIN-583845,douyin_9746399,douyin,用户3538,m,33,上海,2025-10-14,14373293431,user5785@example.com,钻石会员
U-DOUYIN-584226,douyin_9227156,douyin,用户6582,f,31,杭州,2026-04-19,19974599659,user6196@example.com,银卡会员
U-DOUYIN-585230,douyin_4712916,douyin,用户8295,f,29,杭州,2025-06-03,13532474787,user6877@example.com,金卡会员
U-DOUYIN-585426,douyin_9248746,douyin,用户3592,m,43,成都,2026-06-01,17759047388,user1896@example.com,普通会员
U-DOUYIN-585506,douyin_1055892,douyin,用户4437,f,60,成都,2026-09-21,18294910310,user7879@example.com,普通会员
U-DOUYIN-585532,douyin_7101093,douyin,用户2217,f,49,杭州,2026-05-03,16757877914,user1319@example.com,钻石会员
U-DOUYIN-585594,douyin_3443126,douyin,用户2567,f,18,南京,2026-11-18,18108401663,user1827@example.com,银卡会员
U-DOUYIN-585660,douyin_9689916,douyin,用户7102,f,44,武汉,2025-02-26,13359979045,user3981@example.com,金卡会员
U-DOUYIN-585918,douyin_9239446,douyin,用户1340,f,42,上海,2025-10-27,19477411707,user6346@example.com,钻石会员
U-DOUYIN-585941,douyin_9173696,douyin,用户5493,m,43,南京,2026-02-14,13638549157,user1512@example.com,普通会员
U-DOUYIN-586022,douyin_7265134,douyin,用户7044,f,50,南京,2025-04-13,17384912541,user9096@example.com,银卡会员
U-DOUYIN-586533,douyin_7432512,douyin,用户4868,f,52,武汉,2026-12-20,15576868870,user5872@example.com,银卡会员
U-DOUYIN-586683,douyin_7222174,douyin,用户3711,f,21,南京,2026-02-12,16428437734,user6803@example.com,普通会员
U-DOUYIN-586929,douyin_7666889,douyin,用户3303,m,36,上海,2025-09-27,13395058284,user1477@example.com,金卡会员
U-DOUYIN-587314,douyin_4531047,douyin,用户5571,f,27,杭州,2026-11-28,14918385260,user9268@example.com,钻石会员
U-DOUYIN-587588,douyin_8521196,douyin,用户5919,f,40,深圳,2025-01-28,13694929585,user1070@example.com,普通会员
U-DOUYIN-588390,douyin_9113990,douyin,用户4912,m,26,西安,2025-03-08,14672879516,user3604@example.com,金卡会员
U-DOUYIN-588685,douyin_9400158,douyin,用户3816,f,40,重庆,2025-01-20,17453382265,user2042@example.com,金卡会员
U-DOUYIN-588880,douyin_5312166,douyin,用户2677,f,27,武汉,2026-07-04,18900820506,user4257@example.com,普通会员
U-DOUYIN-589030,douyin_8201487,douyin,用户2416,f,49,杭州,2026-01-02,18259068683,user1865@example.com,钻石会员
U-DOUYIN-589939,douyin_3384073,douyin,用户8411,m,42,南京,2026-12-15,19485889879,user7510@example.com,钻石会员
U-DOUYIN-590272,douyin_1972185,douyin,用户2387,f,54,北京,2025-09-16,15892253162,user7487@example.com,钻石会员
U-DOUYIN-590663,douyin_9516363,douyin,用户4347,f,45,广州,2025-05-20,13205763900,user8793@example.com,银卡会员
U-DOUYIN-590714,douyin_4505750,douyin,用户1174,f,54,杭州,2025-09-04,17887580758,user2600@example.com,银卡会员
U-DOUYIN-590976,douyin_7350530,douyin,用户1293,m,24,杭州,2025-06-11,13401061899,user4079@example.com,普通会员
U-DOUYIN-591445,douyin_6603016,douyin,用户2700,m,56,武汉,2025-03-19,17743400870,user1509@example.com,金卡会员
U-DOUYIN-591570,douyin_4627682,douyin,用户9724,f,41,西安,2025-09-17,18708079191,user1899@example.com,金卡会员
U-DOUYIN-592585,douyin_1383457,douyin,用户6296,m,53,上海,2026-03-16,19199402163,user1627@example.com,钻石会员
U-DOUYIN-593186,douyin_3903014,douyin,用户7884,f,35,杭州,2025-03-18,17726967313,user5561@example.com,普通会员
U-DOUYIN-593457,douyin_9077220,douyin,用户8864,f,30,重庆,2026-03-24,17911741254,user6516@example.com,银卡会员
U-DOUYIN-593833,douyin_4771045,douyin,用户8091,f,18,广州,2025-11-26,13606760582,user4515@example.com,钻石会员
U-DOUYIN-594109,douyin_9473400,douyin,用户9985,m,38,深圳,2025-06-09,16637044668,user8519@example.com,钻石会员
U-DOUYIN-594186,douyin_6822588,douyin,用户9611,m,51,南京,2025-09-16,15551993734,user6743@example.com,银卡会员
U-DOUYIN-594804,douyin_7863876,douyin,用户6474,m,52,南京,2025-05-12,16623777202,user5051@example.com,金卡会员
U-DOUYIN-596373,douyin_7050499,douyin,用户2499,m,34,广州,2026-05-03,17856227503,user9547@example.com,金卡会员
U-DOUYIN-596412,douyin_1857808,douyin,用户8648,m,18,成都,2026-07-06,13523785693,user3406@example.com,银卡会员
U-DOUYIN-596699,douyin_7522591,douyin,用户5898,m,54,西安,2025-04-13,14550921898,user2803@example.com,银卡会员
U-DOUYIN-596793,douyin_5956846,douyin,用户8295,m,52,深圳,2025-12-28,15117417290,user4808@example.com,金卡会员
U-DOUYIN-596883,douyin_9536137,douyin,用户6172,m,40,西安,2025-07-11,15403785709,user4406@example.com,普通会员
U-DOUYIN-597515,douyin_3775452,douyin,用户5911,f,40,西安,2026-11-17,13779146960,user7762@example.com,金卡会员
U-DOUYIN-597764,douyin_9027745,douyin,用户5238,f,56,北京,2025-08-10,18510502755,user6996@example.com,金卡会员
U-DOUYIN-597860,douyin_7400783,douyin,用户9444,f,49,广州,2026-05-03,13200438542,user4518@example.com,普通会员
U-DOUYIN-598076,douyin_5428162,douyin,用户6443,f,29,南京,2026-06-17,16257588871,user4866@example.com,金卡会员
U-DOUYIN-598829,douyin_5536869,douyin,用户3138,f,18,杭州,2025-05-27,14576429490,user7332@example.com,金卡会员
U-DOUYIN-598877,douyin_7857681,douyin,用户1785,m,59,武汉,2026-03-23,19845806467,user1123@example.com,钻石会员
U-DOUYIN-598909,douyin_3397210,douyin,用户2378,m,59,重庆,2026-12-05,13920433198,user3851@example.com,银卡会员
U-DOUYIN-599071,douyin_4984742,douyin,用户4685,f,45,北京,2025-12-04,18487491938,user6783@example.com,银卡会员
U-DOUYIN-599193,douyin_5475867,douyin,用户9519,m,29,成都,2025-09-15,18192777270,user2755@example.com,普通会员
U-DOUYIN-599898,douyin_8084231,douyin,用户2340,f,25,北京,2026-01-02,18223798933,user8749@example.com,金卡会员
U-DOUYIN-599971,douyin_5877895,douyin,用户2694,f,56,北京,2025-12-05,13526677842,user6002@example.com,钻石会员
U-DOUYIN-599981,douyin_7334934,douyin,用户3296,m,24,广州,2025-02-04,15498807252,user2700@example.com,普通会员
U-DOUYIN-600139,douyin_2555242,douyin,用户8515,f,54,北京,2025-02-16,16482772930,user7492@example.com,钻石会员
U-DOUYIN-600898,douyin_1293695,douyin,用户1944,f,32,北京,2026-04-20,15170759914,user7571@example.com,金卡会员
U-DOUYIN-600904,douyin_4843881,douyin,用户2437,f,56,西安,2026-08-12,18667603994,user3892@example.com,普通会员
U-DOUYIN-601009,douyin_9420507,douyin,用户9864,m,57,上海,2026-03-07,13227478285,user6657@example.com,银卡会员
U-DOUYIN-601013,douyin_6389551,douyin,用户6611,m,38,成都,2026-09-17,15235924501,user2188@example.com,普通会员
U-DOUYIN-601193,douyin_8383146,douyin,用户3365,f,41,杭州,2025-08-13,13750592869,user1843@example.com,普通会员
U-DOUYIN-601564,douyin_7415678,douyin,用户2286,m,26,成都,2025-10-17,16432658112,user1262@example.com,银卡会员
U-DOUYIN-601813,douyin_4152160,douyin,用户5506,m,59,南京,2026-09-19,19758225404,user2041@example.com,银卡会员
U-DOUYIN-601831,douyin_9767268,douyin,用户8687,m,49,北京,2025-12-21,19957541767,user3509@example.com,钻石会员
U-DOUYIN-602186,douyin_3618884,douyin,用户6831,m,50,杭州,2025-03-25,15484956996,user2230@example.com,钻石会员
U-DOUYIN-602371,douyin_5176742,douyin,用户2159,f,42,武汉,2026-11-01,18739043042,user9700@example.com,银卡会员
U-DOUYIN-602475,douyin_5516701,douyin,用户9437,f,54,南京,2025-04-26,14523685906,user8171@example.com,金卡会员
U-DOUYIN-602500,douyin_3141213,douyin,用户1327,f,36,广州,2026-10-16,13365781666,user5182@example.com,金卡会员
U-DOUYIN-603001,douyin_2638206,douyin,用户4005,m,51,重庆,2025-09-17,18517507621,user7942@example.com,钻石会员
U-DOUYIN-603158,douyin_5066109,douyin,用户1838,m,43,重庆,2025-11-28,14309281078,user1858@example.com,普通会员
U-DOUYIN-604129,douyin_1973470,douyin,用户4064,m,28,杭州,2026-07-11,13834698567,user8121@example.com,普通会员
U-DOUYIN-604409,douyin_6994309,douyin,用户8444,f,57,重庆,2026-08-06,19123499458,user6742@example.com,金卡会员
U-DOUYIN-604924,douyin_9742040,douyin,用户4897,f,45,深圳,2026-05-23,14251941084,user2490@example.com,金卡会员
U-DOUYIN-605010,douyin_6919791,douyin,用户4942,f,44,武汉,2025-07-24,16380463968,user7927@example.com,银卡会员
U-DOUYIN-605322,douyin_1172321,douyin,用户3577,f,46,北京,2025-11-23,17892231860,user2317@example.com,银卡会员
U-DOUYIN-606567,douyin_8832737,douyin,用户6130,m,35,深圳,2025-12-10,14594154067,user9937@example.com,普通会员
U-DOUYIN-606898,douyin_4972724,douyin,用户4922,f,43,杭州,2026-01-16,18953557612,user4282@example.com,金卡会员
U-DOUYIN-607139,douyin_2143928,douyin,用户2558,f,20,北京,2025-09-05,19585916014,user1065@example.com,钻石会员
U-DOUYIN-607296,douyin_1598032,douyin,用户1547,f,49,重庆,2025-07-06,17897730423,user9950@example.com,普通会员
U-DOUYIN-607748,douyin_7587228,douyin,用户4657,f,44,南京,2026-09-10,17319779594,user9829@example.com,银卡会员
U-DOUYIN-608787,douyin_5298147,douyin,用户6819,f,18,重庆,2025-07-04,13580963057,user9779@example.com,银卡会员
U-DOUYIN-609145,douyin_7779862,douyin,用户8467,m,25,北京,2025-05-14,18997245147,user1293@example.com,钻石会员
U-DOUYIN-609437,douyin_3764969,douyin,用户7010,m,56,成都,2026-08-12,17447170662,user7543@example.com,银卡会员
U-DOUYIN-609587,douyin_2767810,douyin,用户7320,m,23,杭州,2025-04-20,16949265664,user9700@example.com,钻石会员
U-DOUYIN-610925,douyin_4097791,douyin,用户5444,m,36,深圳,2026-09-22,17111585483,user6963@example.com,金卡会员
U-DOUYIN-611185,douyin_5804792,douyin,用户9244,m,30,深圳,2026-12-25,17420624774,user2972@example.com,普通会员
U-DOUYIN-611232,douyin_5382990,douyin,用户5944,f,52,武汉,2025-08-17,13575062680,user3450@example.com,银卡会员
U-DOUYIN-611273,douyin_9264393,douyin,用户2704,m,53,成都,2025-06-23,13477433445,user7948@example.com,钻石会员
U-DOUYIN-611448,douyin_8541939,douyin,用户2657,f,20,北京,2025-06-18,15467372010,user3241@example.com,金卡会员
U-DOUYIN-611460,douyin_2862352,douyin,用户7469,m,47,武汉,2026-05-18,14366042574,user2469@example.com,银卡会员
U-DOUYIN-611611,douyin_4596274,douyin,用户8886,m,41,成都,2025-06-19,18511660650,user4358@example.com,钻石会员
U-DOUYIN-612176,douyin_9354620,douyin,用户5038,m,45,深圳,2026-08-03,13902062783,user5661@example.com,钻石会员
U-DOUYIN-612901,douyin_2919869,douyin,用户8029,m,56,北京,2026-11-02,19816052113,user4280@example.com,钻石会员
U-DOUYIN-613259,douyin_3946216,douyin,用户5846,m,27,南京,2025-01-05,17677119694,user2114@example.com,金卡会员
U-DOUYIN-614002,douyin_4002281,douyin,用户4569,m,36,成都,2025-10-28,15982776845,user9097@example.com,普通会员
U-DOUYIN-614797,douyin_9558605,douyin,用户8233,m,18,南京,2026-12-05,18394292929,user8425@example.com,钻石会员
U-DOUYIN-615211,douyin_9893337,douyin,用户4110,m,27,武汉,2026-10-14,16767660619,user7606@example.com,银卡会员
U-DOUYIN-615365,douyin_2000418,douyin,用户1852,f,45,武汉,2026-04-03,19604999624,user3141@example.com,钻石会员
U-DOUYIN-615492,douyin_1730656,douyin,用户2381,f,24,广州,2026-11-15,13471661277,user9837@example.com,银卡会员
U-DOUYIN-615514,douyin_2881746,douyin,用户5638,m,55,深圳,2025-10-21,15346666774,user5501@example.com,钻石会员
U-DOUYIN-615613,douyin_8966628,douyin,用户4493,m,32,成都,2026-07-25,15963762030,user2636@example.com,金卡会员
U-DOUYIN-615676,douyin_6188540,douyin,用户4214,f,22,北京,2025-11-13,17837972285,user9376@example.com,银卡会员
U-DOUYIN-615875,douyin_3164994,douyin,用户9370,f,26,上海,2026-02-28,13955712304,user8999@example.com,金卡会员
U-DOUYIN-616552,douyin_1837319,douyin,用户4558,m,20,西安,2026-07-11,18500120353,user5092@example.com,金卡会员
U-DOUYIN-617705,douyin_9559960,douyin,用户5524,m,49,南京,2026-03-17,16990936809,user9720@example.com,银卡会员
U-DOUYIN-618035,douyin_9127364,douyin,用户2132,f,41,武汉,2025-09-17,16272426947,user6602@example.com,金卡会员
U-DOUYIN-618965,douyin_5765885,douyin,用户7378,f,49,武汉,2025-04-16,16928463709,user2012@example.com,普通会员
U-DOUYIN-619246,douyin_3296638,douyin,用户5034,m,27,重庆,2025-11-06,14630830640,user8780@example.com,钻石会员
U-DOUYIN-619298,douyin_9729674,douyin,用户2879,m,51,西安,2026-11-04,17668764851,user9298@example.com,钻石会员
U-DOUYIN-619390,douyin_2726701,douyin,用户8394,f,52,深圳,2026-04-10,19881137472,user6387@example.com,普通会员
U-DOUYIN-619660,douyin_9044057,douyin,用户6885,m,29,北京,2025-02-01,19552812167,user4060@example.com,普通会员
U-DOUYIN-620374,douyin_5986707,douyin,用户9961,f,38,杭州,2025-12-13,15571753674,user2841@example.com,普通会员
U-DOUYIN-621299,douyin_9549919,douyin,用户5618,f,51,北京,2026-09-08,17942917481,user3332@example.com,普通会员
U-DOUYIN-621312,douyin_4286215,douyin,用户3765,f,28,杭州,2025-07-07,16781369429,user5063@example.com,银卡会员
U-DOUYIN-621497,douyin_9313151,douyin,用户9015,m,18,北京,2026-11-10,15778157524,user7104@example.com,金卡会员
U-DOUYIN-621908,douyin_2089291,douyin,用户7179,m,51,上海,2026-02-09,13993375782,user1766@example.com,普通会员
U-DOUYIN-621951,douyin_8053382,douyin,用户6023,m,27,广州,2025-05-28,19443905328,user1547@example.com,银卡会员
U-DOUYIN-622119,douyin_6904249,douyin,用户8993,f,47,杭州,2025-08-24,19104345562,user5435@example.com,银卡会员
U-DOUYIN-622128,douyin_5526017,douyin,用户9803,f,21,杭州,2025-12-11,16889785577,user6874@example.com,银卡会员
U-DOUYIN-622723,douyin_9887057,douyin,用户6139,f,36,南京,2025-05-16,13355843761,user6046@example.com,普通会员
U-DOUYIN-622735,douyin_4348796,douyin,用户6836,f,39,深圳,2025-03-25,17834266365,user5227@example.com,钻石会员
U-DOUYIN-622790,douyin_7474910,douyin,用户3391,m,21,成都,2026-02-22,14356009780,user4997@example.com,钻石会员
U-DOUYIN-622849,douyin_1424390,douyin,用户8625,f,23,南京,2025-10-27,15988912863,user3529@example.com,金卡会员
U-DOUYIN-623076,douyin_4242457,douyin,用户9630,m,34,重庆,2026-07-01,16184015141,user2451@example.com,普通会员
U-DOUYIN-623245,douyin_5523690,douyin,用户8610,f,24,武汉,2025-07-27,15342944362,user9413@example.com,银卡会员
U-DOUYIN-623507,douyin_2902152,douyin,用户2487,m,34,深圳,2026-02-26,19127540594,user1875@example.com,银卡会员
U-DOUYIN-624373,douyin_7389652,douyin,用户4214,f,41,广州,2026-12-13,19965630782,user3815@example.com,银卡会员
U-DOUYIN-626020,douyin_4131346,douyin,用户2046,f,54,北京,2025-02-15,19808808203,user6268@example.com,银卡会员
U-DOUYIN-627959,douyin_7377928,douyin,用户5968,f,38,广州,2025-12-04,14956339385,user6433@example.com,普通会员
U-DOUYIN-628858,douyin_1396594,douyin,用户8063,f,50,上海,2026-03-18,14766950918,user6298@example.com,钻石会员
U-DOUYIN-629184,douyin_9113460,douyin,用户2303,f,38,上海,2025-12-11,14772983198,user9350@example.com,金卡会员
U-DOUYIN-629268,douyin_6821404,douyin,用户7328,m,29,南京,2025-06-27,13877426258,user9473@example.com,普通会员
U-DOUYIN-629309,douyin_2907350,douyin,用户3010,m,52,杭州,2025-04-07,19997738559,user7347@example.com,金卡会员
U-DOUYIN-629893,douyin_4758580,douyin,用户6939,f,60,北京,2026-01-07,16745279586,user3866@example.com,普通会员
U-DOUYIN-630231,douyin_6100355,douyin,用户2248,f,31,重庆,2025-05-17,13874297223,user1230@example.com,普通会员
U-DOUYIN-630279,douyin_3898440,douyin,用户5461,m,52,武汉,2025-04-01,18948220573,user9385@example.com,普通会员
U-DOUYIN-630348,douyin_1352989,douyin,用户3721,f,31,南京,2025-01-23,14356001558,user6173@example.com,银卡会员
U-DOUYIN-630573,douyin_9932988,douyin,用户4118,f,46,上海,2025-05-24,15997915225,user4046@example.com,金卡会员
U-DOUYIN-630584,douyin_8808543,douyin,用户5023,m,57,深圳,2025-02-16,15150130061,user4844@example.com,金卡会员
U-DOUYIN-630821,douyin_3162974,douyin,用户2862,f,44,成都,2025-09-27,19168981287,user7623@example.com,银卡会员
U-DOUYIN-630968,douyin_2845541,douyin,用户1064,f,20,西安,2026-08-04,14601594771,user2905@example.com,金卡会员
U-DOUYIN-631462,douyin_6780185,douyin,用户3898,m,42,重庆,2025-05-06,15306209961,user2705@example.com,普通会员
U-DOUYIN-631779,douyin_8865960,douyin,用户3079,m,39,广州,2025-01-15,17880985954,user8128@example.com,金卡会员
U-DOUYIN-632858,douyin_4272795,douyin,用户4247,m,36,北京,2025-09-10,17102251516,user9556@example.com,银卡会员
U-DOUYIN-633331,douyin_2938250,douyin,用户6179,m,30,西安,2025-11-15,17953413850,user2716@example.com,普通会员
U-DOUYIN-633474,douyin_8455542,douyin,用户6625,m,56,广州,2025-08-23,19857073326,user2740@example.com,金卡会员
U-DOUYIN-633647,douyin_5772267,douyin,用户4232,f,56,上海,2026-02-20,15252241526,user1059@example.com,金卡会员
U-DOUYIN-634005,douyin_4796012,douyin,用户2304,f,50,深圳,2025-02-25,16665134999,user4261@example.com,金卡会员
U-DOUYIN-634509,douyin_1386064,douyin,用户7445,m,57,杭州,2026-01-20,13295966083,user6238@example.com,普通会员
U-DOUYIN-634619,douyin_7238230,douyin,用户6750,m,32,深圳,2025-01-20,19493590012,user2145@example.com,银卡会员
U-DOUYIN-634821,douyin_2616739,douyin,用户7035,m,56,西安,2025-08-14,17234080884,user2438@example.com,银卡会员
U-DOUYIN-635022,douyin_9030023,douyin,用户9037,m,23,上海,2025-08-13,13455015329,user8413@example.com,银卡会员
U-DOUYIN-635156,douyin_3489142,douyin,用户3496,m,22,武汉,2025-10-15,15885608622,user1372@example.com,金卡会员
U-DOUYIN-635285,douyin_3254915,douyin,用户1689,f,60,杭州,2025-07-17,15699738886,user2954@example.com,普通会员
U-DOUYIN-635858,douyin_9433305,douyin,用户4796,m,28,上海,2026-02-08,13322202899,user5506@example.com,钻石会员
U-DOUYIN-635917,douyin_1022625,douyin,用户4361,f,32,武汉,2026-09-25,18597553439,user5707@example.com,钻石会员
U-DOUYIN-637300,douyin_9949045,douyin,用户3746,m,46,成都,2026-06-03,15422482283,user2900@example.com,银卡会员
U-DOUYIN-638929,douyin_2197718,douyin,用户8889,f,38,武汉,2025-07-20,13284602426,user5617@example.com,银卡会员
U-DOUYIN-639076,douyin_7498134,douyin,用户9383,m,36,上海,2026-08-09,19202499503,user4816@example.com,银卡会员
U-DOUYIN-639339,douyin_3589138,douyin,用户1872,f,30,杭州,2025-04-27,16846438146,user1726@example.com,银卡会员
U-DOUYIN-639598,douyin_5288910,douyin,用户1391,m,27,北京,2026-02-14,18521360430,user4929@example.com,银卡会员
U-DOUYIN-640114,douyin_6727264,douyin,用户8066,f,21,南京,2025-10-26,16331505884,user1415@example.com,金卡会员
U-DOUYIN-640204,douyin_5638526,douyin,用户2344,f,46,西安,2026-11-09,18460491115,user6179@example.com,钻石会员
U-DOUYIN-640434,douyin_3153913,douyin,用户8208,m,50,成都,2025-07-11,19467408576,user4058@example.com,钻石会员
U-DOUYIN-641027,douyin_9798711,douyin,用户2115,f,30,深圳,2026-01-21,17147247957,user6418@example.com,普通会员
U-DOUYIN-641208,douyin_1208441,douyin,用户7252,m,37,广州,2025-09-10,15935384166,user3129@example.com,钻石会员
U-DOUYIN-641836,douyin_1968228,douyin,用户8711,f,35,上海,2026-03-24,18801708796,user1744@example.com,银卡会员
U-DOUYIN-642109,douyin_8229828,douyin,用户5459,m,32,重庆,2026-10-09,15584254363,user7189@example.com,金卡会员
U-DOUYIN-642305,douyin_7918230,douyin,用户6821,m,40,广州,2025-11-16,18532295294,user4731@example.com,钻石会员
U-DOUYIN-642537,douyin_9071333,douyin,用户2580,m,56,南京,2026-03-05,14329581837,user4536@example.com,普通会员
U-DOUYIN-642863,douyin_5205633,douyin,用户8908,f,45,西安,2026-08-18,16986326121,user4408@example.com,金卡会员
U-DOUYIN-643231,douyin_8270886,douyin,用户8064,m,48,北京,2026-10-09,17102068835,user6398@example.com,银卡会员
U-DOUYIN-643241,douyin_1270882,douyin,用户5822,f,24,成都,2026-09-17,17435370457,user8067@example.com,普通会员
U-DOUYIN-643341,douyin_1028220,douyin,用户4421,f,53,深圳,2026-11-20,13593756717,user5864@example.com,普通会员
U-DOUYIN-643486,douyin_2016689,douyin,用户3923,f,51,深圳,2026-11-10,16321121367,user4811@example.com,金卡会员
U-DOUYIN-643758,douyin_8149322,douyin,用户5045,m,18,深圳,2026-01-19,19317745795,user2065@example.com,银卡会员
U-DOUYIN-644505,douyin_3982795,douyin,用户6345,m,19,重庆,2026-12-27,14443659343,user9545@example.com,银卡会员
U-DOUYIN-644568,douyin_5945244,douyin,用户1592,m,38,武汉,2026-03-23,19623780291,user6664@example.com,金卡会员
U-DOUYIN-645130,douyin_2064666,douyin,用户2982,f,38,深圳,2026-12-09,13314315769,user1814@example.com,金卡会员
U-DOUYIN-645290,douyin_2652796,douyin,用户6223,m,57,南京,2026-12-24,13230942716,user7649@example.com,钻石会员
U-DOUYIN-645346,douyin_7537983,douyin,用户6643,m,29,西安,2026-08-20,14711243302,user5709@example.com,银卡会员
U-DOUYIN-646049,douyin_7034684,douyin,用户1702,f,33,北京,2025-09-10,13999405709,user9497@example.com,银卡会员
U-DOUYIN-646392,douyin_4790021,douyin,用户8756,f,60,杭州,2025-08-20,17828341513,user8255@example.com,金卡会员
U-DOUYIN-649010,douyin_2823831,douyin,用户5608,f,56,重庆,2025-10-13,14409808907,user7896@example.com,金卡会员
U-DOUYIN-649605,douyin_2717589,douyin,用户9773,m,30,武汉,2026-09-03,16313890303,user6927@example.com,普通会员
U-DOUYIN-650025,douyin_6764228,douyin,用户6227,m,26,重庆,2026-11-21,15510667672,user7476@example.com,金卡会员
U-DOUYIN-650351,douyin_3204783,douyin,用户3439,m,23,武汉,2025-08-23,18873307090,user2266@example.com,银卡会员
U-DOUYIN-650559,douyin_8767799,douyin,用户7073,f,53,重庆,2026-04-05,19789675658,user5999@example.com,银卡会员
U-DOUYIN-650948,douyin_1240522,douyin,用户9813,f,43,成都,2026-10-03,17747391076,user3746@example.com,钻石会员
U-DOUYIN-651073,douyin_6906492,douyin,用户8549,f,46,西安,2026-08-23,17982577457,user6294@example.com,银卡会员
U-DOUYIN-651448,douyin_2546732,douyin,用户4607,m,38,杭州,2026-11-27,14908481425,user5218@example.com,钻石会员
U-DOUYIN-653721,douyin_3117739,douyin,用户1424,f,19,西安,2026-09-09,15418756380,user2706@example.com,普通会员
U-DOUYIN-653846,douyin_8763849,douyin,用户3043,m,29,北京,2025-09-02,17762485365,user2307@example.com,普通会员
U-DOUYIN-653908,douyin_3747072,douyin,用户1278,m,31,南京,2026-01-16,16816747879,user3251@example.com,金卡会员
U-DOUYIN-654140,douyin_7973301,douyin,用户7828,m,30,广州,2026-12-18,18436653135,user9596@example.com,普通会员
U-DOUYIN-654515,douyin_7018056,douyin,用户1385,f,18,杭州,2026-12-08,16432629895,user7605@example.com,普通会员
U-DOUYIN-654693,douyin_7984594,douyin,用户4547,f,48,上海,2025-07-05,18721752556,user7845@example.com,普通会员
U-DOUYIN-654828,douyin_6642979,douyin,用户4280,m,44,武汉,2025-10-07,17791708217,user4661@example.com,钻石会员
U-DOUYIN-655419,douyin_7598548,douyin,用户3447,f,34,武汉,2025-10-10,17120679292,user9851@example.com,钻石会员
U-DOUYIN-656393,douyin_1696875,douyin,用户5319,m,19,西安,2025-11-02,19190306924,user9887@example.com,普通会员
U-DOUYIN-656416,douyin_2665669,douyin,用户3228,m,20,成都,2026-10-07,13813250735,user9539@example.com,银卡会员
U-DOUYIN-656549,douyin_5666763,douyin,用户7063,f,56,西安,2026-08-07,14566504804,user7456@example.com,钻石会员
U-DOUYIN-656703,douyin_3727169,douyin,用户8893,f,30,成都,2025-04-22,13536762904,user8225@example.com,银卡会员
U-DOUYIN-656779,douyin_9571802,douyin,用户8357,m,36,成都,2025-12-24,13420087634,user7144@example.com,普通会员
U-DOUYIN-657649,douyin_7397754,douyin,用户5435,f,44,杭州,2026-01-15,18950630885,user8980@example.com,钻石会员
U-DOUYIN-657829,douyin_6645006,douyin,用户3805,m,50,重庆,2026-08-05,18303863940,user3005@example.com,银卡会员
U-DOUYIN-658185,douyin_7878309,douyin,用户4581,m,38,重庆,2025-02-28,13339942394,user2880@example.com,金卡会员
U-DOUYIN-658581,douyin_4216477,douyin,用户4689,f,53,深圳,2025-11-16,19955176011,user9127@example.com,普通会员
U-DOUYIN-658906,douyin_3774682,douyin,用户7275,m,59,重庆,2025-06-12,17905128115,user9701@example.com,金卡会员
U-DOUYIN-658966,douyin_9994732,douyin,用户3255,f,22,成都,2026-12-04,19891577823,user2522@example.com,钻石会员
U-DOUYIN-659007,douyin_8156014,douyin,用户7611,m,26,南京,2025-01-09,15753176353,user7892@example.com,银卡会员
U-DOUYIN-659049,douyin_7641347,douyin,用户3217,f,52,杭州,2025-09-10,15754660786,user4481@example.com,钻石会员
U-DOUYIN-659067,douyin_7433414,douyin,用户5340,f,35,西安,2025-03-03,18991844484,user4372@example.com,钻石会员
U-DOUYIN-659131,douyin_1650198,douyin,用户5957,m,24,杭州,2025-02-04,16438657280,user7997@example.com,金卡会员
U-DOUYIN-659232,douyin_8577897,douyin,用户9106,m,20,杭州,2026-04-23,14692429821,user2309@example.com,金卡会员
U-DOUYIN-659581,douyin_6438230,douyin,用户9916,m,44,成都,2026-06-07,13301955612,user3092@example.com,普通会员
U-DOUYIN-661253,douyin_7226658,douyin,用户6372,f,20,广州,2025-06-17,17860493267,user6641@example.com,钻石会员
U-DOUYIN-661577,douyin_6128825,douyin,用户1819,f,50,成都,2025-07-10,13578986264,user2705@example.com,普通会员
U-DOUYIN-661986,douyin_5945754,douyin,用户8015,m,39,杭州,2025-12-13,16476404700,user1942@example.com,银卡会员
U-DOUYIN-663426,douyin_2203393,douyin,用户9640,m,46,西安,2025-02-12,19126322053,user6810@example.com,金卡会员
U-DOUYIN-663779,douyin_9758374,douyin,用户3465,m,44,武汉,2025-01-12,16156517354,user2587@example.com,钻石会员
U-DOUYIN-663851,douyin_9952228,douyin,用户3998,f,38,广州,2026-02-25,15587030409,user2592@example.com,金卡会员
U-DOUYIN-664062,douyin_9754349,douyin,用户8632,m,27,南京,2025-09-01,17552492142,user2050@example.com,钻石会员
U-DOUYIN-664361,douyin_3482512,douyin,用户7214,f,27,南京,2026-12-15,18900681049,user1792@example.com,银卡会员
U-DOUYIN-665441,douyin_6381177,douyin,用户2876,f,36,深圳,2025-01-27,17319699993,user7555@example.com,普通会员
U-DOUYIN-666006,douyin_7249826,douyin,用户5659,f,55,南京,2026-10-27,13289621190,user7480@example.com,普通会员
U-DOUYIN-666655,douyin_5763036,douyin,用户8126,f,60,广州,2026-05-13,14972036679,user7660@example.com,金卡会员
U-DOUYIN-666851,douyin_5376343,douyin,用户9217,f,42,广州,2025-03-20,18449983160,user3301@example.com,钻石会员
U-DOUYIN-668079,douyin_4916306,douyin,用户9996,m,33,西安,2026-01-01,13959252301,user9172@example.com,金卡会员
U-DOUYIN-668222,douyin_7202220,douyin,用户6444,f,43,杭州,2025-04-12,14854541904,user2878@example.com,钻石会员
U-DOUYIN-668356,douyin_4819097,douyin,用户8666,m,20,成都,2026-01-06,16526649166,user2556@example.com,金卡会员
U-DOUYIN-668458,douyin_2435598,douyin,用户8370,f,20,重庆,2026-01-27,18246209964,user2409@example.com,普通会员
U-DOUYIN-668564,douyin_1656663,douyin,用户8566,m,40,成都,2026-01-23,17308334039,user1781@example.com,银卡会员
U-DOUYIN-670020,douyin_1627374,douyin,用户6319,f,22,杭州,2025-07-27,13155851526,user5071@example.com,金卡会员
U-DOUYIN-670079,douyin_8232258,douyin,用户1137,m,43,重庆,2025-09-05,18215292209,user1094@example.com,普通会员
U-DOUYIN-670219,douyin_6013821,douyin,用户5785,m,37,杭州,2025-02-19,14640078485,user6422@example.com,金卡会员
U-DOUYIN-670433,douyin_8679725,douyin,用户1248,m,24,广州,2026-02-05,15726614917,user9582@example.com,钻石会员
U-DOUYIN-670758,douyin_2568250,douyin,用户1477,f,60,成都,2025-05-08,16683963592,user4385@example.com,钻石会员
U-DOUYIN-670886,douyin_6007009,douyin,用户1513,m,60,广州,2026-04-11,19490148754,user9230@example.com,银卡会员
U-DOUYIN-671159,douyin_1429611,douyin,用户3320,m,60,西安,2026-05-26,17520303035,user8373@example.com,金卡会员
U-DOUYIN-671184,douyin_3400198,douyin,用户3145,m,40,深圳,2025-03-20,18796172975,user5508@example.com,普通会员
U-DOUYIN-671413,douyin_7261509,douyin,用户6332,f,38,西安,2025-11-20,13737382784,user4600@example.com,钻石会员
U-DOUYIN-671987,douyin_9375108,douyin,用户4302,f,19,南京,2026-10-03,19993947126,user3377@example.com,钻石会员
U-DOUYIN-673611,douyin_3040422,douyin,用户4133,f,45,南京,2026-07-22,13312105302,user2971@example.com,普通会员
U-DOUYIN-674039,douyin_7451211,douyin,用户2564,m,21,杭州,2025-07-26,18283664675,user9713@example.com,钻石会员
U-DOUYIN-674178,douyin_9297670,douyin,用户5496,m,36,深圳,2025-04-04,15376262724,user9104@example.com,银卡会员
U-DOUYIN-675008,douyin_9435594,douyin,用户4777,f,39,武汉,2025-08-23,17736954907,user2621@example.com,钻石会员
U-DOUYIN-675326,douyin_9958577,douyin,用户8452,f,22,上海,2026-08-09,17802075309,user2098@example.com,金卡会员
U-DOUYIN-676088,douyin_4926955,douyin,用户8604,f,24,武汉,2026-10-28,17953914286,user5529@example.com,金卡会员
U-DOUYIN-676260,douyin_4505054,douyin,用户7612,m,45,武汉,2026-10-18,16320806276,user6249@example.com,普通会员
U-DOUYIN-676443,douyin_2733998,douyin,用户2915,f,58,广州,2026-11-14,15950637414,user1751@example.com,普通会员
U-DOUYIN-676775,douyin_8041033,douyin,用户5563,m,57,成都,2026-08-11,19978828406,user5727@example.com,钻石会员
U-DOUYIN-676910,douyin_2385469,douyin,用户1661,f,29,西安,2026-02-26,17967574745,user8090@example.com,银卡会员
U-DOUYIN-676934,douyin_6819093,douyin,用户5350,m,18,北京,2026-11-05,16700769178,user1184@example.com,普通会员
U-DOUYIN-677104,douyin_4875978,douyin,用户7743,m,19,成都,2025-08-04,18141187291,user4035@example.com,钻石会员
U-DOUYIN-677396,douyin_2703859,douyin,用户7522,f,59,广州,2025-11-10,17348257622,user3064@example.com,钻石会员
U-DOUYIN-677446,douyin_7799110,douyin,用户7087,f,47,广州,2026-03-20,16187296261,user9486@example.com,银卡会员
U-DOUYIN-677571,douyin_5705028,douyin,用户2117,f,42,成都,2026-01-25,13210529413,user5839@example.com,钻石会员
U-DOUYIN-677573,douyin_9828411,douyin,用户7514,m,60,广州,2026-12-17,16118132599,user5581@example.com,银卡会员
U-DOUYIN-677610,douyin_8726666,douyin,用户8367,f,46,南京,2025-05-10,16907857437,user3784@example.com,金卡会员
U-DOUYIN-678026,douyin_7692707,douyin,用户1433,m,60,广州,2026-03-21,13861179357,user7437@example.com,普通会员
U-DOUYIN-678174,douyin_5543863,douyin,用户6716,f,60,南京,2026-01-21,15799863252,user6825@example.com,钻石会员
U-DOUYIN-678841,douyin_9183711,douyin,用户8990,f,51,深圳,2026-09-26,15860301399,user5591@example.com,钻石会员
U-DOUYIN-679388,douyin_4048726,douyin,用户4437,f,31,南京,2025-08-10,19898033600,user2098@example.com,银卡会员
U-DOUYIN-680151,douyin_3888432,douyin,用户9665,m,46,深圳,2026-07-20,14667681730,user8372@example.com,钻石会员
U-DOUYIN-680352,douyin_7006635,douyin,用户4307,f,31,上海,2026-01-08,16988713473,user2652@example.com,普通会员
U-DOUYIN-680576,douyin_2385227,douyin,用户9550,f,59,西安,2025-12-18,15944127287,user8866@example.com,银卡会员
U-DOUYIN-681257,douyin_9477050,douyin,用户1428,m,46,南京,2025-09-28,14771666984,user4299@example.com,钻石会员
U-DOUYIN-681277,douyin_7983072,douyin,用户4016,f,25,南京,2025-01-15,18483629527,user9308@example.com,钻石会员
U-DOUYIN-681338,douyin_6319537,douyin,用户4060,m,38,成都,2026-04-09,15858036922,user5853@example.com,钻石会员
U-DOUYIN-681405,douyin_9392196,douyin,用户9657,m,52,深圳,2025-08-03,14558391844,user8989@example.com,普通会员
U-DOUYIN-682368,douyin_6045322,douyin,用户5469,m,31,上海,2025-10-03,13292539341,user5247@example.com,银卡会员
U-DOUYIN-682658,douyin_5476915,douyin,用户6121,m,47,北京,2025-09-09,17116259966,user1432@example.com,金卡会员
U-DOUYIN-682765,douyin_1913349,douyin,用户2935,f,33,广州,2025-05-04,14762716299,user6413@example.com,普通会员
U-DOUYIN-682903,douyin_1994639,douyin,用户2288,f,36,重庆,2025-03-12,14343763400,user5159@example.com,钻石会员
U-DOUYIN-683080,douyin_6199413,douyin,用户3784,f,18,广州,2026-11-13,15936297315,user9568@example.com,普通会员
U-DOUYIN-683625,douyin_7859419,douyin,用户9996,m,40,广州,2025-06-04,19211153778,user2612@example.com,银卡会员
U-DOUYIN-684257,douyin_5260311,douyin,用户4903,m,29,重庆,2025-04-13,13372700801,user8964@example.com,银卡会员
U-DOUYIN-684512,douyin_8169222,douyin,用户9856,m,32,武汉,2025-04-09,16747720534,user4836@example.com,普通会员
U-DOUYIN-685265,douyin_7723474,douyin,用户6735,m,43,杭州,2026-11-05,15590923839,user8748@example.com,金卡会员
U-DOUYIN-685490,douyin_9157920,douyin,用户6300,m,32,杭州,2025-07-19,13975266666,user9250@example.com,普通会员
U-DOUYIN-685892,douyin_4165258,douyin,用户6669,f,22,武汉,2026-11-20,14478425940,user7278@example.com,金卡会员
U-DOUYIN-685959,douyin_2010186,douyin,用户7192,m,42,广州,2025-11-20,16591886660,user5778@example.com,普通会员
U-DOUYIN-686410,douyin_8752658,douyin,用户6758,m,25,杭州,2025-03-12,14924629832,user8063@example.com,银卡会员
U-DOUYIN-686450,douyin_2807445,douyin,用户7252,m,32,成都,2025-09-09,18595829126,user3220@example.com,钻石会员
U-DOUYIN-687294,douyin_8007908,douyin,用户2316,m,38,重庆,2026-10-24,14366602482,user5829@example.com,钻石会员
U-DOUYIN-687368,douyin_9595272,douyin,用户3711,m,57,广州,2026-12-04,13176563598,user4592@example.com,普通会员
U-DOUYIN-688078,douyin_9824894,douyin,用户5147,m,26,上海,2026-01-06,19393309750,user8893@example.com,金卡会员
U-DOUYIN-688428,douyin_9054849,douyin,用户1269,f,37,深圳,2025-03-02,14664964207,user9641@example.com,金卡会员
U-DOUYIN-688793,douyin_5410135,douyin,用户8036,f,32,广州,2026-01-18,15489705113,user3461@example.com,钻石会员
U-DOUYIN-689172,douyin_2300766,douyin,用户4243,f,34,武汉,2025-02-25,16298082731,user8407@example.com,金卡会员
U-DOUYIN-689246,douyin_2646678,douyin,用户5004,m,48,武汉,2026-02-12,17178137657,user4646@example.com,钻石会员
U-DOUYIN-689419,douyin_5908122,douyin,用户4918,m,32,广州,2026-11-23,17655671954,user1872@example.com,普通会员
U-DOUYIN-689601,douyin_4648533,douyin,用户1804,f,50,杭州,2026-02-08,18267770302,user7306@example.com,普通会员
U-DOUYIN-690690,douyin_8674315,douyin,用户1594,m,42,重庆,2025-09-03,16655156561,user5513@example.com,银卡会员
U-DOUYIN-691771,douyin_3491128,douyin,用户1180,m,44,上海,2026-06-19,17657913517,user8526@example.com,银卡会员
U-DOUYIN-692486,douyin_9099840,douyin,用户2639,m,48,西安,2026-04-25,18200923968,user6772@example.com,银卡会员
U-DOUYIN-692702,douyin_4364648,douyin,用户7421,f,34,深圳,2026-08-12,13646830105,user5486@example.com,金卡会员
U-DOUYIN-692832,douyin_3925408,douyin,用户7746,m,36,西安,2025-10-02,14777956353,user1652@example.com,钻石会员
U-DOUYIN-692845,douyin_2561396,douyin,用户3543,m,25,重庆,2026-08-28,15201334751,user9923@example.com,普通会员
U-DOUYIN-693486,douyin_6414629,douyin,用户7991,m,40,广州,2026-11-04,16296456254,user2844@example.com,普通会员
U-DOUYIN-694187,douyin_8629594,douyin,用户6742,m,33,杭州,2026-04-21,15236963241,user2987@example.com,银卡会员
U-DOUYIN-694692,douyin_3138371,douyin,用户5024,f,28,成都,2026-07-09,18185855637,user3043@example.com,金卡会员
U-DOUYIN-694863,douyin_6776454,douyin,用户2884,m,48,西安,2026-03-12,19164817102,user4844@example.com,普通会员
U-DOUYIN-695806,douyin_6723933,douyin,用户9007,m,37,杭州,2026-12-07,18630059569,user9338@example.com,钻石会员
U-DOUYIN-696354,douyin_4805104,douyin,用户1282,m,30,深圳,2025-01-24,18621034920,user4434@example.com,普通会员
U-DOUYIN-696402,douyin_1377289,douyin,用户6703,f,29,北京,2025-02-02,15373840280,user9762@example.com,普通会员
U-DOUYIN-696432,douyin_8228806,douyin,用户4728,f,40,杭州,2025-11-26,17415529008,user9154@example.com,金卡会员
U-DOUYIN-697152,douyin_8746320,douyin,用户5996,f,49,南京,2025-10-27,14136380899,user1077@example.com,银卡会员
U-DOUYIN-697167,douyin_6381843,douyin,用户2354,f,47,广州,2026-08-15,15354518295,user5364@example.com,钻石会员
U-DOUYIN-697809,douyin_9563960,douyin,用户7769,m,41,西安,2025-01-03,18589541278,user2380@example.com,金卡会员
U-DOUYIN-698059,douyin_4453906,douyin,用户9968,f,28,广州,2026-06-07,17393714657,user4824@example.com,金卡会员
U-DOUYIN-698181,douyin_2601918,douyin,用户6241,m,52,杭州,2025-02-09,18537577733,user7898@example.com,银卡会员
U-DOUYIN-699057,douyin_6663885,douyin,用户6081,f,47,杭州,2026-02-08,19391565541,user8744@example.com,金卡会员
U-DOUYIN-699133,douyin_9924343,douyin,用户6048,f,35,广州,2025-02-07,15114374564,user7624@example.com,钻石会员
U-DOUYIN-699557,douyin_1462789,douyin,用户3893,m,49,南京,2026-05-02,18646107830,user8759@example.com,普通会员
U-DOUYIN-700085,douyin_1467389,douyin,用户2588,f,32,北京,2025-04-07,13441979670,user2237@example.com,银卡会员
U-DOUYIN-700217,douyin_1040871,douyin,用户4287,f,50,深圳,2026-11-14,18140431919,user3157@example.com,银卡会员
U-DOUYIN-700278,douyin_3120297,douyin,用户9793,f,40,西安,2025-03-27,15748917885,user4997@example.com,银卡会员
U-DOUYIN-700553,douyin_8538088,douyin,用户4088,m,52,武汉,2025-12-06,14971230326,user6586@example.com,银卡会员
U-DOUYIN-700917,douyin_2237656,douyin,用户7639,f,28,广州,2025-07-24,17721956096,user4584@example.com,金卡会员
U-DOUYIN-700992,douyin_3510499,douyin,用户6966,m,41,南京,2026-01-19,13482982152,user4446@example.com,钻石会员
U-DOUYIN-702817,douyin_6440968,douyin,用户5073,m,27,成都,2025-11-10,14697013311,user3044@example.com,钻石会员
U-DOUYIN-703706,douyin_7226941,douyin,用户9561,f,57,南京,2025-05-25,13924709096,user8644@example.com,金卡会员
U-DOUYIN-703965,douyin_8532349,douyin,用户8389,f,38,广州,2026-08-08,14341080167,user7574@example.com,金卡会员
U-DOUYIN-704048,douyin_8925210,douyin,用户7955,m,24,广州,2026-04-09,16199994621,user5976@example.com,钻石会员
U-DOUYIN-704400,douyin_5152559,douyin,用户6849,f,41,重庆,2026-07-25,19634534509,user6060@example.com,钻石会员
U-DOUYIN-704451,douyin_3229588,douyin,用户9854,m,54,重庆,2025-05-13,18737121589,user3988@example.com,钻石会员
U-DOUYIN-704728,douyin_1326601,douyin,用户3727,m,22,西安,2025-11-06,13112880438,user4401@example.com,普通会员
U-DOUYIN-705303,douyin_3050964,douyin,用户1295,m,35,广州,2026-03-17,14200532095,user1737@example.com,银卡会员
U-DOUYIN-706192,douyin_3668463,douyin,用户1163,f,50,广州,2026-09-21,15505964298,user1059@example.com,普通会员
U-DOUYIN-706464,douyin_7252974,douyin,用户8723,f,20,深圳,2025-04-23,15499387781,user4550@example.com,普通会员
U-DOUYIN-706590,douyin_3689942,douyin,用户9847,f,58,西安,2026-05-17,16123604989,user2614@example.com,普通会员
U-DOUYIN-706766,douyin_7718381,douyin,用户4312,m,60,杭州,2025-04-22,17141794807,user5143@example.com,普通会员
U-DOUYIN-706853,douyin_2424405,douyin,用户2361,m,45,南京,2026-02-21,16285205097,user3035@example.com,钻石会员
U-DOUYIN-707082,douyin_5103967,douyin,用户3936,f,41,成都,2026-12-10,14563319092,user3215@example.com,银卡会员
U-DOUYIN-708312,douyin_5463858,douyin,用户9304,m,55,成都,2026-02-23,14627114950,user4910@example.com,普通会员
U-DOUYIN-708724,douyin_9239916,douyin,用户6612,f,55,北京,2026-04-03,15384278127,user7774@example.com,钻石会员
U-DOUYIN-709250,douyin_3699931,douyin,用户8880,m,24,南京,2026-11-21,17374946703,user9808@example.com,银卡会员
U-DOUYIN-709833,douyin_6039394,douyin,用户8642,f,54,成都,2026-04-14,17949671688,user9762@example.com,钻石会员
U-DOUYIN-710095,douyin_6478631,douyin,用户2385,m,50,西安,2025-05-06,14961776967,user8823@example.com,银卡会员
U-DOUYIN-710509,douyin_9714493,douyin,用户5996,f,27,重庆,2026-08-03,15128112830,user5465@example.com,金卡会员
U-DOUYIN-711587,douyin_7553757,douyin,用户1039,m,51,重庆,2025-12-27,19562362696,user1172@example.com,普通会员
U-DOUYIN-711607,douyin_8854225,douyin,用户8560,m,59,北京,2025-08-25,14914176316,user3521@example.com,金卡会员
U-DOUYIN-711848,douyin_5459278,douyin,用户9934,f,22,成都,2025-08-07,14423642461,user4170@example.com,银卡会员
U-DOUYIN-711898,douyin_6295963,douyin,用户6992,m,57,杭州,2025-07-02,16551108332,user4718@example.com,钻石会员
U-DOUYIN-712365,douyin_8196804,douyin,用户2247,f,37,南京,2026-12-15,15908548978,user2429@example.com,普通会员
U-DOUYIN-712633,douyin_1303624,douyin,用户9147,f,44,上海,2025-12-15,16416436664,user9919@example.com,钻石会员
U-DOUYIN-714179,douyin_7621363,douyin,用户5221,f,42,南京,2026-10-25,16375899457,user9366@example.com,金卡会员
U-DOUYIN-714314,douyin_4653214,douyin,用户4869,m,54,深圳,2026-05-12,14446697911,user2889@example.com,金卡会员
U-DOUYIN-714339,douyin_5050615,douyin,用户8631,m,55,成都,2026-12-11,14532516467,user1695@example.com,银卡会员
U-DOUYIN-714686,douyin_7360158,douyin,用户3949,m,44,杭州,2025-10-02,19796425819,user3584@example.com,金卡会员
U-DOUYIN-715081,douyin_9942850,douyin,用户2848,m,43,北京,2026-02-03,15474461703,user4816@example.com,普通会员
U-DOUYIN-715208,douyin_8126907,douyin,用户7412,f,34,深圳,2025-02-19,17103097946,user8604@example.com,钻石会员
U-DOUYIN-717408,douyin_1087378,douyin,用户2037,f,40,深圳,2025-12-23,19280504335,user2032@example.com,普通会员
U-DOUYIN-717441,douyin_7024044,douyin,用户8562,m,21,南京,2025-04-19,17727417539,user5251@example.com,银卡会员
U-DOUYIN-717479,douyin_5064713,douyin,用户7504,m,53,上海,2026-03-24,13635729760,user7833@example.com,普通会员
U-DOUYIN-717694,douyin_6619175,douyin,用户4429,m,32,武汉,2025-11-06,13161303932,user5433@example.com,钻石会员
U-DOUYIN-717824,douyin_2268061,douyin,用户8655,m,45,武汉,2025-03-27,13796490868,user5464@example.com,普通会员
U-DOUYIN-718505,douyin_6526308,douyin,用户7716,f,36,南京,2026-07-17,17846140319,user1181@example.com,银卡会员
U-DOUYIN-718514,douyin_1503267,douyin,用户1975,f,21,深圳,2025-10-15,13255501345,user7166@example.com,银卡会员
U-DOUYIN-719029,douyin_1289823,douyin,用户9527,m,58,杭州,2025-03-23,14288922845,user8391@example.com,金卡会员
U-DOUYIN-719168,douyin_9480680,douyin,用户4782,f,21,南京,2026-02-05,14517358067,user7467@example.com,钻石会员
U-DOUYIN-719604,douyin_7596039,douyin,用户6484,f,32,南京,2026-08-24,19957768149,user9854@example.com,普通会员
U-DOUYIN-719833,douyin_4765972,douyin,用户7239,f,47,武汉,2025-03-23,17105370652,user6746@example.com,普通会员
U-DOUYIN-720527,douyin_5022731,douyin,用户9938,m,20,广州,2026-11-25,17998166162,user2110@example.com,普通会员
U-DOUYIN-720937,douyin_1960108,douyin,用户3330,m,22,深圳,2025-09-15,19673207336,user2027@example.com,金卡会员
U-DOUYIN-721219,douyin_6402810,douyin,用户7020,m,59,西安,2025-09-28,14221166399,user9018@example.com,普通会员
U-DOUYIN-721612,douyin_5038512,douyin,用户6599,f,56,重庆,2025-08-21,13314674495,user8360@example.com,普通会员
U-DOUYIN-721653,douyin_3677564,douyin,用户7044,f,53,西安,2025-05-14,18610451059,user6426@example.com,银卡会员
U-DOUYIN-721738,douyin_7130294,douyin,用户5907,m,28,西安,2025-01-04,14274433568,user4178@example.com,钻石会员
U-DOUYIN-721883,douyin_5630601,douyin,用户1143,f,43,重庆,2026-02-25,14306185083,user3125@example.com,银卡会员
U-DOUYIN-722096,douyin_3406071,douyin,用户6589,m,27,杭州,2026-10-01,19978728800,user9727@example.com,金卡会员
U-DOUYIN-722103,douyin_1252125,douyin,用户9375,m,21,重庆,2026-11-12,17435063510,user7557@example.com,金卡会员
U-DOUYIN-722590,douyin_9307068,douyin,用户7939,f,45,上海,2025-10-11,13857827434,user4705@example.com,银卡会员
U-DOUYIN-722734,douyin_1179091,douyin,用户2231,m,59,重庆,2025-03-21,16588933965,user5557@example.com,金卡会员
U-DOUYIN-723213,douyin_4454206,douyin,用户2010,f,22,杭州,2026-03-08,13542009023,user8234@example.com,银卡会员
U-DOUYIN-723368,douyin_1775047,douyin,用户9198,f,44,上海,2026-12-27,17696577924,user1718@example.com,银卡会员
U-DOUYIN-724464,douyin_8030357,douyin,用户5218,m,26,西安,2026-12-12,16842134152,user5083@example.com,普通会员
U-DOUYIN-724701,douyin_4140568,douyin,用户2244,m,51,北京,2026-04-06,13648180968,user9295@example.com,普通会员
U-DOUYIN-725097,douyin_8429415,douyin,用户2038,f,39,重庆,2025-08-17,18825958116,user3729@example.com,金卡会员
U-DOUYIN-725142,douyin_7248813,douyin,用户7801,m,44,广州,2026-04-25,13452411516,user5425@example.com,银卡会员
U-DOUYIN-725158,douyin_3483449,douyin,用户7856,f,37,南京,2026-10-04,17756269349,user6074@example.com,钻石会员
U-DOUYIN-726647,douyin_3018986,douyin,用户6653,m,29,杭州,2026-04-14,15779344073,user3497@example.com,银卡会员
U-DOUYIN-727014,douyin_8963703,douyin,用户9486,m,52,成都,2026-05-06,14390126824,user8502@example.com,银卡会员
U-DOUYIN-727091,douyin_6496531,douyin,用户3236,f,50,上海,2026-09-23,15161451791,user2447@example.com,金卡会员
U-DOUYIN-727237,douyin_1420598,douyin,用户2643,m,29,重庆,2026-08-25,14575896547,user3831@example.com,普通会员
U-DOUYIN-727245,douyin_5856855,douyin,用户8929,f,33,西安,2025-09-05,19594107602,user1582@example.com,银卡会员
U-DOUYIN-727246,douyin_6900977,douyin,用户7311,m,46,成都,2026-08-02,13427981634,user4432@example.com,普通会员
U-DOUYIN-728870,douyin_3070888,douyin,用户1845,f,20,上海,2026-01-15,14958951066,user4005@example.com,银卡会员
U-DOUYIN-729984,douyin_6613127,douyin,用户8015,m,51,成都,2025-08-16,13374875422,user4035@example.com,金卡会员
U-DOUYIN-730120,douyin_3577203,douyin,用户2829,f,25,北京,2025-07-22,17527235270,user1970@example.com,银卡会员
U-DOUYIN-730244,douyin_2066327,douyin,用户7704,m,24,深圳,2025-08-01,14575007412,user2679@example.com,钻石会员
U-DOUYIN-730510,douyin_2663938,douyin,用户2511,f,34,北京,2025-07-23,16807691050,user8223@example.com,普通会员
U-DOUYIN-730660,douyin_6299710,douyin,用户4955,f,42,深圳,2026-10-11,18692648964,user1457@example.com,金卡会员
U-DOUYIN-731021,douyin_1738113,douyin,用户7830,m,36,广州,2025-03-20,14352195366,user2426@example.com,钻石会员
U-DOUYIN-731084,douyin_1039111,douyin,用户5116,m,21,武汉,2025-06-20,14249919941,user8574@example.com,钻石会员
U-DOUYIN-731491,douyin_6472281,douyin,用户4515,f,27,西安,2025-11-01,19734644757,user3870@example.com,钻石会员
U-DOUYIN-731919,douyin_8017710,douyin,用户3866,f,37,广州,2026-10-07,14382708451,user2135@example.com,银卡会员
U-DOUYIN-733548,douyin_1834575,douyin,用户5854,f,59,广州,2025-09-12,18122822787,user1162@example.com,普通会员
U-DOUYIN-733584,douyin_5191102,douyin,用户8982,f,47,北京,2025-12-10,15621383123,user2014@example.com,普通会员
U-DOUYIN-733652,douyin_9108708,douyin,用户2746,m,43,成都,2026-10-20,17936684204,user8977@example.com,钻石会员
U-DOUYIN-733746,douyin_4935561,douyin,用户3760,f,53,成都,2026-01-13,19473524550,user7463@example.com,普通会员
U-DOUYIN-733845,douyin_8198048,douyin,用户9507,m,22,广州,2025-01-19,13902096844,user1491@example.com,金卡会员
U-DOUYIN-733967,douyin_6971181,douyin,用户3156,f,49,武汉,2025-04-18,18229332239,user5388@example.com,普通会员
U-DOUYIN-734033,douyin_6047968,douyin,用户6465,m,20,成都,2025-04-01,14912792382,user5483@example.com,银卡会员
U-DOUYIN-734236,douyin_5329066,douyin,用户2009,f,59,杭州,2025-03-09,15996353506,user4122@example.com,银卡会员
U-DOUYIN-734450,douyin_6381868,douyin,用户4278,f,48,武汉,2026-07-02,18993390431,user4463@example.com,普通会员
U-DOUYIN-735208,douyin_4063933,douyin,用户4468,f,49,重庆,2026-08-05,14192658299,user9207@example.com,银卡会员
U-DOUYIN-735381,douyin_5925209,douyin,用户7552,f,32,上海,2025-11-05,18105892541,user1571@example.com,钻石会员
U-DOUYIN-736754,douyin_6523754,douyin,用户1434,m,44,北京,2026-10-16,15487886395,user8304@example.com,普通会员
U-DOUYIN-736915,douyin_2247860,douyin,用户9871,f,57,上海,2025-06-07,16784461448,user2891@example.com,银卡会员
U-DOUYIN-738102,douyin_5406343,douyin,用户4000,f,59,武汉,2025-01-13,14620701620,user2419@example.com,银卡会员
U-DOUYIN-738228,douyin_9852467,douyin,用户2565,f,41,南京,2026-04-22,14738166503,user2221@example.com,钻石会员
U-DOUYIN-738257,douyin_3882559,douyin,用户7565,m,55,杭州,2026-06-20,19970542127,user3318@example.com,钻石会员
U-DOUYIN-738403,douyin_2810787,douyin,用户2942,f,48,南京,2026-05-20,13310371844,user3013@example.com,普通会员
U-DOUYIN-738697,douyin_5813506,douyin,用户5275,m,48,南京,2026-10-14,13877922012,user3311@example.com,钻石会员
U-DOUYIN-738914,douyin_7747516,douyin,用户8730,f,56,深圳,2026-04-22,13277703098,user1533@example.com,钻石会员
U-DOUYIN-739215,douyin_5980474,douyin,用户2943,m,48,南京,2025-06-09,16372230541,user8723@example.com,金卡会员
U-DOUYIN-739386,douyin_9627014,douyin,用户2077,m,44,广州,2026-08-23,17184905757,user6939@example.com,钻石会员
U-DOUYIN-739971,douyin_7902306,douyin,用户8789,m,31,广州,2025-02-03,19105351982,user7224@example.com,普通会员
U-DOUYIN-740201,douyin_1090165,douyin,用户4562,f,26,成都,2025-02-07,16242150430,user1461@example.com,普通会员
U-DOUYIN-740467,douyin_7221151,douyin,用户8139,f,53,武汉,2025-12-10,14421346309,user2330@example.com,金卡会员
U-DOUYIN-740803,douyin_5510897,douyin,用户9816,f,58,广州,2025-01-01,17733496159,user7673@example.com,钻石会员
U-DOUYIN-741150,douyin_3400368,douyin,用户6118,f,52,深圳,2025-03-06,15828059731,user4425@example.com,金卡会员
U-DOUYIN-741291,douyin_6400229,douyin,用户6298,m,18,北京,2026-02-12,18196053195,user5923@example.com,金卡会员
U-DOUYIN-741391,douyin_6035171,douyin,用户3602,m,25,上海,2026-01-14,19557261196,user9079@example.com,普通会员
U-DOUYIN-741907,douyin_4447955,douyin,用户7555,f,23,成都,2025-04-12,15541175551,user6633@example.com,普通会员
U-DOUYIN-742064,douyin_8852432,douyin,用户3089,m,34,南京,2025-06-05,18839462922,user8837@example.com,金卡会员
U-DOUYIN-742128,douyin_8790849,douyin,用户2669,f,23,南京,2025-02-25,19331387771,user5208@example.com,钻石会员
U-DOUYIN-742931,douyin_2314755,douyin,用户7096,f,43,南京,2025-01-25,19637370806,user6836@example.com,银卡会员
U-DOUYIN-743746,douyin_5929254,douyin,用户5609,m,53,南京,2025-12-15,19828574848,user7407@example.com,银卡会员
U-DOUYIN-743921,douyin_9932730,douyin,用户4983,m,44,深圳,2026-03-16,16894725950,user9396@example.com,金卡会员
U-DOUYIN-743992,douyin_8233957,douyin,用户4148,f,53,重庆,2025-09-21,13654796042,user9181@example.com,钻石会员
U-DOUYIN-744170,douyin_1683567,douyin,用户6883,m,21,上海,2025-08-04,17395718541,user2463@example.com,银卡会员
U-DOUYIN-744276,douyin_6750345,douyin,用户4745,f,50,南京,2025-01-26,19254640382,user2339@example.com,普通会员
U-DOUYIN-744303,douyin_9405549,douyin,用户7566,f,27,杭州,2025-01-27,18866027511,user4312@example.com,金卡会员
U-DOUYIN-746073,douyin_3514322,douyin,用户4114,m,58,重庆,2025-12-09,16976484173,user2499@example.com,钻石会员
U-DOUYIN-746891,douyin_1934035,douyin,用户6339,m,22,上海,2025-03-22,18811881962,user4636@example.com,钻石会员
U-DOUYIN-747024,douyin_2178976,douyin,用户4358,f,48,杭州,2025-12-26,13635945330,user6807@example.com,普通会员
U-DOUYIN-747773,douyin_2216630,douyin,用户4242,f,30,成都,2026-04-18,14440663729,user1177@example.com,金卡会员
U-DOUYIN-747831,douyin_1484273,douyin,用户3550,m,45,深圳,2026-09-28,15799078679,user7971@example.com,银卡会员
U-DOUYIN-747899,douyin_6814756,douyin,用户5331,f,34,成都,2025-07-16,17394978196,user3570@example.com,普通会员
U-DOUYIN-748006,douyin_9438881,douyin,用户3607,m,46,北京,2026-03-18,18107396521,user2510@example.com,银卡会员
U-DOUYIN-748346,douyin_2283987,douyin,用户9845,m,30,武汉,2026-11-19,18154467021,user8267@example.com,钻石会员
U-DOUYIN-749067,douyin_7918986,douyin,用户5125,m,31,北京,2026-04-02,14347872757,user9498@example.com,钻石会员
U-DOUYIN-749696,douyin_1247030,douyin,用户2908,f,23,深圳,2025-03-18,13228283107,user1785@example.com,金卡会员
U-DOUYIN-749724,douyin_9312945,douyin,用户4915,f,28,杭州,2026-02-20,16145094976,user4634@example.com,普通会员
U-DOUYIN-750029,douyin_6418298,douyin,用户4159,f,59,武汉,2025-01-25,16264339480,user8661@example.com,钻石会员
U-DOUYIN-750209,douyin_2027819,douyin,用户4212,m,33,西安,2026-02-27,18642586577,user1922@example.com,金卡会员
U-DOUYIN-751191,douyin_4863426,douyin,用户8553,f,33,西安,2025-10-12,17435882604,user4087@example.com,普通会员
U-DOUYIN-751379,douyin_5717134,douyin,用户6621,m,33,重庆,2025-07-04,15794886014,user6551@example.com,普通会员
U-DOUYIN-751422,douyin_4509228,douyin,用户1052,f,49,杭州,2026-12-08,13508752315,user9928@example.com,钻石会员
U-DOUYIN-751592,douyin_5794045,douyin,用户2568,m,41,南京,2025-05-21,19407597569,user7632@example.com,普通会员
U-DOUYIN-751968,douyin_8599216,douyin,用户2639,m,58,成都,2026-05-24,18242167844,user4732@example.com,金卡会员
U-DOUYIN-751983,douyin_6668324,douyin,用户8644,m,46,广州,2025-04-25,16510006867,user4527@example.com,金卡会员
U-DOUYIN-752144,douyin_4225857,douyin,用户4208,f,34,南京,2025-06-20,18823265493,user8036@example.com,普通会员
U-DOUYIN-752787,douyin_4088464,douyin,用户2529,f,23,武汉,2025-03-22,13363347859,user8217@example.com,银卡会员
U-DOUYIN-753326,douyin_3335713,douyin,用户1308,m,44,南京,2026-02-24,15396245072,user3119@example.com,钻石会员
U-DOUYIN-753422,douyin_6770597,douyin,用户9009,m,33,西安,2026-10-13,19520224527,user3913@example.com,普通会员
U-DOUYIN-753747,douyin_7590000,douyin,用户3887,f,37,上海,2025-11-05,16769638548,user2662@example.com,钻石会员
U-DOUYIN-754148,douyin_4868698,douyin,用户3998,m,58,成都,2025-10-24,17840702752,user4427@example.com,银卡会员
U-DOUYIN-754517,douyin_3592152,douyin,用户2161,f,41,杭州,2025-11-06,14698524639,user9379@example.com,普通会员
U-DOUYIN-754521,douyin_7746989,douyin,用户7207,f,60,成都,2026-04-23,13452971820,user5445@example.com,金卡会员
U-DOUYIN-754522,douyin_1581691,douyin,用户2982,m,40,深圳,2026-09-16,15702301366,user9590@example.com,普通会员
U-DOUYIN-754571,douyin_8110205,douyin,用户7797,f,18,南京,2025-04-14,18440062687,user9457@example.com,银卡会员
U-DOUYIN-754706,douyin_9796870,douyin,用户4078,m,48,北京,2025-02-04,19881125814,user5736@example.com,普通会员
U-DOUYIN-754743,douyin_3710165,douyin,用户2590,f,42,北京,2026-02-22,16492519303,user6160@example.com,金卡会员
U-DOUYIN-755650,douyin_8399325,douyin,用户8874,f,44,北京,2026-03-06,13743297904,user3534@example.com,金卡会员
U-DOUYIN-755906,douyin_6050255,douyin,用户5862,f,19,北京,2026-01-28,14924212508,user7180@example.com,金卡会员
U-DOUYIN-755920,douyin_8025604,douyin,用户2035,m,25,成都,2025-04-04,15122032892,user2435@example.com,普通会员
U-DOUYIN-756149,douyin_8175226,douyin,用户9390,f,57,武汉,2026-01-12,14284696126,user8482@example.com,钻石会员
U-DOUYIN-756471,douyin_3916177,douyin,用户3414,f,35,北京,2026-01-27,13143269342,user2785@example.com,金卡会员
U-DOUYIN-758388,douyin_5427247,douyin,用户1615,f,46,重庆,2025-08-24,18664125644,user2090@example.com,普通会员
U-DOUYIN-758406,douyin_5550653,douyin,用户7238,f,40,上海,2026-11-15,16208267634,user7429@example.com,普通会员
U-DOUYIN-758425,douyin_3780116,douyin,用户9025,m,25,重庆,2025-03-23,17604479690,user9163@example.com,钻石会员
U-DOUYIN-759239,douyin_4306955,douyin,用户2481,m,44,南京,2025-01-04,18281438184,user1932@example.com,钻石会员
U-DOUYIN-760854,douyin_5271201,douyin,用户7143,f,46,上海,2025-12-06,13730232782,user5622@example.com,钻石会员
U-DOUYIN-761051,douyin_9589281,douyin,用户1093,m,29,深圳,2025-12-23,16150229635,user1642@example.com,钻石会员
U-DOUYIN-761102,douyin_7717398,douyin,用户2565,f,41,武汉,2025-11-09,18972738485,user7515@example.com,普通会员
U-DOUYIN-762684,douyin_8716995,douyin,用户5972,m,47,杭州,2025-07-15,17527585473,user1869@example.com,钻石会员
U-DOUYIN-763440,douyin_1172907,douyin,用户8466,f,53,上海,2026-01-14,16640628718,user3004@example.com,钻石会员
U-DOUYIN-763772,douyin_1357218,douyin,用户8924,f,50,成都,2026-09-16,18971780432,user5872@example.com,普通会员
U-DOUYIN-763964,douyin_4624491,douyin,用户5483,m,55,武汉,2026-11-12,16211823521,user6473@example.com,银卡会员
U-DOUYIN-764482,douyin_3225381,douyin,用户4661,f,28,南京,2025-07-26,16503961811,user5200@example.com,金卡会员
U-DOUYIN-765170,douyin_8529361,douyin,用户3997,m,49,西安,2025-08-21,13855370901,user9072@example.com,普通会员
U-DOUYIN-765445,douyin_2721196,douyin,用户1535,f,32,武汉,2025-11-13,15736357525,user9497@example.com,钻石会员
U-DOUYIN-765505,douyin_3125529,douyin,用户4364,f,25,成都,2026-05-11,13999823976,user7166@example.com,钻石会员
U-DOUYIN-765902,douyin_6947021,douyin,用户1277,f,45,杭州,2025-10-13,17928148842,user2438@example.com,银卡会员
U-DOUYIN-766456,douyin_7817549,douyin,用户2426,m,40,深圳,2026-10-10,15696710102,user6503@example.com,银卡会员
U-DOUYIN-766733,douyin_3690118,douyin,用户4489,f,24,深圳,2026-05-11,19531407347,user9968@example.com,普通会员
U-DOUYIN-767637,douyin_9496797,douyin,用户4520,f,34,杭州,2026-09-18,13597729776,user1256@example.com,金卡会员
U-DOUYIN-768731,douyin_3318979,douyin,用户4330,f,50,北京,2025-11-03,18841269614,user6566@example.com,普通会员
U-DOUYIN-769131,douyin_1103217,douyin,用户6001,m,28,西安,2025-05-04,13448792998,user1076@example.com,普通会员
U-DOUYIN-769750,douyin_2873164,douyin,用户6837,m,51,北京,2026-07-12,18750287744,user5180@example.com,银卡会员
U-DOUYIN-769785,douyin_6806956,douyin,用户7120,f,53,武汉,2026-09-16,15622556832,user3483@example.com,钻石会员
U-DOUYIN-770339,douyin_2873727,douyin,用户5315,m,55,深圳,2026-04-04,13807953740,user3532@example.com,银卡会员
U-DOUYIN-770735,douyin_4984974,douyin,用户9327,f,38,武汉,2026-12-06,18715885506,user9464@example.com,银卡会员
U-DOUYIN-770813,douyin_6468846,douyin,用户8352,m,33,广州,2026-06-08,18982920919,user1667@example.com,金卡会员
U-DOUYIN-771686,douyin_3825195,douyin,用户6165,f,33,重庆,2026-07-15,17977436278,user8244@example.com,钻石会员
U-DOUYIN-772278,douyin_6970078,douyin,用户8830,m,21,西安,2026-10-28,14729732384,user1479@example.com,钻石会员
U-DOUYIN-773028,douyin_8358283,douyin,用户7126,m,23,南京,2026-04-25,17466018700,user8431@example.com,普通会员
U-DOUYIN-773499,douyin_1022906,douyin,用户5895,f,22,南京,2026-11-11,14457145211,user6806@example.com,普通会员
U-DOUYIN-773585,douyin_4851989,douyin,用户8893,f,57,南京,2025-05-26,17232106357,user8621@example.com,金卡会员
U-DOUYIN-773663,douyin_5533704,douyin,用户9575,f,40,上海,2025-11-14,18949923089,user7153@example.com,银卡会员
U-DOUYIN-774996,douyin_7757960,douyin,用户1582,f,27,成都,2025-07-23,13340306854,user3681@example.com,普通会员
U-DOUYIN-775019,douyin_8468222,douyin,用户7561,f,59,成都,2026-04-20,15666409101,user8308@example.com,普通会员
U-DOUYIN-775571,douyin_9594261,douyin,用户9278,m,33,广州,2026-05-13,14580013325,user1124@example.com,金卡会员
U-DOUYIN-775731,douyin_6795627,douyin,用户8467,m,22,杭州,2025-08-25,15516779690,user6801@example.com,金卡会员
U-DOUYIN-775773,douyin_2771921,douyin,用户6215,f,21,广州,2026-04-03,19941874776,user3805@example.com,银卡会员
U-DOUYIN-776863,douyin_6847900,douyin,用户5457,f,35,西安,2025-08-16,16942518148,user2427@example.com,普通会员
U-DOUYIN-777016,douyin_7938589,douyin,用户4216,m,52,上海,2026-02-05,19240459163,user6072@example.com,普通会员
U-DOUYIN-777724,douyin_5936280,douyin,用户3294,m,45,杭州,2026-08-24,19334803913,user8537@example.com,钻石会员
U-DOUYIN-777772,douyin_6749921,douyin,用户1461,m,50,成都,2026-04-03,16617184586,user9388@example.com,普通会员
U-DOUYIN-778310,douyin_1100208,douyin,用户7897,m,36,重庆,2025-09-08,18792188681,user9257@example.com,钻石会员
U-DOUYIN-779731,douyin_6031102,douyin,用户5546,f,38,成都,2026-06-26,18958788539,user3119@example.com,钻石会员
U-DOUYIN-781127,douyin_2528218,douyin,用户3861,m,30,杭州,2026-06-24,14566421719,user6878@example.com,银卡会员
U-DOUYIN-781764,douyin_1702253,douyin,用户3834,f,25,杭州,2025-09-27,18130754230,user4652@example.com,金卡会员
U-DOUYIN-781842,douyin_2496697,douyin,用户8540,m,21,西安,2026-10-22,14404888310,user3850@example.com,钻石会员
U-DOUYIN-782318,douyin_1786626,douyin,用户7517,f,43,南京,2026-10-24,18528922446,user8470@example.com,金卡会员
U-DOUYIN-782507,douyin_2264300,douyin,用户3342,f,43,西安,2025-06-12,17928068739,user8785@example.com,普通会员
U-DOUYIN-782570,douyin_9914837,douyin,用户6247,f,48,重庆,2026-06-17,18528408675,user3846@example.com,普通会员
U-DOUYIN-782577,douyin_1670354,douyin,用户5957,f,18,上海,2025-09-02,13594514343,user7014@example.com,钻石会员
U-DOUYIN-782894,douyin_5599049,douyin,用户5666,m,54,南京,2025-04-16,13112907494,user3547@example.com,钻石会员
U-DOUYIN-783645,douyin_7133746,douyin,用户5174,m,18,重庆,2026-11-17,15296954200,user6981@example.com,银卡会员
U-DOUYIN-783899,douyin_1192420,douyin,用户7995,m,52,杭州,2025-05-17,17442678119,user1045@example.com,银卡会员
U-DOUYIN-783933,douyin_2066933,douyin,用户5812,f,48,上海,2026-05-02,19515383032,user4161@example.com,金卡会员
U-DOUYIN-784017,douyin_7103151,douyin,用户1619,f,60,南京,2025-02-21,17684343370,user5687@example.com,金卡会员
U-DOUYIN-784989,douyin_2734775,douyin,用户9548,f,47,上海,2025-10-25,17977667087,user1177@example.com,普通会员
U-DOUYIN-785532,douyin_7860345,douyin,用户5591,m,60,南京,2026-01-21,16923190017,user6653@example.com,钻石会员
U-DOUYIN-785551,douyin_7057637,douyin,用户5495,f,37,武汉,2025-08-15,16913670529,user4965@example.com,银卡会员
U-DOUYIN-786822,douyin_9252955,douyin,用户6250,f,53,杭州,2025-07-11,13516621075,user2399@example.com,钻石会员
U-DOUYIN-787460,douyin_8116657,douyin,用户4356,m,19,西安,2026-02-07,13453498795,user1349@example.com,钻石会员
U-DOUYIN-787722,douyin_2109271,douyin,用户1308,m,58,重庆,2025-09-14,14292542255,user1271@example.com,普通会员
U-DOUYIN-787725,douyin_7026116,douyin,用户6049,m,37,武汉,2026-10-16,18565137572,user7690@example.com,银卡会员
U-DOUYIN-788902,douyin_3604586,douyin,用户5023,m,42,西安,2026-05-27,15471205105,user7474@example.com,普通会员
U-DOUYIN-789224,douyin_8390654,douyin,用户9454,m,31,广州,2026-07-26,18160873491,user5302@example.com,钻石会员
U-DOUYIN-789793,douyin_2837779,douyin,用户5561,f,30,重庆,2025-02-14,16407056285,user9285@example.com,金卡会员
U-DOUYIN-790443,douyin_5333023,douyin,用户5519,m,34,南京,2026-06-15,13266494920,user8310@example.com,金卡会员
U-DOUYIN-790550,douyin_4589266,douyin,用户7249,f,28,广州,2025-11-08,18679111476,user2494@example.com,银卡会员
U-DOUYIN-791142,douyin_3937120,douyin,用户7036,m,49,杭州,2026-04-28,19973250987,user8467@example.com,普通会员
U-DOUYIN-791250,douyin_4221357,douyin,用户3211,m,20,西安,2025-08-13,17851826130,user3002@example.com,金卡会员
U-DOUYIN-791579,douyin_5282429,douyin,用户1722,m,32,杭州,2025-03-05,13227380216,user1528@example.com,钻石会员
U-DOUYIN-792413,douyin_5903873,douyin,用户7169,f,40,武汉,2025-10-10,14585162670,user1030@example.com,钻石会员
U-DOUYIN-793255,douyin_6637834,douyin,用户4391,m,48,上海,2026-12-11,18221235464,user7305@example.com,钻石会员
U-DOUYIN-793328,douyin_9727519,douyin,用户7635,f,29,西安,2025-06-04,18403667872,user3559@example.com,金卡会员
U-DOUYIN-793496,douyin_3194767,douyin,用户4461,m,59,成都,2025-04-25,13772924446,user9893@example.com,金卡会员
U-DOUYIN-794149,douyin_7850151,douyin,用户2650,f,51,西安,2025-01-16,18258074932,user6360@example.com,金卡会员
U-DOUYIN-794297,douyin_9600058,douyin,用户3161,f,21,广州,2025-07-14,19861168054,user2711@example.com,钻石会员
U-DOUYIN-794319,douyin_2943352,douyin,用户3136,f,21,北京,2026-04-26,13843391408,user8862@example.com,金卡会员
U-DOUYIN-794395,douyin_1682696,douyin,用户8827,m,43,北京,2026-04-12,17938140398,user2162@example.com,银卡会员
U-DOUYIN-794436,douyin_9509260,douyin,用户6909,m,39,北京,2025-09-02,15750289882,user5512@example.com,普通会员
U-DOUYIN-794696,douyin_3401669,douyin,用户8725,f,44,广州,2025-02-10,16242747336,user1724@example.com,普通会员
U-DOUYIN-794829,douyin_7258079,douyin,用户1385,m,45,广州,2026-01-26,16461569285,user7641@example.com,银卡会员
U-DOUYIN-795089,douyin_5490509,douyin,用户3672,f,53,北京,2025-12-22,15104519935,user3120@example.com,银卡会员
U-DOUYIN-795652,douyin_9695859,douyin,用户3279,f,58,西安,2025-12-06,14688017535,user4788@example.com,银卡会员
U-DOUYIN-796059,douyin_7591625,douyin,用户4546,f,41,上海,2025-03-10,19619548698,user5640@example.com,金卡会员
U-DOUYIN-796854,douyin_7117071,douyin,用户9350,m,46,杭州,2026-11-02,13581462427,user8680@example.com,普通会员
U-DOUYIN-797295,douyin_3430209,douyin,用户5667,f,50,武汉,2026-12-01,18858788939,user3984@example.com,普通会员
U-DOUYIN-797330,douyin_5714926,douyin,用户4976,f,18,北京,2025-02-14,16484528446,user6484@example.com,金卡会员
U-DOUYIN-797630,douyin_7095752,douyin,用户3232,f,39,南京,2026-02-27,18938723129,user9013@example.com,金卡会员
U-DOUYIN-798345,douyin_5905932,douyin,用户5190,m,31,武汉,2025-01-07,17120439258,user1603@example.com,银卡会员
U-DOUYIN-798361,douyin_4194318,douyin,用户7453,m,46,成都,2025-11-25,13801145410,user2631@example.com,钻石会员
U-DOUYIN-798548,douyin_6552795,douyin,用户3298,m,29,成都,2026-12-03,19257122031,user3954@example.com,金卡会员
U-DOUYIN-798691,douyin_4467776,douyin,用户9712,m,44,北京,2026-12-17,16215022047,user7937@example.com,金卡会员
U-DOUYIN-798742,douyin_5983233,douyin,用户6666,m,37,北京,2026-10-25,15640176790,user6669@example.com,银卡会员
U-DOUYIN-799358,douyin_4273211,douyin,用户4512,f,36,重庆,2026-02-21,14711814728,user4231@example.com,银卡会员
U-DOUYIN-799802,douyin_3201709,douyin,用户2197,m,38,杭州,2025-02-20,14163149824,user8264@example.com,钻石会员
U-DOUYIN-799864,douyin_2022082,douyin,用户4087,f,59,武汉,2025-07-09,17114520726,user2252@example.com,银卡会员
U-DOUYIN-800725,douyin_6704166,douyin,用户5353,f,33,西安,2025-06-01,18733006903,user3017@example.com,普通会员
U-DOUYIN-801118,douyin_9818908,douyin,用户8249,m,35,成都,2026-09-21,18121226554,user4609@example.com,普通会员
U-DOUYIN-801520,douyin_8322406,douyin,用户1869,f,59,杭州,2026-06-18,16820949217,user9100@example.com,钻石会员
U-DOUYIN-801957,douyin_4596353,douyin,用户3936,f,30,北京,2025-10-14,17767294420,user1032@example.com,普通会员
U-DOUYIN-802134,douyin_9405553,douyin,用户1420,f,26,北京,2025-06-14,19619434647,user6978@example.com,钻石会员
U-DOUYIN-802146,douyin_8799675,douyin,用户1407,m,39,北京,2025-07-14,15780367059,user9771@example.com,普通会员
U-DOUYIN-802936,douyin_1707285,douyin,用户6367,f,33,西安,2025-12-21,19745983222,user3990@example.com,普通会员
U-DOUYIN-803934,douyin_7630559,douyin,用户6770,m,41,重庆,2025-09-04,15541206908,user8197@example.com,银卡会员
U-DOUYIN-804467,douyin_2847780,douyin,用户1007,f,53,广州,2025-07-27,19371101524,user7963@example.com,金卡会员
U-DOUYIN-805109,douyin_9635405,douyin,用户7331,m,37,北京,2025-01-27,15592664760,user1893@example.com,普通会员
U-DOUYIN-805165,douyin_2704731,douyin,用户9227,f,55,西安,2025-07-11,19426310097,user2618@example.com,银卡会员
U-DOUYIN-805256,douyin_2769646,douyin,用户4775,m,34,广州,2025-06-10,19461058284,user7590@example.com,银卡会员
U-DOUYIN-805765,douyin_4084317,douyin,用户2240,m,33,深圳,2026-08-09,13817731832,user3146@example.com,银卡会员
U-DOUYIN-806254,douyin_4837774,douyin,用户9282,m,22,上海,2026-01-10,17777127261,user4045@example.com,银卡会员
U-DOUYIN-806797,douyin_9130880,douyin,用户5129,f,21,上海,2025-06-13,17639834715,user8052@example.com,钻石会员
U-DOUYIN-807053,douyin_8222805,douyin,用户6103,f,22,广州,2025-11-21,14630227321,user6010@example.com,钻石会员
U-DOUYIN-807082,douyin_3046266,douyin,用户3029,m,36,成都,2026-02-27,13397942249,user6253@example.com,金卡会员
U-DOUYIN-807479,douyin_2655993,douyin,用户2453,m,60,杭州,2025-03-11,14481013446,user7887@example.com,钻石会员
U-DOUYIN-807725,douyin_3001083,douyin,用户1692,m,56,成都,2025-09-12,18839611820,user7244@example.com,普通会员
U-DOUYIN-808287,douyin_9157927,douyin,用户2737,m,34,成都,2026-05-04,14497490951,user4857@example.com,金卡会员
U-DOUYIN-808369,douyin_3751455,douyin,用户1911,f,28,杭州,2025-10-03,14356645292,user1631@example.com,银卡会员
U-DOUYIN-808491,douyin_2845422,douyin,用户9997,f,25,广州,2025-05-01,18927715429,user6970@example.com,银卡会员
U-DOUYIN-808535,douyin_2817710,douyin,用户6141,m,25,上海,2026-05-11,16415660097,user4979@example.com,银卡会员
U-DOUYIN-809442,douyin_9127083,douyin,用户9650,f,25,杭州,2026-11-15,13570944377,user2188@example.com,金卡会员
U-DOUYIN-810359,douyin_1766098,douyin,用户9614,f,22,杭州,2026-12-10,16886436654,user4317@example.com,钻石会员
U-DOUYIN-811108,douyin_6457082,douyin,用户4983,m,32,西安,2026-06-20,16102291792,user6204@example.com,钻石会员
U-DOUYIN-811733,douyin_6232175,douyin,用户9137,f,37,广州,2025-10-20,15933059324,user5529@example.com,普通会员
U-DOUYIN-811786,douyin_4525565,douyin,用户2496,m,46,上海,2025-08-09,17737699843,user3100@example.com,银卡会员
U-DOUYIN-812167,douyin_1589000,douyin,用户4328,m,23,北京,2026-05-04,18307951787,user5393@example.com,金卡会员
U-DOUYIN-812571,douyin_8017008,douyin,用户7692,f,19,北京,2025-10-23,13648249805,user2066@example.com,普通会员
U-DOUYIN-812673,douyin_3589063,douyin,用户9621,f,24,北京,2025-11-05,15568625940,user3341@example.com,银卡会员
U-DOUYIN-812944,douyin_4900369,douyin,用户4116,m,22,西安,2025-02-18,18605142127,user6690@example.com,普通会员
U-DOUYIN-813196,douyin_9449137,douyin,用户5709,f,50,南京,2025-06-09,17599442907,user8249@example.com,银卡会员
U-DOUYIN-813836,douyin_7179293,douyin,用户6695,m,51,杭州,2025-10-13,16851853853,user2060@example.com,钻石会员
U-DOUYIN-813864,douyin_3802235,douyin,用户9268,m,18,杭州,2025-04-06,14881527987,user1774@example.com,金卡会员
U-DOUYIN-814510,douyin_4778575,douyin,用户3412,m,57,上海,2026-04-04,15459472248,user3161@example.com,钻石会员
U-DOUYIN-814529,douyin_5009629,douyin,用户1310,m,45,南京,2026-01-04,13579188618,user6041@example.com,银卡会员
U-DOUYIN-814569,douyin_4810254,douyin,用户5218,f,58,杭州,2025-09-02,14973396322,user1858@example.com,银卡会员
U-DOUYIN-814585,douyin_3768598,douyin,用户7068,f,46,西安,2025-09-05,18508036394,user2277@example.com,普通会员
U-DOUYIN-814806,douyin_3102402,douyin,用户2646,f,37,杭州,2025-05-18,15306032213,user2354@example.com,银卡会员
U-DOUYIN-814889,douyin_1965876,douyin,用户9978,f,24,重庆,2025-04-06,13403784177,user4540@example.com,银卡会员
U-DOUYIN-814922,douyin_8706626,douyin,用户8294,m,49,杭州,2026-02-15,19433273246,user2755@example.com,钻石会员
U-DOUYIN-815253,douyin_6872891,douyin,用户4772,m,50,上海,2025-07-04,13978212246,user5997@example.com,普通会员
U-DOUYIN-815998,douyin_7157745,douyin,用户3944,m,58,成都,2026-12-23,16117969660,user8083@example.com,普通会员
U-DOUYIN-816547,douyin_4474613,douyin,用户5018,m,56,重庆,2026-07-18,14317409358,user3757@example.com,金卡会员
U-DOUYIN-816617,douyin_6411228,douyin,用户6905,f,60,西安,2025-05-22,18471574126,user3291@example.com,钻石会员
U-DOUYIN-818591,douyin_1589712,douyin,用户9300,m,53,重庆,2025-08-10,15304555285,user6229@example.com,钻石会员
U-DOUYIN-819190,douyin_4640304,douyin,用户8462,f,32,西安,2025-07-10,15758678858,user3738@example.com,钻石会员
U-DOUYIN-819776,douyin_8203584,douyin,用户6917,f,45,上海,2026-12-24,14482925099,user3360@example.com,银卡会员
U-DOUYIN-819866,douyin_6455456,douyin,用户4690,f,48,深圳,2025-03-09,17995611427,user7941@example.com,金卡会员
U-DOUYIN-819937,douyin_1824599,douyin,用户4516,f,43,杭州,2025-02-23,13451042738,user1437@example.com,普通会员
U-DOUYIN-821238,douyin_5463928,douyin,用户1031,f,45,南京,2026-11-27,19759883776,user5716@example.com,银卡会员
U-DOUYIN-821253,douyin_2603884,douyin,用户9058,m,33,深圳,2025-04-28,18802032293,user4248@example.com,银卡会员
U-DOUYIN-821270,douyin_9623201,douyin,用户5464,f,28,西安,2025-04-03,16886523776,user6079@example.com,金卡会员
U-DOUYIN-822374,douyin_7294949,douyin,用户8454,f,38,杭州,2025-09-12,13467166363,user5159@example.com,普通会员
U-DOUYIN-822487,douyin_6947079,douyin,用户3001,m,37,西安,2026-02-12,16304918565,user5884@example.com,普通会员
U-DOUYIN-822741,douyin_7355346,douyin,用户7714,m,21,广州,2026-07-28,16264001278,user4174@example.com,钻石会员
U-DOUYIN-823092,douyin_2378824,douyin,用户1036,f,54,西安,2026-08-06,16820733727,user9383@example.com,普通会员
U-DOUYIN-823100,douyin_8401604,douyin,用户1007,f,47,深圳,2025-05-27,17675013209,user4377@example.com,银卡会员
U-DOUYIN-823137,douyin_2690802,douyin,用户9871,m,56,北京,2025-07-20,14410158657,user1381@example.com,金卡会员
U-DOUYIN-823523,douyin_3829037,douyin,用户1526,m,34,重庆,2026-07-05,17943426455,user8110@example.com,银卡会员
U-DOUYIN-823834,douyin_7945621,douyin,用户5446,f,49,深圳,2026-10-02,16235026291,user1910@example.com,银卡会员
U-DOUYIN-823836,douyin_5074272,douyin,用户7039,m,36,重庆,2025-04-13,16136056279,user7920@example.com,普通会员
U-DOUYIN-824584,douyin_1377901,douyin,用户8997,f,32,南京,2026-11-17,17429111075,user1611@example.com,金卡会员
U-DOUYIN-824681,douyin_4447134,douyin,用户1074,m,25,南京,2026-05-15,17239813283,user5001@example.com,银卡会员
U-DOUYIN-824714,douyin_2741268,douyin,用户4774,m,49,深圳,2025-04-05,14488783409,user6008@example.com,金卡会员
U-DOUYIN-825026,douyin_9168129,douyin,用户8061,m,48,广州,2026-07-15,15919634213,user3083@example.com,金卡会员
U-DOUYIN-827124,douyin_2347500,douyin,用户3709,f,49,成都,2025-09-02,18544419781,user1271@example.com,钻石会员
U-DOUYIN-827233,douyin_6901831,douyin,用户6639,f,49,武汉,2026-09-22,18623478977,user7636@example.com,普通会员
U-DOUYIN-827465,douyin_8647930,douyin,用户9774,f,38,北京,2025-01-10,19554267883,user9457@example.com,金卡会员
U-DOUYIN-827557,douyin_3239929,douyin,用户5837,f,28,南京,2025-12-20,19898893265,user8398@example.com,钻石会员
U-DOUYIN-827623,douyin_2193160,douyin,用户8221,m,38,上海,2026-12-27,13927969300,user8214@example.com,普通会员
U-DOUYIN-829056,douyin_8830239,douyin,用户8144,m,33,重庆,2025-06-18,15604025281,user1258@example.com,金卡会员
U-DOUYIN-829388,douyin_5399437,douyin,用户3006,m,57,北京,2026-07-23,19202741481,user8398@example.com,普通会员
U-DOUYIN-829800,douyin_9296183,douyin,用户4539,f,43,深圳,2025-04-25,14811597194,user2270@example.com,金卡会员
U-DOUYIN-831080,douyin_3101283,douyin,用户7208,m,30,上海,2025-05-18,13276187510,user1121@example.com,银卡会员
U-DOUYIN-831377,douyin_5211504,douyin,用户3763,f,51,南京,2025-02-22,14231838344,user2416@example.com,普通会员
U-DOUYIN-831834,douyin_7740964,douyin,用户9401,f,54,武汉,2026-04-07,19783670076,user9444@example.com,金卡会员
U-DOUYIN-832364,douyin_8173312,douyin,用户5172,m,21,武汉,2025-04-18,14736231825,user6719@example.com,钻石会员
U-DOUYIN-832765,douyin_5685659,douyin,用户1131,f,46,广州,2026-07-27,19486094845,user6267@example.com,钻石会员
U-DOUYIN-833941,douyin_6713286,douyin,用户1206,f,22,重庆,2026-09-20,17918385586,user6395@example.com,金卡会员
U-DOUYIN-834090,douyin_1282913,douyin,用户6843,f,38,南京,2025-08-08,18551144334,user6784@example.com,银卡会员
U-DOUYIN-834240,douyin_3764818,douyin,用户5556,m,48,杭州,2025-06-01,19933063761,user6413@example.com,普通会员
U-DOUYIN-834510,douyin_6356206,douyin,用户8459,m,44,南京,2025-07-03,16335267021,user7495@example.com,金卡会员
U-DOUYIN-834681,douyin_3379160,douyin,用户5625,m,34,北京,2025-07-05,14754367185,user2163@example.com,钻石会员
U-DOUYIN-834784,douyin_9135765,douyin,用户4148,m,52,上海,2025-10-20,18649263131,user1356@example.com,普通会员
U-DOUYIN-834848,douyin_6850046,douyin,用户7821,f,59,重庆,2025-05-04,18720010573,user7189@example.com,金卡会员
U-DOUYIN-834887,douyin_4748167,douyin,用户6912,f,26,杭州,2026-06-09,18956908933,user8917@example.com,普通会员
U-DOUYIN-836145,douyin_5286940,douyin,用户9172,m,34,上海,2026-04-18,15724462417,user2917@example.com,钻石会员
U-DOUYIN-836221,douyin_9116855,douyin,用户1333,f,30,深圳,2026-06-13,15312271856,user5028@example.com,普通会员
U-DOUYIN-836502,douyin_8107790,douyin,用户4756,f,35,重庆,2025-09-14,15581307245,user3563@example.com,银卡会员
U-DOUYIN-836518,douyin_5615220,douyin,用户7076,m,49,杭州,2025-07-21,16127771753,user5120@example.com,银卡会员
U-DOUYIN-836523,douyin_8669667,douyin,用户1904,f,44,杭州,2026-12-24,18666075028,user5010@example.com,钻石会员
U-DOUYIN-836913,douyin_1303555,douyin,用户5588,f,18,广州,2025-07-05,15882611331,user1269@example.com,普通会员
U-DOUYIN-837674,douyin_6645176,douyin,用户9828,f,37,重庆,2025-06-14,18403801349,user7143@example.com,金卡会员
U-DOUYIN-838140,douyin_8354794,douyin,用户6201,m,57,重庆,2025-06-25,14518974289,user3037@example.com,银卡会员
U-DOUYIN-838271,douyin_5809088,douyin,用户1230,m,19,西安,2025-02-05,13896638887,user9337@example.com,金卡会员
U-DOUYIN-838743,douyin_9574053,douyin,用户5977,m,49,杭州,2026-09-16,15561796869,user1804@example.com,钻石会员
U-DOUYIN-839035,douyin_7254721,douyin,用户1392,m,45,武汉,2025-12-16,17408320450,user8281@example.com,普通会员
U-DOUYIN-839461,douyin_8214132,douyin,用户4101,f,56,北京,2026-07-09,17316237454,user7598@example.com,钻石会员
U-DOUYIN-839563,douyin_7707953,douyin,用户5130,f,29,武汉,2026-11-14,15961369549,user8702@example.com,金卡会员
U-DOUYIN-839652,douyin_9705257,douyin,用户8474,m,50,北京,2025-07-09,18431826247,user9119@example.com,金卡会员
U-DOUYIN-839785,douyin_1969527,douyin,用户6925,f,49,广州,2026-02-01,15374331382,user4633@example.com,钻石会员
U-DOUYIN-839872,douyin_7598893,douyin,用户1685,m,34,重庆,2026-12-12,19177812979,user6894@example.com,普通会员
U-DOUYIN-839879,douyin_3749832,douyin,用户8012,f,59,成都,2026-02-20,14630609541,user7492@example.com,普通会员
U-DOUYIN-840085,douyin_7090440,douyin,用户2422,m,43,重庆,2026-02-20,19289494767,user3918@example.com,银卡会员
U-DOUYIN-840337,douyin_3533330,douyin,用户8423,f,24,上海,2026-12-01,17914046664,user8526@example.com,普通会员
U-DOUYIN-840418,douyin_8326104,douyin,用户4539,m,52,重庆,2025-11-09,16194131360,user3933@example.com,金卡会员
U-DOUYIN-840501,douyin_1386945,douyin,用户2736,f,26,广州,2025-03-17,13193169651,user7248@example.com,普通会员
U-DOUYIN-840531,douyin_6682689,douyin,用户8095,f,32,武汉,2025-03-11,19999781663,user2835@example.com,金卡会员
U-DOUYIN-840807,douyin_9668042,douyin,用户1665,f,24,深圳,2025-08-26,17323186596,user8204@example.com,钻石会员
U-DOUYIN-840835,douyin_8231080,douyin,用户8416,m,21,南京,2025-11-15,13861441741,user2036@example.com,金卡会员
U-DOUYIN-840919,douyin_9448697,douyin,用户6308,f,60,深圳,2026-11-26,15147378907,user7634@example.com,银卡会员
U-DOUYIN-841784,douyin_5194032,douyin,用户8006,m,43,深圳,2026-07-07,18246219060,user1573@example.com,金卡会员
U-DOUYIN-842773,douyin_8375213,douyin,用户7070,f,32,上海,2026-07-25,13801988414,user9651@example.com,普通会员
U-DOUYIN-843891,douyin_1213397,douyin,用户8508,m,29,北京,2025-12-26,19595636473,user4718@example.com,银卡会员
U-DOUYIN-844397,douyin_8797019,douyin,用户5170,m,60,杭州,2025-11-11,19923784005,user5985@example.com,钻石会员
U-DOUYIN-844665,douyin_9871670,douyin,用户3963,f,31,西安,2026-09-26,16900778722,user8818@example.com,金卡会员
U-DOUYIN-844729,douyin_6806312,douyin,用户3457,f,32,武汉,2026-12-12,18708466404,user7901@example.com,银卡会员
U-DOUYIN-844731,douyin_8639225,douyin,用户9623,m,39,成都,2025-04-14,16148293610,user8674@example.com,普通会员
U-DOUYIN-845160,douyin_7897942,douyin,用户5209,m,29,南京,2026-03-02,15457417887,user6054@example.com,银卡会员
U-DOUYIN-845343,douyin_5739398,douyin,用户5479,m,43,成都,2025-09-12,16373084203,user3882@example.com,金卡会员
U-DOUYIN-845584,douyin_5011390,douyin,用户1358,m,53,深圳,2026-08-26,16647697348,user8067@example.com,钻石会员
U-DOUYIN-845622,douyin_5927205,douyin,用户6083,f,50,深圳,2025-03-04,15507343818,user6633@example.com,银卡会员
U-DOUYIN-846199,douyin_2300862,douyin,用户7098,f,28,重庆,2025-02-05,17697348377,user9999@example.com,银卡会员
U-DOUYIN-846373,douyin_1921072,douyin,用户1275,m,31,成都,2026-10-28,17122425749,user1981@example.com,普通会员
U-DOUYIN-846985,douyin_9296115,douyin,用户2598,m,39,成都,2025-10-03,17314691031,user4536@example.com,金卡会员
U-DOUYIN-847132,douyin_7022041,douyin,用户8000,m,28,重庆,2026-07-04,17236198954,user5096@example.com,金卡会员
U-DOUYIN-847516,douyin_8856421,douyin,用户5673,f,59,武汉,2025-01-24,16541938046,user3575@example.com,普通会员
U-DOUYIN-847804,douyin_1671142,douyin,用户5069,f,29,上海,2026-01-07,17272288539,user4672@example.com,钻石会员
U-DOUYIN-848108,douyin_1254665,douyin,用户2305,f,22,杭州,2025-06-22,15721248163,user1468@example.com,金卡会员
U-DOUYIN-848506,douyin_8254538,douyin,用户9729,f,41,广州,2026-08-24,18363414451,user2183@example.com,钻石会员
U-DOUYIN-848581,douyin_7733145,douyin,用户3577,f,25,上海,2025-11-22,13467877580,user8481@example.com,钻石会员
U-DOUYIN-849301,douyin_3958652,douyin,用户3901,m,50,重庆,2026-01-03,18591142893,user9629@example.com,普通会员
U-DOUYIN-849744,douyin_9904859,douyin,用户5911,f,46,深圳,2025-09-01,19158778879,user1802@example.com,普通会员
U-DOUYIN-850163,douyin_5579044,douyin,用户9302,f,47,成都,2026-10-21,19668419786,user9035@example.com,银卡会员
U-DOUYIN-850454,douyin_8666898,douyin,用户8048,f,41,西安,2025-05-10,13396770871,user2214@example.com,普通会员
U-DOUYIN-850715,douyin_6066809,douyin,用户7554,f,20,武汉,2025-02-07,14974377963,user3348@example.com,金卡会员
U-DOUYIN-850911,douyin_4880011,douyin,用户5609,m,26,武汉,2026-01-05,15692390388,user3815@example.com,金卡会员
U-DOUYIN-851199,douyin_3729629,douyin,用户2054,m,51,广州,2025-10-27,19527243436,user9266@example.com,普通会员
U-DOUYIN-851313,douyin_9366603,douyin,用户7122,f,49,成都,2025-06-25,18234567897,user8608@example.com,银卡会员
U-DOUYIN-851387,douyin_7445798,douyin,用户8064,m,41,杭州,2026-11-11,17874043496,user3849@example.com,金卡会员
U-DOUYIN-852099,douyin_5495034,douyin,用户3834,f,53,武汉,2025-03-15,16126782576,user4681@example.com,银卡会员
U-DOUYIN-852183,douyin_5534197,douyin,用户3356,f,18,广州,2026-01-06,17751074841,user8526@example.com,银卡会员
U-DOUYIN-852194,douyin_9741664,douyin,用户5328,m,18,西安,2025-12-16,15609602155,user7715@example.com,钻石会员
U-DOUYIN-852211,douyin_1298619,douyin,用户4711,m,19,深圳,2025-09-14,17127108705,user1463@example.com,普通会员
U-DOUYIN-853056,douyin_5396265,douyin,用户4126,f,33,深圳,2026-12-21,16657828145,user8846@example.com,金卡会员
U-DOUYIN-853527,douyin_7532557,douyin,用户4479,f,59,西安,2025-10-15,13960369661,user1157@example.com,金卡会员
U-DOUYIN-854020,douyin_6961495,douyin,用户5933,f,50,杭州,2025-12-22,19218747147,user9753@example.com,钻石会员
U-DOUYIN-854528,douyin_6200841,douyin,用户5412,f,52,重庆,2025-03-18,14569716598,user6949@example.com,金卡会员
U-DOUYIN-855085,douyin_1781788,douyin,用户8189,f,33,武汉,2026-04-23,15108888456,user4490@example.com,钻石会员
U-DOUYIN-855388,douyin_2256116,douyin,用户4998,f,49,重庆,2026-09-12,13520072942,user2824@example.com,银卡会员
U-DOUYIN-856330,douyin_6547478,douyin,用户8278,m,39,成都,2026-01-01,19263437974,user2660@example.com,钻石会员
U-DOUYIN-857300,douyin_3387572,douyin,用户6599,f,30,上海,2026-06-24,13488435310,user9954@example.com,普通会员
U-DOUYIN-857368,douyin_8678651,douyin,用户6715,m,60,杭州,2025-10-25,14327110522,user2010@example.com,金卡会员
U-DOUYIN-857602,douyin_2063253,douyin,用户3386,m,40,广州,2025-05-23,15477881462,user6237@example.com,银卡会员
U-DOUYIN-857767,douyin_8993844,douyin,用户1647,f,34,武汉,2026-03-10,16886638685,user1234@example.com,银卡会员
U-DOUYIN-858236,douyin_7065673,douyin,用户8102,f,47,武汉,2026-09-22,15804290317,user2672@example.com,银卡会员
U-DOUYIN-858378,douyin_1118118,douyin,用户7261,f,56,武汉,2025-12-17,13336061558,user1250@example.com,钻石会员
U-DOUYIN-858390,douyin_3111955,douyin,用户5334,m,31,南京,2025-02-13,14217904715,user3215@example.com,普通会员
U-DOUYIN-859102,douyin_1744539,douyin,用户6060,m,41,成都,2025-05-06,14816917967,user9474@example.com,银卡会员
U-DOUYIN-859956,douyin_7999492,douyin,用户3973,m,46,深圳,2025-12-12,16868228226,user2642@example.com,银卡会员
U-DOUYIN-860175,douyin_4543235,douyin,用户7725,m,39,上海,2026-05-10,17299078599,user3332@example.com,钻石会员
U-DOUYIN-860850,douyin_8961865,douyin,用户9899,m,58,上海,2025-08-23,17438078664,user7802@example.com,银卡会员
U-DOUYIN-860971,douyin_3067573,douyin,用户6387,m,60,广州,2026-02-15,16980952902,user2646@example.com,普通会员
U-DOUYIN-860989,douyin_6424003,douyin,用户4815,f,19,深圳,2026-07-01,17889161170,user7632@example.com,普通会员
U-DOUYIN-861470,douyin_2372832,douyin,用户7613,m,36,西安,2026-03-09,17894335227,user2065@example.com,普通会员
U-DOUYIN-861473,douyin_4656868,douyin,用户7328,f,37,广州,2025-08-22,19373222155,user1946@example.com,金卡会员
U-DOUYIN-861496,douyin_3856045,douyin,用户5993,f,21,武汉,2026-05-16,16423079858,user2004@example.com,金卡会员
U-DOUYIN-861749,douyin_1117682,douyin,用户7216,m,44,广州,2025-02-10,17999401515,user8760@example.com,金卡会员
U-DOUYIN-861809,douyin_4041446,douyin,用户8556,f,22,北京,2026-04-12,15419305589,user1655@example.com,普通会员
U-DOUYIN-862235,douyin_3407347,douyin,用户9835,f,41,上海,2025-03-21,16783597607,user9784@example.com,普通会员
U-DOUYIN-863411,douyin_7276189,douyin,用户4461,f,28,上海,2025-03-17,16387662419,user9857@example.com,钻石会员
U-DOUYIN-863464,douyin_4983519,douyin,用户4637,f,52,杭州,2026-06-18,17164047904,user1600@example.com,银卡会员
U-DOUYIN-863986,douyin_4126364,douyin,用户9138,f,27,广州,2026-03-07,19762777152,user6769@example.com,银卡会员
U-DOUYIN-864288,douyin_1122227,douyin,用户9625,f,30,广州,2025-03-21,19922272254,user4815@example.com,金卡会员
U-DOUYIN-864833,douyin_1660611,douyin,用户4527,m,35,杭州,2025-07-12,14425527842,user4161@example.com,银卡会员
U-DOUYIN-864864,douyin_3820723,douyin,用户2426,f,50,广州,2025-09-24,13779055747,user6994@example.com,钻石会员
U-DOUYIN-864879,douyin_8312573,douyin,用户1807,f,54,南京,2025-06-27,17142220398,user4696@example.com,银卡会员
U-DOUYIN-865099,douyin_4476620,douyin,用户5945,m,19,重庆,2026-03-02,17893410469,user6203@example.com,普通会员
U-DOUYIN-865434,douyin_7765245,douyin,用户1746,m,30,北京,2026-12-18,17943525007,user7199@example.com,钻石会员
U-DOUYIN-866308,douyin_6962236,douyin,用户7882,m,22,上海,2025-10-02,13861060193,user8744@example.com,普通会员
U-DOUYIN-867247,douyin_1321306,douyin,用户9423,f,55,北京,2025-05-05,17388165513,user2124@example.com,银卡会员
U-DOUYIN-868246,douyin_2290964,douyin,用户5076,f,22,杭州,2025-06-19,15144703249,user7496@example.com,普通会员
U-DOUYIN-868319,douyin_7514908,douyin,用户1060,m,33,武汉,2025-06-28,13653495773,user4278@example.com,钻石会员
U-DOUYIN-868582,douyin_6978456,douyin,用户4016,m,47,武汉,2025-12-16,14709477059,user9306@example.com,金卡会员
U-DOUYIN-869473,douyin_4796252,douyin,用户8578,f,44,成都,2025-07-17,14217401385,user8669@example.com,银卡会员
U-DOUYIN-869662,douyin_7785141,douyin,用户4590,f,55,成都,2025-07-21,18414067737,user7492@example.com,钻石会员
U-DOUYIN-870626,douyin_8133582,douyin,用户9515,f,25,深圳,2025-08-09,19677999865,user3126@example.com,金卡会员
U-DOUYIN-871023,douyin_1777992,douyin,用户6444,f,20,南京,2026-03-22,14812587471,user5844@example.com,普通会员
U-DOUYIN-871220,douyin_9987630,douyin,用户5661,m,34,南京,2026-11-16,15901798666,user9260@example.com,金卡会员
U-DOUYIN-871438,douyin_3588189,douyin,用户3489,m,49,成都,2025-12-01,13364297477,user9027@example.com,银卡会员
U-DOUYIN-871544,douyin_6739887,douyin,用户8702,f,54,南京,2026-06-22,14211196634,user5351@example.com,普通会员
U-DOUYIN-871689,douyin_5788272,douyin,用户3319,f,60,西安,2026-07-10,19914611122,user5145@example.com,普通会员
U-DOUYIN-871785,douyin_9001637,douyin,用户1279,m,34,杭州,2025-12-22,14959415477,user1384@example.com,银卡会员
U-DOUYIN-871999,douyin_7695127,douyin,用户7427,m,22,深圳,2025-12-13,14736851568,user5196@example.com,银卡会员
U-DOUYIN-872046,douyin_2582529,douyin,用户2242,f,49,北京,2026-08-01,16819542022,user9383@example.com,银卡会员
U-DOUYIN-872194,douyin_5336201,douyin,用户5016,m,20,杭州,2025-05-26,15285452806,user4119@example.com,普通会员
U-DOUYIN-872283,douyin_1854849,douyin,用户6223,m,23,武汉,2026-12-06,17388100374,user4295@example.com,银卡会员
U-DOUYIN-872721,douyin_8452770,douyin,用户3416,m,23,广州,2025-12-04,13129733615,user7274@example.com,普通会员
U-DOUYIN-873332,douyin_8767102,douyin,用户4091,m,36,广州,2026-05-24,16490217785,user5755@example.com,银卡会员
U-DOUYIN-873784,douyin_6159694,douyin,用户3045,m,32,南京,2025-10-23,19284458603,user2357@example.com,金卡会员
U-DOUYIN-874045,douyin_6292528,douyin,用户9618,m,28,杭州,2025-08-20,17208940750,user9582@example.com,普通会员
U-DOUYIN-874269,douyin_2938424,douyin,用户8458,f,34,武汉,2025-09-25,15404795129,user6888@example.com,钻石会员
U-DOUYIN-874329,douyin_2200349,douyin,用户3367,f,36,武汉,2025-11-13,15495659328,user1624@example.com,金卡会员
U-DOUYIN-875394,douyin_6511830,douyin,用户7751,f,57,杭州,2026-08-04,18968950676,user5345@example.com,钻石会员
U-DOUYIN-875520,douyin_3862860,douyin,用户1998,f,37,南京,2026-05-15,14365147547,user2709@example.com,普通会员
U-DOUYIN-875873,douyin_9851972,douyin,用户8618,m,21,武汉,2025-03-03,14948296873,user4881@example.com,钻石会员
U-DOUYIN-875990,douyin_3517110,douyin,用户9575,f,20,广州,2026-06-24,17377252949,user7800@example.com,钻石会员
U-DOUYIN-876494,douyin_1745846,douyin,用户4795,f,43,武汉,2026-08-24,14325094889,user8347@example.com,金卡会员
U-DOUYIN-876499,douyin_7171160,douyin,用户5704,f,40,武汉,2025-11-19,16575383737,user2883@example.com,金卡会员
U-DOUYIN-876746,douyin_6008528,douyin,用户2075,f,31,上海,2025-10-17,14666016865,user5369@example.com,银卡会员
U-DOUYIN-878008,douyin_6845067,douyin,用户8969,f,24,成都,2026-10-06,19504497370,user3859@example.com,银卡会员
U-DOUYIN-878297,douyin_9212024,douyin,用户9559,f,52,西安,2026-09-07,18386768801,user3887@example.com,金卡会员
U-DOUYIN-878309,douyin_6892139,douyin,用户7009,f,21,成都,2026-09-13,19220354047,user9705@example.com,普通会员
U-DOUYIN-878343,douyin_2331625,douyin,用户3830,m,37,杭州,2025-02-24,15602223356,user2135@example.com,金卡会员
U-DOUYIN-878383,douyin_9410661,douyin,用户9439,m,51,北京,2025-06-03,16138253843,user3904@example.com,金卡会员
U-DOUYIN-879320,douyin_3534161,douyin,用户7977,f,42,成都,2026-04-02,15458831467,user2552@example.com,银卡会员
U-DOUYIN-879799,douyin_1546156,douyin,用户8066,m,22,北京,2026-02-05,19928977694,user2870@example.com,银卡会员
U-DOUYIN-879861,douyin_9444444,douyin,用户2923,f,20,重庆,2026-06-16,19699598517,user2197@example.com,金卡会员
U-DOUYIN-880139,douyin_3199664,douyin,用户2085,f,35,广州,2026-04-08,14728045953,user9562@example.com,银卡会员
U-DOUYIN-880565,douyin_1799937,douyin,用户6822,f,31,广州,2025-11-28,16441093502,user5804@example.com,钻石会员
U-DOUYIN-880943,douyin_2072899,douyin,用户7831,m,36,北京,2025-07-12,15424072456,user2754@example.com,钻石会员
U-DOUYIN-881084,douyin_5397986,douyin,用户4102,m,22,武汉,2026-03-24,18236415934,user6509@example.com,银卡会员
U-DOUYIN-881215,douyin_2085543,douyin,用户1417,m,26,杭州,2025-12-27,18778558736,user2485@example.com,普通会员
U-DOUYIN-881369,douyin_7670796,douyin,用户1523,f,38,上海,2026-09-01,19110804142,user7888@example.com,普通会员
U-DOUYIN-881791,douyin_1014921,douyin,用户6376,m,33,广州,2025-03-15,16598910971,user2292@example.com,金卡会员
U-DOUYIN-883275,douyin_1341444,douyin,用户3347,f,56,重庆,2026-01-08,18546702831,user5169@example.com,钻石会员
U-DOUYIN-883392,douyin_2813480,douyin,用户7538,f,29,重庆,2025-02-12,18798712783,user9730@example.com,金卡会员
U-DOUYIN-883420,douyin_4874302,douyin,用户3879,m,38,广州,2026-08-20,19742237227,user3209@example.com,银卡会员
U-DOUYIN-883520,douyin_9586661,douyin,用户9488,f,43,西安,2025-08-13,15474481936,user5295@example.com,普通会员
U-DOUYIN-884444,douyin_8710322,douyin,用户8186,m,29,北京,2025-03-05,18588079931,user2297@example.com,银卡会员
U-DOUYIN-885989,douyin_9118393,douyin,用户4625,f,41,杭州,2025-01-21,17663728648,user6533@example.com,银卡会员
U-DOUYIN-886076,douyin_2496556,douyin,用户4223,m,43,西安,2026-10-17,13628039788,user9248@example.com,金卡会员
U-DOUYIN-887585,douyin_5045068,douyin,用户6960,m,43,广州,2026-01-15,13464566183,user2270@example.com,普通会员
U-DOUYIN-888223,douyin_1633902,douyin,用户8855,m,23,广州,2026-04-15,17249787475,user3718@example.com,普通会员
U-DOUYIN-888547,douyin_4647484,douyin,用户3692,m,20,西安,2026-08-02,13791009899,user2447@example.com,普通会员
U-DOUYIN-888709,douyin_2511551,douyin,用户2550,m,54,西安,2026-10-19,15651171177,user9701@example.com,金卡会员
U-DOUYIN-888898,douyin_8649715,douyin,用户5848,m,28,北京,2026-03-13,16639986604,user5351@example.com,钻石会员
U-DOUYIN-889779,douyin_3181077,douyin,用户2797,m,21,南京,2025-09-15,19527376153,user5903@example.com,银卡会员
U-DOUYIN-889858,douyin_2940910,douyin,用户4185,m,36,杭州,2025-04-17,19812974060,user7739@example.com,钻石会员
U-DOUYIN-889980,douyin_9504171,douyin,用户7817,m,41,西安,2025-07-13,17525530070,user6947@example.com,普通会员
U-DOUYIN-891263,douyin_3510179,douyin,用户4256,m,41,武汉,2026-05-05,16200836566,user4637@example.com,钻石会员
U-DOUYIN-891270,douyin_9333553,douyin,用户9654,m,42,北京,2026-12-15,17808210445,user2739@example.com,钻石会员
U-DOUYIN-891773,douyin_1016197,douyin,用户5647,f,34,南京,2025-03-04,14547343699,user1529@example.com,钻石会员
U-DOUYIN-891965,douyin_1251708,douyin,用户2803,f,55,重庆,2026-08-18,14175092405,user7406@example.com,普通会员
U-DOUYIN-892119,douyin_4093983,douyin,用户8598,m,47,武汉,2025-02-22,19219244753,user2333@example.com,金卡会员
U-DOUYIN-892197,douyin_1164462,douyin,用户1676,f,36,北京,2025-08-26,17477034648,user1219@example.com,银卡会员
U-DOUYIN-892468,douyin_8354646,douyin,用户8276,m,33,广州,2026-03-10,15579445760,user9843@example.com,金卡会员
U-DOUYIN-892781,douyin_3118299,douyin,用户6507,m,37,深圳,2026-11-13,14440924134,user1811@example.com,银卡会员
U-DOUYIN-892852,douyin_7936644,douyin,用户5592,m,39,北京,2025-08-16,17419845854,user1000@example.com,金卡会员
U-DOUYIN-893040,douyin_4622555,douyin,用户9989,f,33,武汉,2026-02-22,18153177002,user4639@example.com,银卡会员
U-DOUYIN-893189,douyin_4173613,douyin,用户3722,f,30,成都,2025-05-17,17552407525,user7868@example.com,银卡会员
U-DOUYIN-893816,douyin_2351713,douyin,用户7137,f,37,成都,2025-08-19,16988491762,user9386@example.com,钻石会员
U-DOUYIN-894151,douyin_3290777,douyin,用户7580,m,38,重庆,2025-01-05,17345903218,user6285@example.com,银卡会员
U-DOUYIN-894322,douyin_9222298,douyin,用户4024,m,49,上海,2026-09-26,19527745105,user5466@example.com,金卡会员
U-DOUYIN-894523,douyin_4997936,douyin,用户7420,m,50,重庆,2026-05-12,16466390353,user4767@example.com,金卡会员
U-DOUYIN-894650,douyin_1865949,douyin,用户3825,f,52,武汉,2025-07-11,19314761073,user7119@example.com,普通会员
U-DOUYIN-894813,douyin_7246164,douyin,用户5764,m,38,西安,2025-10-23,16742479798,user8552@example.com,普通会员
U-DOUYIN-895357,douyin_3761091,douyin,用户7899,f,50,西安,2026-07-26,18662682934,user6506@example.com,普通会员
U-DOUYIN-895426,douyin_8309368,douyin,用户7100,f,38,北京,2026-10-27,15754376087,user3220@example.com,银卡会员
U-DOUYIN-896044,douyin_3721700,douyin,用户2622,f,30,重庆,2026-07-10,13267092642,user6542@example.com,银卡会员
U-DOUYIN-896281,douyin_1446117,douyin,用户5522,m,46,成都,2025-06-21,16401748165,user4098@example.com,钻石会员
U-DOUYIN-896410,douyin_2548899,douyin,用户5828,f,55,西安,2025-08-03,18312780060,user6696@example.com,钻石会员
U-DOUYIN-896422,douyin_2523555,douyin,用户9484,f,55,深圳,2025-05-10,16120814485,user1518@example.com,金卡会员
U-DOUYIN-896584,douyin_9612251,douyin,用户9637,m,42,西安,2025-09-26,16735218381,user4861@example.com,银卡会员
U-DOUYIN-896840,douyin_9884745,douyin,用户7983,f,38,武汉,2026-10-21,15847952083,user7420@example.com,银卡会员
U-DOUYIN-896879,douyin_6496012,douyin,用户8000,m,43,杭州,2026-03-18,19917859951,user6823@example.com,银卡会员
U-DOUYIN-896982,douyin_7512616,douyin,用户4124,f,40,杭州,2026-01-18,17707424565,user2991@example.com,普通会员
U-DOUYIN-897402,douyin_1588205,douyin,用户8215,f,54,南京,2026-03-08,19877285322,user2610@example.com,金卡会员
U-DOUYIN-898098,douyin_7889495,douyin,用户4029,f,41,杭州,2025-03-08,17490542524,user1479@example.com,银卡会员
U-DOUYIN-898332,douyin_1730058,douyin,用户7138,f,40,武汉,2025-04-24,13902283548,user6957@example.com,银卡会员
U-DOUYIN-898762,douyin_2320997,douyin,用户1698,m,31,北京,2025-02-27,19982458605,user2116@example.com,金卡会员
U-DOUYIN-899272,douyin_3130980,douyin,用户7266,f,25,成都,2025-06-08,18687504089,user5679@example.com,钻石会员
U-DOUYIN-900174,douyin_3976867,douyin,用户8370,m,26,西安,2026-12-28,18326963726,user3746@example.com,银卡会员
U-DOUYIN-900340,douyin_1647667,douyin,用户5480,f,36,广州,2025-11-10,17760459590,user1033@example.com,金卡会员
U-DOUYIN-900657,douyin_9410362,douyin,用户9832,m,26,西安,2026-09-15,13532059103,user6669@example.com,钻石会员
U-DOUYIN-900734,douyin_5392900,douyin,用户8646,m,36,杭州,2026-03-15,16172305144,user5412@example.com,银卡会员
U-DOUYIN-900925,douyin_1020072,douyin,用户8400,f,39,成都,2025-04-03,15614993175,user7107@example.com,普通会员
U-DOUYIN-901128,douyin_4996780,douyin,用户4371,m,18,西安,2026-01-08,17724500025,user2112@example.com,普通会员
U-DOUYIN-901620,douyin_5565296,douyin,用户4030,f,60,重庆,2025-03-09,14190626786,user8920@example.com,银卡会员
U-DOUYIN-901881,douyin_4635358,douyin,用户2635,m,50,西安,2025-03-19,18846051498,user1976@example.com,普通会员
U-DOUYIN-901902,douyin_2031468,douyin,用户6375,f,55,南京,2026-09-07,14731234427,user4640@example.com,银卡会员
U-DOUYIN-901990,douyin_3965510,douyin,用户1180,m,20,北京,2026-07-02,14636574001,user9228@example.com,银卡会员
U-DOUYIN-902605,douyin_3484060,douyin,用户9081,f,30,重庆,2026-03-13,16354075288,user6007@example.com,银卡会员
U-DOUYIN-902892,douyin_4770680,douyin,用户4151,m,40,杭州,2026-03-28,18960253144,user7234@example.com,钻石会员
U-DOUYIN-902975,douyin_4016904,douyin,用户5632,f,47,武汉,2025-07-06,17922439748,user3166@example.com,金卡会员
U-DOUYIN-903132,douyin_8778866,douyin,用户2623,m,38,重庆,2025-07-26,19546883901,user4880@example.com,银卡会员
U-DOUYIN-903669,douyin_1821434,douyin,用户2790,m,44,深圳,2025-06-21,16554040537,user3346@example.com,普通会员
U-DOUYIN-903996,douyin_8421126,douyin,用户9782,m,42,深圳,2025-05-24,16387091053,user2317@example.com,金卡会员
U-DOUYIN-905359,douyin_7501532,douyin,用户1056,m,58,北京,2025-12-13,14155681739,user7558@example.com,金卡会员
U-DOUYIN-905502,douyin_3786722,douyin,用户4693,f,57,武汉,2025-02-15,18615921026,user7419@example.com,钻石会员
U-DOUYIN-905668,douyin_9045698,douyin,用户4545,f,56,深圳,2025-11-17,18875814669,user6415@example.com,钻石会员
U-DOUYIN-906286,douyin_1660965,douyin,用户5069,m,27,北京,2025-03-01,15512769276,user5621@example.com,银卡会员
U-DOUYIN-907121,douyin_5245659,douyin,用户6163,m,50,武汉,2025-03-28,19385471162,user2458@example.com,钻石会员
U-DOUYIN-907254,douyin_7330838,douyin,用户4506,f,29,南京,2026-12-20,15606580922,user8297@example.com,钻石会员
U-DOUYIN-907722,douyin_3214100,douyin,用户4482,f,58,杭州,2026-09-27,17624905919,user3409@example.com,钻石会员
U-DOUYIN-907950,douyin_5240998,douyin,用户2038,f,43,武汉,2026-07-13,18266267898,user1860@example.com,金卡会员
U-DOUYIN-908055,douyin_3158322,douyin,用户3513,m,43,上海,2026-04-21,15491916960,user9167@example.com,普通会员
U-DOUYIN-908615,douyin_7209699,douyin,用户3473,f,32,重庆,2026-03-09,17480883602,user3293@example.com,金卡会员
U-DOUYIN-909196,douyin_3914749,douyin,用户1707,m,22,武汉,2025-04-25,16108934992,user9170@example.com,银卡会员
U-DOUYIN-909531,douyin_1460795,douyin,用户3060,m,31,杭州,2025-03-25,13534343239,user9205@example.com,银卡会员
U-DOUYIN-909737,douyin_9088034,douyin,用户8419,f,56,北京,2025-03-14,19621233070,user6043@example.com,钻石会员
U-DOUYIN-909814,douyin_7566240,douyin,用户7821,m,41,成都,2025-10-24,16290358336,user7779@example.com,钻石会员
U-DOUYIN-910283,douyin_1725102,douyin,用户3798,f,53,西安,2025-05-27,16550824199,user3608@example.com,钻石会员
U-DOUYIN-911036,douyin_1322910,douyin,用户6018,m,32,杭州,2025-10-21,17979688451,user6401@example.com,金卡会员
U-DOUYIN-911944,douyin_1457994,douyin,用户5583,f,32,广州,2026-06-08,19755391693,user8046@example.com,钻石会员
U-DOUYIN-912192,douyin_9314862,douyin,用户8586,m,51,南京,2025-03-22,14985361384,user2765@example.com,金卡会员
U-DOUYIN-912313,douyin_8400637,douyin,用户7648,m,30,重庆,2026-04-16,16714461565,user8421@example.com,金卡会员
U-DOUYIN-913277,douyin_2715363,douyin,用户6267,m,19,武汉,2025-08-08,13823514475,user1302@example.com,银卡会员
U-DOUYIN-913492,douyin_2327345,douyin,用户5309,m,32,广州,2025-12-01,18743037206,user5721@example.com,钻石会员
U-DOUYIN-913808,douyin_7389863,douyin,用户6901,m,35,杭州,2026-11-03,18510634778,user1586@example.com,金卡会员
U-DOUYIN-913937,douyin_8623323,douyin,用户8303,m,21,成都,2026-04-11,15218717078,user8410@example.com,金卡会员
U-DOUYIN-914181,douyin_4053163,douyin,用户2721,m,43,杭州,2026-03-03,18223199703,user5520@example.com,金卡会员
U-DOUYIN-914651,douyin_8708684,douyin,用户6113,m,37,杭州,2026-12-22,13917420629,user3896@example.com,银卡会员
U-DOUYIN-915748,douyin_2061498,douyin,用户5286,m,38,上海,2026-02-28,14754249664,user2521@example.com,银卡会员
U-DOUYIN-916004,douyin_7035776,douyin,用户8206,f,27,西安,2025-11-22,18268223368,user4285@example.com,钻石会员
U-DOUYIN-916100,douyin_5740839,douyin,用户7502,f,20,北京,2026-07-20,16622428403,user4768@example.com,钻石会员
U-DOUYIN-916440,douyin_3093373,douyin,用户4435,m,37,上海,2026-01-28,15180214408,user7264@example.com,金卡会员
U-DOUYIN-916754,douyin_2971383,douyin,用户7017,m,18,重庆,2025-11-24,15107804742,user7438@example.com,银卡会员
U-DOUYIN-916832,douyin_7926928,douyin,用户4840,f,31,南京,2025-03-03,19397593986,user1677@example.com,银卡会员
U-DOUYIN-917039,douyin_3295131,douyin,用户1961,m,51,杭州,2026-01-06,17448779347,user6820@example.com,银卡会员
U-DOUYIN-917572,douyin_3661959,douyin,用户8019,f,40,武汉,2026-07-17,15236906526,user2874@example.com,银卡会员
U-DOUYIN-917800,douyin_6184148,douyin,用户8222,f,32,成都,2025-08-28,14880829314,user3684@example.com,普通会员
U-DOUYIN-917821,douyin_2652261,douyin,用户9277,m,46,深圳,2025-06-02,16745303205,user6025@example.com,金卡会员
U-DOUYIN-918340,douyin_3505234,douyin,用户1878,m,21,深圳,2026-09-22,17322822962,user3206@example.com,金卡会员
U-DOUYIN-918666,douyin_5618917,douyin,用户8057,f,46,杭州,2026-06-02,16915075227,user2965@example.com,银卡会员
U-DOUYIN-918838,douyin_1922500,douyin,用户7749,f,42,重庆,2025-11-22,16686812910,user5638@example.com,金卡会员
U-DOUYIN-919443,douyin_1451914,douyin,用户7464,m,44,武汉,2025-03-23,13122675087,user6383@example.com,金卡会员
U-DOUYIN-920540,douyin_6314669,douyin,用户1701,m,50,重庆,2025-10-17,13443425920,user6734@example.com,普通会员
U-DOUYIN-920612,douyin_2117180,douyin,用户6380,f,38,武汉,2025-11-12,19317806835,user6152@example.com,银卡会员
U-DOUYIN-921182,douyin_7763919,douyin,用户5372,f,54,北京,2025-07-09,15749558373,user4215@example.com,钻石会员
U-DOUYIN-921922,douyin_5261024,douyin,用户5817,m,30,广州,2025-12-27,17740269103,user2332@example.com,普通会员
U-DOUYIN-921992,douyin_9921381,douyin,用户1857,f,52,南京,2026-02-20,15619160176,user9105@example.com,普通会员
U-DOUYIN-922342,douyin_1773118,douyin,用户2378,m,29,成都,2026-11-05,15483610998,user3120@example.com,钻石会员
U-DOUYIN-923257,douyin_6423082,douyin,用户3832,f,40,武汉,2025-03-03,19111684212,user7392@example.com,金卡会员
U-DOUYIN-923305,douyin_3189087,douyin,用户9931,f,42,重庆,2025-06-22,17215891781,user1092@example.com,钻石会员
U-DOUYIN-923697,douyin_6940453,douyin,用户6217,m,31,深圳,2026-01-22,19551337345,user2530@example.com,钻石会员
U-DOUYIN-924879,douyin_8213976,douyin,用户7836,m,32,成都,2026-09-25,14698973827,user7405@example.com,金卡会员
U-DOUYIN-929196,douyin_2956489,douyin,用户5064,f,26,西安,2026-07-18,13356952543,user9492@example.com,钻石会员
U-DOUYIN-929301,douyin_5848470,douyin,用户2775,f,22,武汉,2026-03-15,19559115210,user1719@example.com,钻石会员
U-DOUYIN-929872,douyin_3247491,douyin,用户8122,f,60,上海,2026-05-07,15218106597,user5241@example.com,钻石会员
U-DOUYIN-929948,douyin_5785695,douyin,用户5033,m,20,广州,2026-07-23,16814067949,user9571@example.com,金卡会员
U-DOUYIN-930062,douyin_3883292,douyin,用户9797,m,33,北京,2025-05-27,17395999201,user7747@example.com,银卡会员
U-DOUYIN-930147,douyin_5762463,douyin,用户1253,f,25,武汉,2026-11-22,18228727036,user8588@example.com,钻石会员
U-DOUYIN-931301,douyin_9737495,douyin,用户7903,m,18,西安,2026-11-06,16316154296,user3106@example.com,钻石会员
U-DOUYIN-931325,douyin_1592952,douyin,用户2803,f,22,成都,2026-07-28,14260044546,user2342@example.com,钻石会员
U-DOUYIN-931396,douyin_9758311,douyin,用户3136,f,51,上海,2025-07-22,16720570006,user2133@example.com,钻石会员
U-DOUYIN-931561,douyin_4107000,douyin,用户2534,m,20,成都,2026-10-09,13226226167,user6411@example.com,金卡会员
U-DOUYIN-932254,douyin_2620915,douyin,用户7405,m,18,北京,2025-08-02,16757102485,user1063@example.com,钻石会员
U-DOUYIN-932773,douyin_3983319,douyin,用户9692,m,60,南京,2025-03-13,13595477972,user5340@example.com,银卡会员
U-DOUYIN-933639,douyin_1941912,douyin,用户1306,m,37,重庆,2026-04-28,16219780940,user2116@example.com,银卡会员
U-DOUYIN-933693,douyin_5230949,douyin,用户8097,m,51,上海,2026-06-12,16190288510,user5782@example.com,普通会员
U-DOUYIN-934241,douyin_2978105,douyin,用户2437,m,52,重庆,2026-07-21,14166152824,user9398@example.com,钻石会员
U-DOUYIN-934509,douyin_6831673,douyin,用户4566,f,40,南京,2025-04-21,19134064526,user3296@example.com,钻石会员
U-DOUYIN-934677,douyin_4837494,douyin,用户6250,f,50,成都,2025-10-27,13925930019,user1096@example.com,钻石会员
U-DOUYIN-935122,douyin_1864666,douyin,用户8733,f,59,深圳,2025-04-01,14557691145,user5761@example.com,金卡会员
U-DOUYIN-935359,douyin_2193422,douyin,用户5004,m,36,南京,2025-09-07,13910013821,user1632@example.com,普通会员
U-DOUYIN-935641,douyin_2115049,douyin,用户8872,m,47,广州,2025-03-17,14640077666,user9311@example.com,钻石会员
U-DOUYIN-935855,douyin_1545053,douyin,用户4299,f,31,北京,2026-08-10,19592187696,user4819@example.com,金卡会员
U-DOUYIN-936059,douyin_5592967,douyin,用户3379,f,47,上海,2026-10-04,13348606738,user2154@example.com,金卡会员
U-DOUYIN-936550,douyin_8762067,douyin,用户7287,m,60,深圳,2025-04-15,14987327694,user1528@example.com,银卡会员
U-DOUYIN-936992,douyin_5515190,douyin,用户5009,f,46,重庆,2025-11-28,13536612147,user1537@example.com,钻石会员
U-DOUYIN-937081,douyin_6568228,douyin,用户7977,m,19,杭州,2025-09-01,14571404652,user5280@example.com,金卡会员
U-DOUYIN-937249,douyin_4657957,douyin,用户3255,f,19,南京,2025-10-23,16343697273,user8567@example.com,金卡会员
U-DOUYIN-937286,douyin_6612154,douyin,用户2236,m,48,南京,2026-09-24,15373397026,user4823@example.com,金卡会员
U-DOUYIN-937394,douyin_7881539,douyin,用户3865,m,19,广州,2026-10-18,18863459148,user1869@example.com,普通会员
U-DOUYIN-937519,douyin_3096167,douyin,用户3546,m,57,杭州,2025-04-18,17616231002,user8941@example.com,钻石会员
U-DOUYIN-938332,douyin_4820333,douyin,用户7495,f,34,杭州,2026-08-01,14189809967,user3823@example.com,金卡会员
U-DOUYIN-938872,douyin_9127863,douyin,用户8558,f,22,北京,2025-05-05,15368339266,user3437@example.com,钻石会员
U-DOUYIN-939335,douyin_5052921,douyin,用户4734,m,53,北京,2026-03-26,17341167329,user5520@example.com,金卡会员
U-DOUYIN-939693,douyin_4106611,douyin,用户3476,f,52,深圳,2025-12-07,17417204281,user7623@example.com,钻石会员
U-DOUYIN-939719,douyin_6992163,douyin,用户7441,f,48,杭州,2025-06-04,15820166076,user9059@example.com,金卡会员
U-DOUYIN-939745,douyin_1605459,douyin,用户1417,m,47,南京,2026-11-23,18281878889,user7255@example.com,银卡会员
U-DOUYIN-939849,douyin_8241837,douyin,用户8326,f,54,西安,2026-07-15,14603143159,user3081@example.com,钻石会员
U-DOUYIN-940996,douyin_5622241,douyin,用户1499,m,35,北京,2025-05-24,19380974133,user2340@example.com,普通会员
U-DOUYIN-942695,douyin_6179345,douyin,用户7689,f,53,广州,2026-08-13,19203827923,user1792@example.com,银卡会员
U-DOUYIN-943012,douyin_4450428,douyin,用户5317,f,38,武汉,2026-08-11,17948137518,user2963@example.com,普通会员
U-DOUYIN-943908,douyin_9125183,douyin,用户6884,m,53,杭州,2025-12-01,13205483774,user4226@example.com,银卡会员
U-DOUYIN-944005,douyin_9924765,douyin,用户4722,f,27,杭州,2026-04-13,18817985913,user9986@example.com,银卡会员
U-DOUYIN-944331,douyin_7024932,douyin,用户5899,m,23,广州,2026-11-27,19447422558,user5993@example.com,银卡会员
U-DOUYIN-944883,douyin_1620743,douyin,用户2019,f,58,广州,2026-04-07,17902538563,user1994@example.com,普通会员
U-DOUYIN-944893,douyin_3362079,douyin,用户2697,f,24,北京,2025-03-02,16834404431,user3179@example.com,金卡会员
U-DOUYIN-945340,douyin_1886116,douyin,用户8141,f,47,武汉,2026-07-20,19660439668,user3563@example.com,银卡会员
U-DOUYIN-945599,douyin_9521289,douyin,用户3111,m,30,北京,2026-11-12,17466625410,user4059@example.com,普通会员
U-DOUYIN-945762,douyin_2088787,douyin,用户6767,f,46,西安,2025-09-06,16704851916,user7952@example.com,钻石会员
U-DOUYIN-946127,douyin_9387154,douyin,用户1995,f,35,深圳,2025-11-06,16908540267,user9377@example.com,金卡会员
U-DOUYIN-946265,douyin_7533520,douyin,用户5449,f,28,重庆,2025-04-06,13109244093,user9511@example.com,金卡会员
U-DOUYIN-946338,douyin_8098785,douyin,用户9197,f,55,南京,2026-12-18,17607125772,user9399@example.com,钻石会员
U-DOUYIN-947688,douyin_4435424,douyin,用户7414,m,52,重庆,2026-04-09,19975909614,user3702@example.com,银卡会员
U-DOUYIN-947880,douyin_8127308,douyin,用户1620,f,53,杭州,2026-05-23,14369794073,user7691@example.com,银卡会员
U-DOUYIN-948093,douyin_9492014,douyin,用户3825,f,35,杭州,2026-08-25,13582983343,user6751@example.com,银卡会员
U-DOUYIN-948330,douyin_2741876,douyin,用户5291,f,40,杭州,2025-08-06,17391448471,user6356@example.com,钻石会员
U-DOUYIN-948518,douyin_6599899,douyin,用户8557,f,59,杭州,2026-11-20,15165452291,user2269@example.com,银卡会员
U-DOUYIN-948895,douyin_6472330,douyin,用户4214,f,48,深圳,2026-09-12,17858863461,user7589@example.com,银卡会员
U-DOUYIN-949086,douyin_2576020,douyin,用户5089,f,42,北京,2026-01-05,14828878715,user4400@example.com,钻石会员
U-DOUYIN-949542,douyin_1791638,douyin,用户6273,f,29,南京,2025-11-17,17476916243,user3175@example.com,银卡会员
U-DOUYIN-949544,douyin_3613108,douyin,用户5977,f,41,杭州,2026-09-20,13333132081,user7172@example.com,钻石会员
U-DOUYIN-950199,douyin_1274326,douyin,用户4106,f,30,深圳,2025-10-11,15189109177,user4549@example.com,金卡会员
U-DOUYIN-950328,douyin_7709851,douyin,用户9802,f,25,成都,2025-12-12,18352270184,user2153@example.com,钻石会员
U-DOUYIN-950462,douyin_1996505,douyin,用户7782,m,38,广州,2025-03-21,13606374969,user3161@example.com,钻石会员
U-DOUYIN-950951,douyin_9334022,douyin,用户7631,f,44,武汉,2026-08-05,19934599679,user6379@example.com,普通会员
U-DOUYIN-951051,douyin_9841218,douyin,用户5027,m,39,上海,2025-02-27,17253957891,user3184@example.com,金卡会员
U-DOUYIN-951190,douyin_7545136,douyin,用户8484,m,39,武汉,2025-03-15,14200971531,user3219@example.com,普通会员
U-DOUYIN-951619,douyin_7764704,douyin,用户3333,m,27,北京,2026-01-14,19372974001,user3866@example.com,钻石会员
U-DOUYIN-951836,douyin_9967845,douyin,用户7794,m,23,杭州,2025-02-23,13688997164,user7732@example.com,钻石会员
U-DOUYIN-951946,douyin_8324862,douyin,用户4919,f,21,西安,2025-01-24,18618601658,user6883@example.com,普通会员
U-DOUYIN-952197,douyin_6533660,douyin,用户7012,m,28,深圳,2026-11-01,19340582463,user2672@example.com,金卡会员
U-DOUYIN-953275,douyin_6447081,douyin,用户5705,f,51,深圳,2025-07-25,13513260858,user7217@example.com,普通会员
U-DOUYIN-953515,douyin_9030814,douyin,用户8471,m,53,重庆,2026-03-06,16398758221,user6446@example.com,金卡会员
U-DOUYIN-953986,douyin_4442148,douyin,用户4844,f,25,上海,2025-07-20,14979950730,user9874@example.com,钻石会员
U-DOUYIN-954174,douyin_7566528,douyin,用户3460,f,59,重庆,2025-09-24,19909480559,user4885@example.com,钻石会员
U-DOUYIN-954356,douyin_6663192,douyin,用户7002,f,43,重庆,2025-04-11,15160201442,user7975@example.com,银卡会员
U-DOUYIN-954804,douyin_1580431,douyin,用户5562,f,44,西安,2025-05-02,18962021221,user2057@example.com,普通会员
U-DOUYIN-955512,douyin_1821343,douyin,用户9669,f,35,成都,2026-01-15,14287899520,user5936@example.com,银卡会员
U-DOUYIN-957172,douyin_9568047,douyin,用户5904,f,54,深圳,2025-12-05,16253262333,user6817@example.com,金卡会员
U-DOUYIN-957238,douyin_6763692,douyin,用户8361,f,55,西安,2025-08-15,19878050320,user9101@example.com,钻石会员
U-DOUYIN-957846,douyin_6787207,douyin,用户7681,f,19,西安,2025-02-11,13966683432,user6187@example.com,普通会员
U-DOUYIN-958285,douyin_2041839,douyin,用户6629,m,44,重庆,2025-12-12,17250351254,user3121@example.com,钻石会员
U-DOUYIN-959813,douyin_7192450,douyin,用户6187,m,22,西安,2025-04-24,15898341952,user8398@example.com,金卡会员
U-DOUYIN-959914,douyin_2950556,douyin,用户8113,f,18,重庆,2026-03-19,18269985323,user2872@example.com,金卡会员
U-DOUYIN-960015,douyin_3943002,douyin,用户2567,m,52,重庆,2025-10-14,15446050350,user1837@example.com,钻石会员
U-DOUYIN-960169,douyin_6778423,douyin,用户5764,f,27,南京,2025-02-07,16478300041,user2099@example.com,银卡会员
U-DOUYIN-960905,douyin_8983649,douyin,用户5587,m,45,广州,2026-04-21,15663831211,user8120@example.com,普通会员
U-DOUYIN-961039,douyin_9229556,douyin,用户3172,f,56,深圳,2026-07-17,13598783439,user9816@example.com,金卡会员
U-DOUYIN-963052,douyin_9119228,douyin,用户1214,f,49,重庆,2025-04-06,17318586858,user3528@example.com,金卡会员
U-DOUYIN-963077,douyin_3910499,douyin,用户4042,f,25,重庆,2026-09-27,18485497917,user8915@example.com,钻石会员
U-DOUYIN-963431,douyin_5269149,douyin,用户1021,m,55,杭州,2025-06-23,19688680381,user2766@example.com,银卡会员
U-DOUYIN-963537,douyin_3712016,douyin,用户5728,f,18,广州,2026-01-05,16169522774,user4173@example.com,银卡会员
U-DOUYIN-963756,douyin_4890957,douyin,用户8917,f,56,西安,2025-10-28,15488187718,user9726@example.com,钻石会员
U-DOUYIN-963798,douyin_3214686,douyin,用户6947,m,34,杭州,2025-05-13,17983003323,user2859@example.com,钻石会员
U-DOUYIN-963836,douyin_3057734,douyin,用户4785,m,40,重庆,2025-06-01,18972679410,user6655@example.com,金卡会员
U-DOUYIN-963837,douyin_4159437,douyin,用户8879,f,24,广州,2026-05-21,17633003425,user1189@example.com,金卡会员
U-DOUYIN-963918,douyin_3183434,douyin,用户9499,m,32,成都,2025-08-22,15900211643,user6878@example.com,普通会员
U-DOUYIN-964460,douyin_2555990,douyin,用户7749,f,21,武汉,2025-04-22,17355895109,user7784@example.com,钻石会员
U-DOUYIN-965056,douyin_6255178,douyin,用户8824,f,28,南京,2026-09-09,14307210500,user7896@example.com,普通会员
U-DOUYIN-965353,douyin_9623068,douyin,用户7951,f,51,西安,2025-05-04,15948981349,user2908@example.com,金卡会员
U-DOUYIN-965486,douyin_5304668,douyin,用户8697,m,54,成都,2025-03-12,16537397066,user7005@example.com,银卡会员
U-DOUYIN-966044,douyin_5455389,douyin,用户7649,m,47,南京,2026-11-21,16818773565,user6059@example.com,金卡会员
U-DOUYIN-966257,douyin_2323298,douyin,用户4614,f,22,重庆,2025-09-07,16594117788,user8174@example.com,金卡会员
U-DOUYIN-966846,douyin_6156226,douyin,用户6653,m,24,重庆,2026-08-14,17113738855,user3939@example.com,金卡会员
U-DOUYIN-967378,douyin_2483494,douyin,用户1332,m,35,西安,2025-03-01,14748600827,user9116@example.com,银卡会员
U-DOUYIN-967710,douyin_9470411,douyin,用户4028,f,58,上海,2025-09-15,17962546104,user3863@example.com,钻石会员
U-DOUYIN-968152,douyin_8453906,douyin,用户2410,f,41,广州,2025-07-28,18229234053,user2409@example.com,银卡会员
U-DOUYIN-968569,douyin_5746001,douyin,用户9156,m,40,西安,2025-11-10,19448719874,user3625@example.com,普通会员
U-DOUYIN-968884,douyin_5334225,douyin,用户3371,m,24,南京,2026-07-13,14241783041,user8954@example.com,银卡会员
U-DOUYIN-970015,douyin_2735650,douyin,用户3122,f,41,南京,2025-04-03,18577865236,user7280@example.com,金卡会员
U-DOUYIN-970092,douyin_2803963,douyin,用户5453,f,55,深圳,2026-03-15,13881988103,user4339@example.com,银卡会员
U-DOUYIN-970171,douyin_5120208,douyin,用户8973,m,53,上海,2025-01-01,17843074666,user8099@example.com,普通会员
U-DOUYIN-970173,douyin_6423532,douyin,用户5115,m,25,上海,2026-07-16,13610764164,user7251@example.com,钻石会员
U-DOUYIN-970322,douyin_8103857,douyin,用户5703,m,42,上海,2026-04-05,15429339184,user3860@example.com,钻石会员
U-DOUYIN-970822,douyin_6773628,douyin,用户5795,m,35,成都,2025-12-12,18201836170,user8954@example.com,普通会员
U-DOUYIN-971083,douyin_4476017,douyin,用户7868,f,56,广州,2025-02-03,15762487051,user9923@example.com,银卡会员
U-DOUYIN-971209,douyin_8649878,douyin,用户7131,m,28,上海,2025-02-25,18175079555,user9725@example.com,金卡会员
U-DOUYIN-971661,douyin_2477404,douyin,用户6628,f,24,深圳,2025-09-10,13273807203,user3973@example.com,钻石会员
U-DOUYIN-971990,douyin_6961825,douyin,用户5584,m,40,杭州,2026-12-13,13121325737,user4238@example.com,普通会员
U-DOUYIN-972099,douyin_7908827,douyin,用户9402,m,33,上海,2025-06-22,13719618686,user5006@example.com,金卡会员
U-DOUYIN-972614,douyin_1130195,douyin,用户1648,f,48,重庆,2026-11-16,19440166380,user1709@example.com,金卡会员
U-DOUYIN-972841,douyin_5525109,douyin,用户9677,f,27,武汉,2026-04-17,18810013673,user2003@example.com,银卡会员
U-DOUYIN-973123,douyin_4547965,douyin,用户1043,f,31,西安,2026-02-21,17939328326,user9204@example.com,钻石会员
U-DOUYIN-973163,douyin_3472139,douyin,用户3795,m,36,杭州,2026-12-02,18756193104,user1245@example.com,钻石会员
U-DOUYIN-973361,douyin_4811494,douyin,用户4731,m,28,杭州,2026-11-03,17785460675,user6940@example.com,金卡会员
U-DOUYIN-974440,douyin_4665246,douyin,用户4796,m,54,广州,2026-10-17,14902801979,user4721@example.com,金卡会员
U-DOUYIN-974571,douyin_5086958,douyin,用户1748,f,55,广州,2026-02-05,16161959749,user8279@example.com,银卡会员
U-DOUYIN-975287,douyin_6634888,douyin,用户7858,m,18,深圳,2026-02-01,17210800503,user7132@example.com,金卡会员
U-DOUYIN-976217,douyin_4247563,douyin,用户6391,f,32,广州,2026-12-05,17839681725,user3790@example.com,钻石会员
U-DOUYIN-976606,douyin_4615584,douyin,用户7465,f,31,西安,2026-12-26,14794119847,user8118@example.com,银卡会员
U-DOUYIN-976858,douyin_4972631,douyin,用户6752,f,37,杭州,2026-01-04,14676268343,user4126@example.com,钻石会员
U-DOUYIN-977516,douyin_3070051,douyin,用户5794,f,25,上海,2026-03-12,18396437112,user4788@example.com,钻石会员
U-DOUYIN-977891,douyin_7240616,douyin,用户5885,f,22,成都,2025-04-21,17575208541,user7458@example.com,普通会员
U-DOUYIN-978011,douyin_2730496,douyin,用户7441,m,54,深圳,2025-03-01,15381543315,user1616@example.com,普通会员
U-DOUYIN-979119,douyin_5630697,douyin,用户1860,f,49,杭州,2025-12-22,19188706368,user5829@example.com,普通会员
U-DOUYIN-979415,douyin_9482636,douyin,用户8061,f,42,广州,2026-10-23,13466244846,user6388@example.com,银卡会员
U-DOUYIN-979503,douyin_4994257,douyin,用户6582,f,26,北京,2026-02-20,16148392868,user6781@example.com,金卡会员
U-DOUYIN-979506,douyin_1338569,douyin,用户3180,f,31,重庆,2026-01-14,19961632960,user7025@example.com,普通会员
U-DOUYIN-979905,douyin_2560318,douyin,用户8638,f,35,广州,2026-03-12,14797001285,user8699@example.com,钻石会员
U-DOUYIN-980314,douyin_6103727,douyin,用户1227,m,38,深圳,2026-07-27,16344814221,user7684@example.com,钻石会员
U-DOUYIN-980446,douyin_3670867,douyin,用户9949,m,20,南京,2025-05-19,15769798251,user1728@example.com,钻石会员
U-DOUYIN-981376,douyin_6722775,douyin,用户5905,f,39,西安,2026-07-28,13543146670,user7634@example.com,普通会员
U-DOUYIN-981759,douyin_8861692,douyin,用户5185,f,44,上海,2025-04-01,16234638791,user8292@example.com,金卡会员
U-DOUYIN-981896,douyin_8861388,douyin,用户4438,f,46,杭州,2026-04-07,15263913186,user7650@example.com,金卡会员
U-DOUYIN-982690,douyin_3910281,douyin,用户7777,m,29,武汉,2025-02-09,14828873457,user6075@example.com,钻石会员
U-DOUYIN-982734,douyin_4066083,douyin,用户9869,f,44,重庆,2025-07-26,18977029550,user9351@example.com,普通会员
U-DOUYIN-982834,douyin_8216781,douyin,用户3499,f,56,西安,2026-07-14,17130953075,user6438@example.com,钻石会员
U-DOUYIN-983128,douyin_8743941,douyin,用户1978,f,49,北京,2026-08-22,13591211364,user7250@example.com,钻石会员
U-DOUYIN-983157,douyin_9695311,douyin,用户7610,f,48,北京,2026-01-06,14199552588,user1010@example.com,普通会员
U-DOUYIN-983284,douyin_1649182,douyin,用户8482,f,41,广州,2026-03-03,18466460935,user2803@example.com,银卡会员
U-DOUYIN-983661,douyin_2691656,douyin,用户4475,f,52,深圳,2026-07-05,18101652941,user2026@example.com,钻石会员
U-DOUYIN-984119,douyin_3253569,douyin,用户4371,m,58,西安,2026-09-16,19959903054,user4178@example.com,钻石会员
U-DOUYIN-984806,douyin_8109872,douyin,用户7250,f,40,南京,2026-11-25,17225739287,user8290@example.com,普通会员
U-DOUYIN-985102,douyin_5432000,douyin,用户7915,m,53,重庆,2026-01-08,18824394857,user6688@example.com,普通会员
U-DOUYIN-985447,douyin_1010809,douyin,用户5324,m,59,重庆,2026-08-21,15879361718,user2462@example.com,金卡会员
U-DOUYIN-985534,douyin_6614245,douyin,用户8756,m,48,西安,2026-07-22,18520161603,user5609@example.com,钻石会员
U-DOUYIN-985570,douyin_2150077,douyin,用户1732,f,26,成都,2025-11-04,15579993468,user5672@example.com,银卡会员
U-DOUYIN-986172,douyin_4857285,douyin,用户8527,m,38,广州,2025-08-24,15605702147,user2793@example.com,银卡会员
U-DOUYIN-986222,douyin_4005766,douyin,用户8249,m,27,深圳,2026-09-20,14584599678,user7192@example.com,钻石会员
U-DOUYIN-986341,douyin_6009296,douyin,用户5237,m,57,西安,2026-06-01,18383711513,user1709@example.com,钻石会员
U-DOUYIN-986372,douyin_5351712,douyin,用户7675,m,41,西安,2025-07-02,13849433931,user1631@example.com,银卡会员
U-DOUYIN-986643,douyin_2069929,douyin,用户2961,m,37,南京,2026-12-02,14554288001,user5401@example.com,金卡会员
U-DOUYIN-986921,douyin_4427982,douyin,用户3493,m,24,武汉,2025-11-08,13857848998,user1462@example.com,钻石会员
U-DOUYIN-987043,douyin_7571119,douyin,用户1534,m,60,深圳,2026-05-20,13363368438,user4123@example.com,钻石会员
U-DOUYIN-987175,douyin_2532372,douyin,用户4633,m,25,上海,2025-07-14,18361187687,user9569@example.com,普通会员
U-DOUYIN-987281,douyin_7200899,douyin,用户6980,m,26,南京,2025-11-06,13288659985,user9246@example.com,普通会员
U-DOUYIN-987296,douyin_9943326,douyin,用户4911,f,19,北京,2025-08-14,17555977976,user6162@example.com,银卡会员
U-DOUYIN-987303,douyin_9918919,douyin,用户9783,m,41,杭州,2026-08-13,15566070221,user7742@example.com,钻石会员
U-DOUYIN-987737,douyin_6326106,douyin,用户6792,m,53,成都,2025-12-25,15854011710,user7837@example.com,钻石会员
U-DOUYIN-988045,douyin_5818858,douyin,用户2063,m,30,广州,2025-06-19,15219952843,user4747@example.com,普通会员
U-DOUYIN-988905,douyin_6996558,douyin,用户6107,m,48,杭州,2026-07-15,16904253701,user3883@example.com,普通会员
U-DOUYIN-989301,douyin_6612092,douyin,用户2320,m,34,重庆,2025-12-20,17718927176,user3229@example.com,银卡会员
U-DOUYIN-990280,douyin_5487093,douyin,用户8569,m,50,杭州,2025-08-05,18538985556,user8590@example.com,银卡会员
U-DOUYIN-990792,douyin_2927266,douyin,用户4458,m,47,西安,2025-09-20,16427484416,user9012@example.com,银卡会员
U-DOUYIN-991018,douyin_5233727,douyin,用户8247,m,58,西安,2026-11-19,18673275245,user4644@example.com,金卡会员
U-DOUYIN-991746,douyin_4007017,douyin,用户5066,m,37,北京,2025-05-02,19100166389,user5558@example.com,普通会员
U-DOUYIN-992015,douyin_9852244,douyin,用户1011,m,19,成都,2026-02-12,18675071265,user1801@example.com,银卡会员
U-DOUYIN-992477,douyin_4602349,douyin,用户8772,m,49,杭州,2026-06-19,19895437768,user5446@example.com,普通会员
U-DOUYIN-992577,douyin_1217104,douyin,用户6746,m,38,深圳,2026-11-03,16742382168,user6934@example.com,钻石会员
U-DOUYIN-993548,douyin_7619057,douyin,用户7238,f,44,深圳,2026-02-13,16389470206,user8176@example.com,钻石会员
U-DOUYIN-993776,douyin_3721244,douyin,用户6498,m,29,成都,2026-01-23,15928741052,user7319@example.com,钻石会员
U-DOUYIN-993917,douyin_7425991,douyin,用户2912,f,26,成都,2026-07-13,18205415543,user7525@example.com,普通会员
U-DOUYIN-994512,douyin_5210007,douyin,用户1239,m,29,南京,2025-10-03,14155682097,user7254@example.com,金卡会员
U-DOUYIN-995087,douyin_7934451,douyin,用户1826,m,22,武汉,2026-08-25,18425271587,user5931@example.com,银卡会员
U-DOUYIN-995375,douyin_8992433,douyin,用户8379,f,24,武汉,2025-06-14,18570506443,user1283@example.com,普通会员
U-DOUYIN-995617,douyin_8555283,douyin,用户4917,m,60,北京,2025-06-06,13895430345,user1431@example.com,钻石会员
U-DOUYIN-995639,douyin_7706576,douyin,用户4376,m,34,杭州,2025-09-22,19186696820,user4278@example.com,钻石会员
U-DOUYIN-996479,douyin_3945693,douyin,用户9288,m,46,杭州,2025-04-05,17666091546,user9117@example.com,银卡会员
U-DOUYIN-996758,douyin_3754898,douyin,用户2574,f,54,武汉,2025-01-22,15457387826,user8217@example.com,普通会员
U-DOUYIN-997155,douyin_6680164,douyin,用户7867,f,28,成都,2026-10-03,14128443732,user1166@example.com,银卡会员
U-DOUYIN-997408,douyin_1002790,douyin,用户3594,f,58,重庆,2026-06-21,13853993589,user4935@example.com,普通会员
U-DOUYIN-997867,douyin_1992381,douyin,用户7988,f,59,武汉,2025-02-15,19802974322,user9127@example.com,普通会员
U-DOUYIN-997919,douyin_1876083,douyin,用户6730,f,31,成都,2025-02-14,19308164979,user6567@example.com,钻石会员
U-DOUYIN-998041,douyin_5339546,douyin,用户2598,m,36,上海,2026-09-07,18336085658,user3543@example.com,钻石会员
U-DOUYIN-998403,douyin_2165752,douyin,用户5798,m,44,深圳,2026-04-18,14634198116,user3866@example.com,钻石会员
U-DOUYIN-998701,douyin_2979092,douyin,用户4339,m,31,上海,2025-06-06,15580006340,user3996@example.com,金卡会员
U-DOUYIN-998925,douyin_6762741,douyin,用户5503,m,56,南京,2025-07-27,15700598375,user9703@example.com,钻石会员
U-DOUYIN-999258,douyin_6853732,douyin,用户2538,f,45,北京,2026-04-01,13902347621,user8712@example.com,普通会员
U-DOUYIN-999311,douyin_4889532,douyin,用户7402,m,40,杭州,2026-09-10,18473412285,user7332@example.com,钻石会员
U-DOUYIN-999408,douyin_1344141,douyin,用户8208,f,39,武汉,2026-07-15,16485723452,user1120@example.com,金卡会员
U-JD-100000,jd_5123933,jd,用户1015,m,25,深圳,2025-10-26,13577830402,user2923@example.com,普通会员
U-JD-102386,jd_1653531,jd,用户3597,f,27,广州,2025-10-06,16292258352,user5743@example.com,银卡会员
U-JD-103296,jd_3529857,jd,用户3762,f,42,广州,2026-02-20,17572302095,user1370@example.com,钻石会员
U-JD-103653,jd_6443351,jd,用户4188,m,21,上海,2026-04-05,15403726819,user7122@example.com,银卡会员
U-JD-103703,jd_2899717,jd,用户5894,m,39,杭州,2025-04-18,14343802574,user3961@example.com,银卡会员
U-JD-104046,jd_1121707,jd,用户8868,m,18,西安,2025-01-04,17817700823,user8322@example.com,金卡会员
U-JD-104058,jd_6334759,jd,用户7362,f,27,南京,2025-08-10,19506957213,user5538@example.com,银卡会员
U-JD-105087,jd_1953630,jd,用户6958,m,20,重庆,2026-10-17,16675829703,user7159@example.com,普通会员
U-JD-105893,jd_2624462,jd,用户1360,m,39,武汉,2026-01-10,16451959359,user2892@example.com,钻石会员
U-JD-106058,jd_8817573,jd,用户5991,f,40,重庆,2025-01-21,19578416164,user1736@example.com,钻石会员
U-JD-107730,jd_9056671,jd,用户1073,f,41,重庆,2026-05-17,14585996766,user8242@example.com,金卡会员
U-JD-107915,jd_1766161,jd,用户6299,m,60,南京,2026-05-16,13961213556,user4636@example.com,银卡会员
U-JD-107958,jd_7614239,jd,用户8706,f,46,重庆,2025-11-08,16293078761,user1650@example.com,银卡会员
U-JD-108354,jd_2352719,jd,用户2869,m,47,北京,2026-08-28,16761089823,user4526@example.com,银卡会员
U-JD-110210,jd_3915382,jd,用户3884,f,32,上海,2025-07-25,17668216525,user9357@example.com,普通会员
U-JD-110274,jd_3602499,jd,用户7708,f,51,杭州,2025-10-05,15770179472,user4914@example.com,银卡会员
U-JD-110873,jd_5254892,jd,用户7300,f,48,南京,2025-11-01,15320223978,user7078@example.com,银卡会员
U-JD-111568,jd_7206732,jd,用户1958,f,44,武汉,2025-08-12,17272809431,user9882@example.com,金卡会员
U-JD-113327,jd_9086204,jd,用户7372,f,33,广州,2026-05-11,14890572009,user3505@example.com,钻石会员
U-JD-113416,jd_6947367,jd,用户2918,m,41,上海,2025-10-19,13586383735,user3482@example.com,银卡会员
U-JD-114065,jd_6902813,jd,用户3129,m,32,深圳,2025-05-20,17583368945,user4360@example.com,金卡会员
U-JD-115023,jd_7861227,jd,用户3740,m,44,杭州,2026-08-16,14921532388,user7777@example.com,金卡会员
U-JD-116892,jd_2695293,jd,用户7850,f,40,北京,2025-02-05,17305396764,user9056@example.com,金卡会员
U-JD-116988,jd_2096892,jd,用户7379,f,32,南京,2026-10-22,13474633734,user9177@example.com,钻石会员
U-JD-117225,jd_6545472,jd,用户9156,m,32,广州,2026-04-16,17735932133,user7918@example.com,金卡会员
U-JD-117531,jd_6336297,jd,用户9826,f,23,北京,2026-07-26,18427108915,user7822@example.com,钻石会员
U-JD-118606,jd_5590932,jd,用户7210,m,21,成都,2025-02-13,19222736182,user2333@example.com,普通会员
U-JD-118873,jd_2150274,jd,用户7669,f,44,广州,2026-08-05,15738962915,user1221@example.com,钻石会员
U-JD-119319,jd_2359112,jd,用户3436,m,37,上海,2025-02-05,17461143483,user9864@example.com,金卡会员
U-JD-119522,jd_4446715,jd,用户6638,f,46,广州,2026-01-26,17188838902,user1269@example.com,普通会员
U-JD-120250,jd_7447536,jd,用户4386,f,47,深圳,2026-03-04,14517030642,user4436@example.com,银卡会员
U-JD-120483,jd_4441708,jd,用户5043,f,40,重庆,2025-02-02,18269409940,user9207@example.com,钻石会员
U-JD-120630,jd_6349119,jd,用户8365,m,41,成都,2026-07-26,15623355043,user8358@example.com,银卡会员
U-JD-120960,jd_2935613,jd,用户3358,f,23,上海,2025-03-21,13124396269,user6469@example.com,银卡会员
U-JD-122747,jd_2666563,jd,用户1896,m,56,武汉,2025-07-05,19855868575,user8238@example.com,银卡会员
U-JD-123793,jd_9992634,jd,用户2532,m,31,上海,2025-08-05,13229702999,user9301@example.com,钻石会员
U-JD-124300,jd_7952617,jd,用户7266,f,57,重庆,2025-08-13,18558043554,user1058@example.com,钻石会员
U-JD-125005,jd_7077651,jd,用户2096,m,34,西安,2026-06-15,19590506290,user7150@example.com,银卡会员
U-JD-125474,jd_5135114,jd,用户6516,f,30,重庆,2025-06-09,14804557424,user5045@example.com,金卡会员
U-JD-126254,jd_7300248,jd,用户3891,f,35,深圳,2025-01-05,13151632416,user8671@example.com,钻石会员
U-JD-127688,jd_2650469,jd,用户3875,m,32,成都,2026-05-12,16878804521,user6049@example.com,银卡会员
U-JD-128404,jd_4672552,jd,用户1936,m,23,北京,2025-08-09,16737427798,user4253@example.com,普通会员
U-JD-128512,jd_9441278,jd,用户5947,m,46,北京,2026-12-25,19371813908,user2615@example.com,普通会员
U-JD-130084,jd_7525784,jd,用户8128,m,18,北京,2025-01-20,18993301971,user7432@example.com,金卡会员
U-JD-130182,jd_6022694,jd,用户2513,m,41,深圳,2026-10-06,18735359890,user5312@example.com,银卡会员
U-JD-130568,jd_2895376,jd,用户8198,f,27,杭州,2025-03-14,17526456999,user5854@example.com,金卡会员
U-JD-131754,jd_6112087,jd,用户1246,m,33,南京,2025-07-07,18194285499,user1085@example.com,银卡会员
U-JD-131969,jd_7964968,jd,用户6158,f,50,南京,2025-01-05,19975160803,user1371@example.com,银卡会员
U-JD-131972,jd_9941184,jd,用户5617,m,21,杭州,2025-06-01,15883277237,user5580@example.com,普通会员
U-JD-132605,jd_9855025,jd,用户2536,m,23,西安,2026-05-25,14641332645,user6706@example.com,金卡会员
U-JD-133728,jd_3200299,jd,用户3713,f,58,上海,2025-12-21,13563850523,user1646@example.com,钻石会员
U-JD-134018,jd_7035781,jd,用户8973,f,32,南京,2025-01-22,18657432337,user7059@example.com,金卡会员
U-JD-134170,jd_9463759,jd,用户8795,m,35,武汉,2025-01-04,13258311487,user6006@example.com,金卡会员
U-JD-134569,jd_8415114,jd,用户3703,m,19,武汉,2026-07-22,14460487188,user1452@example.com,钻石会员
U-JD-135275,jd_5432784,jd,用户7124,f,32,西安,2026-07-02,15691591633,user9260@example.com,钻石会员
U-JD-135646,jd_5665521,jd,用户7923,m,35,武汉,2025-03-22,16166239370,user3785@example.com,普通会员
U-JD-135701,jd_6984468,jd,用户5932,f,41,广州,2025-01-28,17233563083,user6487@example.com,金卡会员
U-JD-136125,jd_2905853,jd,用户4582,m,43,北京,2025-08-10,17496154131,user8219@example.com,金卡会员
U-JD-136762,jd_2791372,jd,用户7757,m,38,广州,2025-07-14,17340016787,user8156@example.com,银卡会员
U-JD-136889,jd_5022091,jd,用户7575,m,53,南京,2025-06-25,19512026099,user6700@example.com,普通会员
U-JD-137169,jd_2211062,jd,用户3212,m,22,重庆,2025-11-23,18897441355,user5282@example.com,银卡会员
U-JD-137229,jd_5277537,jd,用户4053,m,47,深圳,2026-12-20,17844100210,user1855@example.com,钻石会员
U-JD-137422,jd_7227710,jd,用户8345,m,27,成都,2026-09-11,19662361636,user5214@example.com,银卡会员
U-JD-137584,jd_9664563,jd,用户8836,m,41,北京,2026-11-08,18438765134,user5674@example.com,钻石会员
U-JD-137803,jd_5948400,jd,用户6271,f,37,成都,2026-09-12,15316437439,user3419@example.com,金卡会员
U-JD-140015,jd_4207684,jd,用户2539,f,20,广州,2026-10-11,17204208624,user3067@example.com,银卡会员
U-JD-140332,jd_2975337,jd,用户4782,f,22,武汉,2025-07-02,13848282703,user6254@example.com,金卡会员
U-JD-140492,jd_4427161,jd,用户7386,f,38,南京,2025-09-06,17900617372,user2938@example.com,钻石会员
U-JD-140534,jd_4469093,jd,用户3931,f,39,上海,2025-09-06,19344366100,user4385@example.com,普通会员
U-JD-140550,jd_1418645,jd,用户1173,f,51,杭州,2025-10-22,14295909258,user4018@example.com,钻石会员
U-JD-141644,jd_7086334,jd,用户8132,m,37,成都,2025-08-16,14213247818,user4063@example.com,钻石会员
U-JD-141811,jd_1435572,jd,用户4926,m,57,南京,2026-03-01,16707538517,user5709@example.com,银卡会员
U-JD-143515,jd_1851992,jd,用户5319,m,60,深圳,2026-10-15,13185655635,user2069@example.com,银卡会员
U-JD-143722,jd_3130003,jd,用户5922,m,54,深圳,2025-09-19,18859000927,user9483@example.com,银卡会员
U-JD-145202,jd_9468019,jd,用户6132,m,50,北京,2026-03-06,15884257956,user6588@example.com,金卡会员
U-JD-145966,jd_8438521,jd,用户6520,f,27,杭州,2025-06-16,15698082317,user4866@example.com,普通会员
U-JD-146060,jd_7005155,jd,用户6062,f,22,杭州,2026-10-09,15522422340,user5986@example.com,普通会员
U-JD-147188,jd_3964858,jd,用户3068,m,30,北京,2025-07-12,19679423827,user4296@example.com,钻石会员
U-JD-147519,jd_1511386,jd,用户6382,m,28,深圳,2025-05-08,19213481591,user7538@example.com,钻石会员
U-JD-147709,jd_5993480,jd,用户2995,f,34,重庆,2025-02-24,14456140860,user1167@example.com,钻石会员
U-JD-149309,jd_5652532,jd,用户5984,m,23,上海,2025-05-21,16665947481,user9000@example.com,普通会员
U-JD-150172,jd_6850801,jd,用户6299,f,50,西安,2026-08-17,16505760643,user5116@example.com,钻石会员
U-JD-150214,jd_5244779,jd,用户7443,f,24,广州,2025-08-10,15806211425,user6209@example.com,普通会员
U-JD-150238,jd_3434804,jd,用户8752,m,55,重庆,2026-08-13,19560940962,user6488@example.com,金卡会员
U-JD-150596,jd_4891405,jd,用户1611,m,50,重庆,2025-10-04,17577782820,user6265@example.com,金卡会员
U-JD-150854,jd_6167184,jd,用户7297,f,49,深圳,2026-01-16,19293504837,user3420@example.com,钻石会员
U-JD-150868,jd_8465827,jd,用户9740,f,53,成都,2025-02-01,15707774704,user9901@example.com,金卡会员
U-JD-151550,jd_2058205,jd,用户2075,m,53,北京,2025-08-18,13804763812,user3355@example.com,金卡会员
U-JD-151551,jd_3755184,jd,用户7622,m,36,深圳,2026-06-23,15874058206,user1324@example.com,金卡会员
U-JD-151907,jd_9143772,jd,用户1982,f,25,北京,2026-10-05,18125836278,user6188@example.com,钻石会员
U-JD-152349,jd_2291913,jd,用户5956,f,18,成都,2026-01-06,16549461021,user9886@example.com,金卡会员
U-JD-153112,jd_3309389,jd,用户8707,m,54,深圳,2025-01-07,15790329628,user5687@example.com,银卡会员
U-JD-155850,jd_2369738,jd,用户6620,f,56,深圳,2025-03-02,15428703153,user8712@example.com,普通会员
U-JD-156805,jd_4895356,jd,用户9215,m,50,上海,2026-03-15,19930486826,user4324@example.com,普通会员
U-JD-159019,jd_7787406,jd,用户1656,f,49,西安,2026-02-22,16147340387,user7866@example.com,银卡会员
U-JD-159522,jd_7119890,jd,用户2101,m,24,南京,2026-06-11,19110331556,user5035@example.com,普通会员
U-JD-160047,jd_8823258,jd,用户1980,m,36,重庆,2026-12-27,19917150061,user2019@example.com,普通会员
U-JD-160368,jd_3840385,jd,用户2323,f,60,深圳,2025-05-27,19593802290,user3395@example.com,普通会员
U-JD-161119,jd_4118401,jd,用户4194,f,34,杭州,2025-04-05,16538417959,user3045@example.com,钻石会员
U-JD-162210,jd_3594806,jd,用户2293,m,27,南京,2026-07-08,13389320193,user7342@example.com,银卡会员
U-JD-162261,jd_4966520,jd,用户1973,m,24,深圳,2025-12-09,14677483875,user2364@example.com,普通会员
U-JD-162688,jd_6346652,jd,用户7509,f,43,成都,2026-09-12,13881505861,user1282@example.com,钻石会员
U-JD-163710,jd_8113279,jd,用户7757,m,56,深圳,2025-03-18,19778620137,user3086@example.com,钻石会员
U-JD-164767,jd_4911241,jd,用户2867,m,25,武汉,2026-02-23,14911458141,user6821@example.com,钻石会员
U-JD-165197,jd_5676696,jd,用户1121,m,60,武汉,2026-09-27,15355274425,user1642@example.com,普通会员
U-JD-166180,jd_8366984,jd,用户3928,f,60,深圳,2025-04-06,13925820164,user2999@example.com,银卡会员
U-JD-166447,jd_5440608,jd,用户5525,m,27,南京,2026-06-02,15924914883,user5038@example.com,普通会员
U-JD-167392,jd_6707737,jd,用户1928,f,40,南京,2026-08-21,14806263626,user7373@example.com,钻石会员
U-JD-169860,jd_6116407,jd,用户9325,f,28,北京,2026-11-04,13845857268,user5953@example.com,普通会员
U-JD-169953,jd_1012234,jd,用户1343,f,53,西安,2025-05-27,17543094849,user9566@example.com,普通会员
U-JD-170595,jd_5036423,jd,用户8401,f,21,西安,2025-04-26,16720496613,user9780@example.com,银卡会员
U-JD-170843,jd_4112167,jd,用户3871,f,46,重庆,2025-11-06,18897646307,user2221@example.com,普通会员
U-JD-170851,jd_4403869,jd,用户9353,m,41,广州,2026-11-13,17415484811,user8018@example.com,钻石会员
U-JD-171424,jd_6185251,jd,用户4247,m,34,成都,2026-07-06,19473071224,user1959@example.com,普通会员
U-JD-171991,jd_6464795,jd,用户5582,m,38,南京,2026-08-28,16587551334,user9411@example.com,银卡会员
U-JD-172465,jd_9641998,jd,用户4887,f,47,上海,2026-02-01,13534629661,user3146@example.com,金卡会员
U-JD-172905,jd_4162378,jd,用户8554,m,18,武汉,2026-05-20,19990050940,user3779@example.com,银卡会员
U-JD-173305,jd_9007482,jd,用户6751,f,34,上海,2025-07-07,13356573527,user1742@example.com,钻石会员
U-JD-174156,jd_1004857,jd,用户1692,f,54,杭州,2026-07-17,18639564460,user7439@example.com,银卡会员
U-JD-174493,jd_8029191,jd,用户4257,f,57,西安,2025-12-19,13825748767,user2322@example.com,钻石会员
U-JD-174519,jd_7846063,jd,用户6624,m,50,重庆,2025-02-14,18347366061,user3602@example.com,银卡会员
U-JD-174777,jd_9866600,jd,用户2245,m,32,杭州,2025-10-18,17936393059,user5967@example.com,金卡会员
U-JD-174855,jd_4959164,jd,用户3888,f,25,上海,2025-06-21,14578886833,user4186@example.com,银卡会员
U-JD-175066,jd_3512291,jd,用户2852,f,28,深圳,2025-11-07,17368728210,user3935@example.com,钻石会员
U-JD-175238,jd_9048556,jd,用户3960,f,35,重庆,2025-06-07,16630002773,user3770@example.com,银卡会员
U-JD-175337,jd_1576394,jd,用户4223,f,59,北京,2025-10-03,16884619598,user2939@example.com,钻石会员
U-JD-176211,jd_7341285,jd,用户9554,f,28,北京,2026-01-26,17959725436,user1299@example.com,普通会员
U-JD-177350,jd_7872778,jd,用户5139,f,43,西安,2026-04-26,19759015112,user5066@example.com,钻石会员
U-JD-178033,jd_1241866,jd,用户1757,f,51,深圳,2025-02-04,18207932014,user4991@example.com,银卡会员
U-JD-179168,jd_9344538,jd,用户6695,f,54,武汉,2026-05-15,19120473952,user2380@example.com,银卡会员
U-JD-179342,jd_6747253,jd,用户2098,f,53,深圳,2026-07-07,13617073630,user3636@example.com,普通会员
U-JD-179910,jd_8904283,jd,用户3252,f,44,重庆,2026-08-06,13103077785,user2900@example.com,银卡会员
U-JD-179926,jd_4424312,jd,用户4679,f,45,北京,2026-05-11,17119321226,user4997@example.com,金卡会员
U-JD-180540,jd_4807254,jd,用户1140,f,35,广州,2025-07-04,18418369419,user3637@example.com,金卡会员
U-JD-180616,jd_1862177,jd,用户1968,f,45,武汉,2025-05-09,17249343392,user3525@example.com,银卡会员
U-JD-180650,jd_4138601,jd,用户5900,f,44,西安,2026-06-26,16140350532,user1972@example.com,金卡会员
U-JD-181871,jd_3949228,jd,用户5992,m,58,杭州,2025-10-24,16375323395,user1219@example.com,普通会员
U-JD-181876,jd_2980749,jd,用户3044,m,26,杭州,2026-05-23,16548115448,user6043@example.com,普通会员
U-JD-182264,jd_4620498,jd,用户3086,f,22,上海,2025-12-21,17357393328,user4138@example.com,银卡会员
U-JD-182284,jd_3610745,jd,用户6303,f,30,北京,2025-07-18,16713433296,user7401@example.com,普通会员
U-JD-182654,jd_2803211,jd,用户9101,f,39,成都,2026-12-05,19571466482,user9785@example.com,金卡会员
U-JD-183325,jd_9472749,jd,用户9269,m,36,重庆,2026-05-18,19898232536,user9790@example.com,金卡会员
U-JD-183413,jd_3987983,jd,用户3285,m,56,杭州,2026-07-05,16827232973,user6078@example.com,普通会员
U-JD-184042,jd_9920872,jd,用户8479,f,40,武汉,2026-05-16,19395412202,user3213@example.com,普通会员
U-JD-184549,jd_8898736,jd,用户9140,f,30,成都,2025-12-04,17393024176,user8443@example.com,金卡会员
U-JD-184613,jd_8390302,jd,用户8969,m,45,北京,2025-01-14,13964857003,user6179@example.com,银卡会员
U-JD-186113,jd_2595922,jd,用户8356,f,52,南京,2026-05-04,14548204810,user8032@example.com,钻石会员
U-JD-186340,jd_9755186,jd,用户9851,f,18,成都,2025-12-08,17233541482,user2841@example.com,普通会员
U-JD-186375,jd_1876712,jd,用户1364,m,44,重庆,2026-05-24,13510861676,user8107@example.com,银卡会员
U-JD-186949,jd_1238164,jd,用户6267,f,52,西安,2025-05-10,16346758651,user5556@example.com,金卡会员
U-JD-187589,jd_2232030,jd,用户1594,m,29,重庆,2026-05-20,17784614663,user2510@example.com,银卡会员
U-JD-188095,jd_2750593,jd,用户4754,m,34,南京,2025-03-05,19902860683,user6291@example.com,金卡会员
U-JD-188338,jd_4547453,jd,用户1031,m,56,深圳,2026-01-02,17613411216,user6352@example.com,金卡会员
U-JD-189213,jd_1114083,jd,用户9574,f,31,武汉,2025-11-08,17612765730,user1301@example.com,银卡会员
U-JD-189521,jd_3708934,jd,用户3130,f,58,杭州,2026-12-17,16590580019,user4152@example.com,金卡会员
U-JD-190944,jd_5369062,jd,用户4086,m,39,西安,2025-05-12,16447826081,user1758@example.com,钻石会员
U-JD-191280,jd_4658731,jd,用户8816,f,42,武汉,2026-12-16,18379099300,user6219@example.com,钻石会员
U-JD-191372,jd_7449157,jd,用户3921,m,57,重庆,2025-12-03,16461988091,user5805@example.com,银卡会员
U-JD-191538,jd_5360255,jd,用户6215,f,26,杭州,2025-09-12,16760333931,user1982@example.com,普通会员
U-JD-191651,jd_3169608,jd,用户5529,f,33,成都,2026-09-20,14366292191,user6736@example.com,钻石会员
U-JD-191900,jd_6974812,jd,用户7215,m,39,重庆,2025-06-10,16172973094,user6193@example.com,普通会员
U-JD-193024,jd_4480573,jd,用户3566,m,29,成都,2026-07-09,13968242128,user3567@example.com,钻石会员
U-JD-193218,jd_8439489,jd,用户9200,m,51,成都,2025-03-17,14979327512,user8510@example.com,钻石会员
U-JD-193690,jd_7677585,jd,用户5378,m,39,成都,2025-02-08,13935881976,user9655@example.com,钻石会员
U-JD-193695,jd_5180963,jd,用户6368,m,39,上海,2026-02-01,13387899498,user2236@example.com,钻石会员
U-JD-194364,jd_5109031,jd,用户9865,f,19,南京,2025-04-27,14421299388,user5926@example.com,银卡会员
U-JD-194380,jd_1672866,jd,用户8479,f,49,广州,2026-01-11,19341791906,user4762@example.com,金卡会员
U-JD-194481,jd_5061354,jd,用户7166,f,26,上海,2025-01-05,13381255932,user5353@example.com,普通会员
U-JD-194714,jd_1788320,jd,用户7944,m,51,成都,2025-11-15,14539658472,user6640@example.com,钻石会员
U-JD-194715,jd_5640623,jd,用户2597,m,22,上海,2026-07-09,14577748095,user7514@example.com,金卡会员
U-JD-195948,jd_6546336,jd,用户8924,f,48,上海,2026-08-28,19259888762,user9390@example.com,金卡会员
U-JD-196146,jd_1464562,jd,用户1692,f,25,深圳,2025-05-08,14306540086,user1515@example.com,普通会员
U-JD-197330,jd_9782870,jd,用户1404,f,20,西安,2025-06-05,19415591186,user9013@example.com,普通会员
U-JD-197680,jd_9126395,jd,用户7195,f,21,西安,2026-12-01,13251548391,user9003@example.com,银卡会员
U-JD-197702,jd_7978424,jd,用户2754,m,49,南京,2025-04-23,15333158882,user1108@example.com,钻石会员
U-JD-198021,jd_5724337,jd,用户7180,f,20,北京,2025-11-20,18522708429,user1199@example.com,金卡会员
U-JD-198340,jd_3433343,jd,用户1257,f,44,深圳,2026-10-19,17856815885,user4805@example.com,金卡会员
U-JD-199330,jd_6418877,jd,用户9875,f,21,北京,2025-01-19,13637396622,user1093@example.com,银卡会员
U-JD-199433,jd_7880811,jd,用户3093,m,55,北京,2025-09-28,17598732138,user1113@example.com,钻石会员
U-JD-199455,jd_9549191,jd,用户2538,m,37,重庆,2026-10-15,19867485497,user4293@example.com,普通会员
U-JD-201276,jd_3520432,jd,用户9294,m,45,武汉,2025-09-27,15771678234,user3125@example.com,普通会员
U-JD-201692,jd_3944674,jd,用户3694,f,41,西安,2025-03-03,16793926806,user5181@example.com,银卡会员
U-JD-202906,jd_8714600,jd,用户2084,m,43,北京,2025-08-18,19635738400,user1760@example.com,金卡会员
U-JD-203103,jd_2126784,jd,用户9323,f,56,深圳,2026-06-11,18668778925,user5913@example.com,银卡会员
U-JD-203283,jd_1250109,jd,用户4750,m,18,成都,2025-01-25,14443945615,user4342@example.com,钻石会员
U-JD-203325,jd_8123015,jd,用户2928,m,35,上海,2026-11-23,15642939845,user4873@example.com,普通会员
U-JD-203790,jd_8610162,jd,用户7457,m,42,杭州,2026-11-15,14612116561,user6454@example.com,银卡会员
U-JD-203825,jd_4479763,jd,用户9411,f,36,武汉,2026-06-15,17782012178,user5166@example.com,银卡会员
U-JD-204744,jd_8823467,jd,用户5087,f,56,深圳,2026-05-04,18895076345,user9229@example.com,钻石会员
U-JD-205842,jd_9793049,jd,用户5768,f,47,广州,2026-11-09,19336211729,user1233@example.com,银卡会员
U-JD-206029,jd_2628793,jd,用户6981,m,55,深圳,2026-09-27,17757381287,user7214@example.com,钻石会员
U-JD-206259,jd_1172981,jd,用户8956,m,42,杭州,2026-02-22,18268955024,user5652@example.com,普通会员
U-JD-206273,jd_7968524,jd,用户7129,f,18,重庆,2026-06-26,16260310266,user8118@example.com,银卡会员
U-JD-207421,jd_2824534,jd,用户9729,f,21,成都,2025-10-14,16978685137,user5465@example.com,金卡会员
U-JD-207560,jd_6809543,jd,用户3675,f,35,北京,2026-08-02,14864990208,user8501@example.com,金卡会员
U-JD-207611,jd_5370997,jd,用户3773,m,30,南京,2025-03-05,17286057914,user2219@example.com,银卡会员
U-JD-207791,jd_1987708,jd,用户2687,m,40,南京,2026-10-11,16377627965,user2420@example.com,银卡会员
U-JD-208194,jd_7461918,jd,用户9296,f,25,南京,2026-11-19,13601090588,user3881@example.com,金卡会员
U-JD-208512,jd_5512826,jd,用户9930,f,50,广州,2025-03-19,18371061913,user7180@example.com,普通会员
U-JD-208558,jd_1734945,jd,用户3648,f,21,杭州,2025-06-09,18479711803,user4181@example.com,银卡会员
U-JD-208787,jd_3717619,jd,用户6608,m,24,杭州,2026-12-23,18514352015,user3320@example.com,普通会员
U-JD-208806,jd_9651530,jd,用户8878,f,48,广州,2025-05-11,19949702312,user1172@example.com,钻石会员
U-JD-208978,jd_4897833,jd,用户5461,f,60,南京,2025-08-22,15596720464,user6262@example.com,金卡会员
U-JD-209029,jd_4207317,jd,用户1906,m,32,西安,2026-10-07,19437935211,user6738@example.com,金卡会员
U-JD-210165,jd_4767094,jd,用户5587,f,29,北京,2025-10-16,14682852128,user9540@example.com,普通会员
U-JD-210508,jd_6955993,jd,用户9903,m,58,成都,2025-12-12,17459372975,user8089@example.com,普通会员
U-JD-210578,jd_1291739,jd,用户4039,m,28,北京,2026-11-22,16566787570,user4381@example.com,普通会员
U-JD-210627,jd_5253542,jd,用户2344,f,44,南京,2026-12-13,16462557754,user5821@example.com,普通会员
U-JD-211536,jd_3837217,jd,用户2353,m,18,成都,2026-09-03,13337322133,user9606@example.com,钻石会员
U-JD-211625,jd_9025770,jd,用户6001,m,45,武汉,2026-04-16,17466885537,user1976@example.com,金卡会员
U-JD-213024,jd_4441905,jd,用户8113,f,29,西安,2025-04-03,17152725953,user1292@example.com,银卡会员
U-JD-214304,jd_2813915,jd,用户4663,m,46,上海,2025-08-09,13497568842,user9614@example.com,银卡会员
U-JD-214460,jd_6059743,jd,用户1995,f,34,西安,2025-07-07,18703566046,user8987@example.com,银卡会员
U-JD-214467,jd_3044885,jd,用户1000,f,48,深圳,2025-07-14,16491048538,user5496@example.com,钻石会员
U-JD-214894,jd_6140218,jd,用户6552,f,41,北京,2026-06-22,16695192329,user7242@example.com,普通会员
U-JD-215236,jd_6023138,jd,用户2313,m,27,北京,2025-12-07,16745367840,user9614@example.com,钻石会员
U-JD-215416,jd_4567162,jd,用户5496,f,38,深圳,2025-05-17,13922661159,user6436@example.com,普通会员
U-JD-216114,jd_8828815,jd,用户6904,m,57,重庆,2025-10-26,15578530664,user8336@example.com,金卡会员
U-JD-216227,jd_3588815,jd,用户3920,m,44,西安,2026-01-11,15180487266,user7151@example.com,金卡会员
U-JD-217136,jd_6570791,jd,用户6131,m,36,成都,2026-09-08,14547478538,user5087@example.com,钻石会员
U-JD-217964,jd_9076790,jd,用户5465,f,52,深圳,2025-04-04,15206910604,user5228@example.com,金卡会员
U-JD-219723,jd_9124806,jd,用户2764,m,18,武汉,2025-12-04,13686031605,user8077@example.com,金卡会员
U-JD-220981,jd_5760798,jd,用户5917,f,19,西安,2026-08-01,19570638035,user2950@example.com,银卡会员
U-JD-221030,jd_9544343,jd,用户5266,f,31,武汉,2025-04-24,19995207509,user7896@example.com,普通会员
U-JD-221103,jd_9550828,jd,用户7961,f,56,南京,2026-12-26,17681304477,user8243@example.com,金卡会员
U-JD-222966,jd_4354001,jd,用户7009,m,42,北京,2026-11-25,16873906139,user1772@example.com,银卡会员
U-JD-224279,jd_7272154,jd,用户4177,f,54,广州,2026-04-07,18618473792,user2967@example.com,普通会员
U-JD-224790,jd_6553923,jd,用户3770,m,26,重庆,2025-01-27,14871183154,user9820@example.com,金卡会员
U-JD-224964,jd_5422113,jd,用户4662,m,41,上海,2025-10-01,16141634390,user3735@example.com,普通会员
U-JD-225845,jd_8255630,jd,用户1143,f,32,西安,2025-05-18,16744770534,user8882@example.com,钻石会员
U-JD-226566,jd_9224338,jd,用户6696,f,41,南京,2025-03-05,18308135238,user5919@example.com,银卡会员
U-JD-226655,jd_1578855,jd,用户9783,f,19,西安,2025-10-06,15582777250,user4351@example.com,普通会员
U-JD-227785,jd_2680734,jd,用户9119,f,34,西安,2026-02-27,16791662741,user3062@example.com,普通会员
U-JD-227865,jd_7308287,jd,用户2072,m,51,武汉,2025-10-10,18761753962,user7125@example.com,钻石会员
U-JD-228463,jd_1955749,jd,用户5707,m,32,深圳,2026-07-28,14122767593,user9259@example.com,银卡会员
U-JD-229969,jd_4059832,jd,用户1223,f,58,武汉,2025-06-18,15963399270,user9992@example.com,金卡会员
U-JD-230119,jd_4453289,jd,用户4312,f,19,成都,2026-05-08,19787705143,user1078@example.com,普通会员
U-JD-230586,jd_8008359,jd,用户5278,f,42,广州,2025-03-07,18568090883,user7759@example.com,普通会员
U-JD-231038,jd_1652605,jd,用户5889,f,49,北京,2025-07-07,16639300611,user7041@example.com,金卡会员
U-JD-233422,jd_9035316,jd,用户2017,m,58,上海,2025-03-06,14330473876,user8894@example.com,金卡会员
U-JD-234516,jd_7862542,jd,用户4614,f,21,杭州,2025-10-19,16496113899,user5503@example.com,银卡会员
U-JD-234872,jd_9788286,jd,用户4248,m,59,成都,2025-06-19,16633489160,user7542@example.com,金卡会员
U-JD-235095,jd_5426194,jd,用户6012,m,45,成都,2025-06-08,18362153936,user5076@example.com,钻石会员
U-JD-235289,jd_2350263,jd,用户1150,f,46,重庆,2026-04-09,19906544892,user7584@example.com,钻石会员
U-JD-237253,jd_4806549,jd,用户9531,f,31,广州,2025-07-05,19559633030,user5487@example.com,金卡会员
U-JD-237457,jd_7835194,jd,用户2264,m,51,广州,2026-05-23,19949044054,user4970@example.com,钻石会员
U-JD-237508,jd_5452835,jd,用户3638,m,60,上海,2026-05-15,16595931441,user8040@example.com,普通会员
U-JD-237656,jd_8389887,jd,用户1936,m,41,北京,2025-11-21,19869941358,user3879@example.com,普通会员
U-JD-238391,jd_2305575,jd,用户7670,f,45,上海,2025-05-26,19599412003,user2133@example.com,普通会员
U-JD-239279,jd_1141633,jd,用户2225,f,42,成都,2025-10-16,17864101848,user5413@example.com,钻石会员
U-JD-239559,jd_9464463,jd,用户5515,m,46,武汉,2025-11-20,14863438378,user1805@example.com,钻石会员
U-JD-239840,jd_4156256,jd,用户8886,f,54,成都,2025-12-02,14461309918,user6340@example.com,钻石会员
U-JD-239850,jd_5285769,jd,用户7124,f,59,武汉,2026-03-07,19760342597,user4374@example.com,金卡会员
U-JD-240043,jd_9280745,jd,用户1787,m,30,武汉,2026-12-26,14586930682,user9146@example.com,钻石会员
U-JD-240443,jd_1800150,jd,用户4769,f,58,重庆,2026-03-11,15384061916,user1688@example.com,普通会员
U-JD-240734,jd_9936643,jd,用户8321,f,51,北京,2026-10-21,15912185487,user5555@example.com,钻石会员
U-JD-240977,jd_8589256,jd,用户2242,m,22,南京,2026-07-28,13213357732,user5847@example.com,钻石会员
U-JD-242208,jd_2210901,jd,用户2214,f,28,广州,2026-10-16,14190408682,user5311@example.com,钻石会员
U-JD-242311,jd_3725464,jd,用户5033,m,19,重庆,2025-07-28,16811354083,user8295@example.com,钻石会员
U-JD-243121,jd_1940364,jd,用户4540,m,36,重庆,2025-12-21,17671485881,user1236@example.com,普通会员
U-JD-243126,jd_4142470,jd,用户1271,f,19,北京,2025-10-02,16444063035,user1768@example.com,银卡会员
U-JD-243277,jd_9618441,jd,用户7535,m,30,北京,2026-08-18,13416023753,user1279@example.com,普通会员
U-JD-243287,jd_3135629,jd,用户9085,m,22,武汉,2026-06-24,17629934908,user1444@example.com,普通会员
U-JD-243545,jd_1188863,jd,用户5743,f,25,武汉,2026-05-23,15364290159,user7050@example.com,钻石会员
U-JD-243579,jd_4797997,jd,用户5043,m,48,成都,2026-10-15,19134132314,user4777@example.com,普通会员
U-JD-244085,jd_3798929,jd,用户4580,m,36,南京,2026-05-16,17674583581,user3519@example.com,金卡会员
U-JD-244958,jd_6032887,jd,用户2654,m,45,成都,2025-05-09,18864396116,user1629@example.com,普通会员
U-JD-244998,jd_1855822,jd,用户3356,f,36,北京,2025-01-27,19691422549,user2630@example.com,钻石会员
U-JD-245650,jd_9605527,jd,用户6867,m,34,深圳,2026-06-23,14784335439,user7097@example.com,金卡会员
U-JD-245754,jd_9028585,jd,用户7333,f,49,南京,2026-09-04,18372501455,user2557@example.com,银卡会员
U-JD-247405,jd_9625934,jd,用户6306,f,45,武汉,2026-01-18,13575240668,user5954@example.com,普通会员
U-JD-248954,jd_2823858,jd,用户1847,f,59,南京,2025-09-18,16487270782,user4483@example.com,金卡会员
U-JD-249829,jd_4842023,jd,用户7123,f,48,西安,2026-05-28,19518674395,user6815@example.com,银卡会员
U-JD-249876,jd_4495780,jd,用户9314,m,45,深圳,2025-10-27,14743512666,user3499@example.com,金卡会员
U-JD-250655,jd_1791399,jd,用户8287,f,31,武汉,2026-09-10,14148371562,user5151@example.com,普通会员
U-JD-250676,jd_6294254,jd,用户5251,m,45,杭州,2026-08-02,19166476112,user6054@example.com,金卡会员
U-JD-251904,jd_3367569,jd,用户8292,m,39,深圳,2025-06-17,16259786393,user1694@example.com,银卡会员
U-JD-252495,jd_2386649,jd,用户6410,m,29,杭州,2026-10-01,17617844282,user2657@example.com,钻石会员
U-JD-252839,jd_4291594,jd,用户6333,m,20,广州,2025-12-27,17149701857,user9701@example.com,金卡会员
U-JD-252995,jd_2688481,jd,用户2752,f,51,广州,2025-12-17,14261796430,user8745@example.com,金卡会员
U-JD-253526,jd_1370884,jd,用户3511,f,25,重庆,2026-08-12,15547074741,user7239@example.com,银卡会员
U-JD-253540,jd_9605747,jd,用户4920,f,21,南京,2025-10-15,14479012298,user4996@example.com,钻石会员
U-JD-253788,jd_7866462,jd,用户6526,m,18,武汉,2026-01-19,17937745169,user6766@example.com,金卡会员
U-JD-254087,jd_4642523,jd,用户6463,m,50,武汉,2025-08-25,17994867927,user5695@example.com,银卡会员
U-JD-254460,jd_3965201,jd,用户8281,f,56,深圳,2026-11-24,18645687566,user6261@example.com,普通会员
U-JD-255732,jd_3693900,jd,用户2367,f,36,北京,2025-08-08,13639946766,user5483@example.com,钻石会员
U-JD-257454,jd_7287298,jd,用户2303,m,44,深圳,2025-10-02,15469626017,user6531@example.com,金卡会员
U-JD-257467,jd_3319286,jd,用户8572,f,21,上海,2025-02-09,18305609713,user8510@example.com,普通会员
U-JD-257548,jd_4719043,jd,用户5798,m,47,武汉,2026-08-20,17663514385,user3621@example.com,普通会员
U-JD-257755,jd_8022330,jd,用户7885,f,55,成都,2025-11-07,14629352986,user3738@example.com,钻石会员
U-JD-257814,jd_1021759,jd,用户7357,m,35,北京,2025-09-22,14338792468,user5649@example.com,银卡会员
U-JD-258485,jd_5166936,jd,用户1018,m,37,北京,2026-12-14,13317020231,user6107@example.com,普通会员
U-JD-258781,jd_7224089,jd,用户9788,f,43,重庆,2025-01-06,15784172303,user5747@example.com,钻石会员
U-JD-259554,jd_6325197,jd,用户9095,m,49,武汉,2026-12-12,19298408730,user9836@example.com,钻石会员
U-JD-259618,jd_2838609,jd,用户2337,f,24,西安,2026-04-06,14690649306,user4394@example.com,钻石会员
U-JD-260020,jd_1414161,jd,用户3514,f,32,北京,2025-10-24,19993412638,user3272@example.com,金卡会员
U-JD-261322,jd_4780088,jd,用户4308,m,41,南京,2025-09-14,13130047320,user8806@example.com,银卡会员
U-JD-261570,jd_3448418,jd,用户9584,f,48,广州,2025-11-07,14183996825,user1689@example.com,金卡会员
U-JD-261760,jd_6274040,jd,用户9870,f,36,上海,2026-08-15,13320888142,user4096@example.com,普通会员
U-JD-262138,jd_6583977,jd,用户2319,f,26,广州,2025-10-17,14875474997,user4017@example.com,金卡会员
U-JD-263044,jd_9284313,jd,用户5905,f,59,上海,2025-03-13,15982009027,user3745@example.com,钻石会员
U-JD-263282,jd_5188989,jd,用户5562,f,34,广州,2026-06-23,16758799326,user5082@example.com,钻石会员
U-JD-264925,jd_4682139,jd,用户6527,m,41,重庆,2026-02-08,14114040550,user3089@example.com,金卡会员
U-JD-265570,jd_7810472,jd,用户1164,f,60,杭州,2025-11-05,17706541117,user1245@example.com,钻石会员
U-JD-265937,jd_9754662,jd,用户8764,m,47,深圳,2025-02-21,14868121764,user5416@example.com,钻石会员
U-JD-266098,jd_5949898,jd,用户3164,m,39,南京,2025-02-25,17953148508,user2063@example.com,普通会员
U-JD-266147,jd_4431209,jd,用户9973,f,44,武汉,2026-11-06,17763626016,user6233@example.com,金卡会员
U-JD-266420,jd_7338745,jd,用户1921,m,21,南京,2026-12-18,16557788391,user6585@example.com,银卡会员
U-JD-266971,jd_6033492,jd,用户6780,m,29,重庆,2025-04-26,15602346718,user9017@example.com,钻石会员
U-JD-267389,jd_8316568,jd,用户9839,f,57,广州,2026-01-25,17335620673,user6109@example.com,银卡会员
U-JD-267646,jd_3463083,jd,用户3407,m,31,广州,2026-04-02,16264514548,user8490@example.com,银卡会员
U-JD-267855,jd_1769601,jd,用户8547,f,26,北京,2026-09-28,19262598481,user2326@example.com,银卡会员
U-JD-268523,jd_6129357,jd,用户1248,f,42,深圳,2026-04-28,18701422668,user1130@example.com,普通会员
U-JD-268689,jd_4436213,jd,用户5553,m,55,重庆,2026-06-09,19798935502,user8045@example.com,钻石会员
U-JD-269467,jd_6175021,jd,用户5606,m,58,北京,2026-10-21,15371082615,user2074@example.com,银卡会员
U-JD-269601,jd_6015025,jd,用户3350,m,48,杭州,2026-02-02,19858073090,user4352@example.com,银卡会员
U-JD-269692,jd_4418752,jd,用户8978,m,26,西安,2025-06-09,17605763748,user5287@example.com,金卡会员
U-JD-269762,jd_1497571,jd,用户2804,f,25,重庆,2025-11-04,15334146615,user7307@example.com,钻石会员
U-JD-269998,jd_5164547,jd,用户7395,f,49,深圳,2026-05-18,15620379217,user4967@example.com,钻石会员
U-JD-270091,jd_1686470,jd,用户6084,f,34,成都,2026-09-03,17129622224,user8081@example.com,普通会员
U-JD-271010,jd_8865860,jd,用户2821,m,36,广州,2025-06-17,14981015168,user3425@example.com,普通会员
U-JD-271024,jd_3133648,jd,用户4316,m,22,南京,2025-03-21,15439461753,user1777@example.com,钻石会员
U-JD-273196,jd_4365929,jd,用户2827,m,51,成都,2026-10-18,13902688419,user7919@example.com,钻石会员
U-JD-273311,jd_8856120,jd,用户1868,f,48,西安,2025-02-21,13108469603,user8521@example.com,钻石会员
U-JD-273893,jd_2207087,jd,用户4937,m,30,重庆,2026-04-10,19644593508,user9117@example.com,金卡会员
U-JD-274510,jd_9054420,jd,用户4469,m,37,西安,2025-08-05,18875051030,user8373@example.com,普通会员
U-JD-274713,jd_1954523,jd,用户3466,m,34,重庆,2025-04-06,17876509672,user8477@example.com,银卡会员
U-JD-277698,jd_1199376,jd,用户4239,f,33,成都,2025-08-12,18788325938,user4515@example.com,普通会员
U-JD-278621,jd_9353096,jd,用户9936,f,20,深圳,2025-12-26,19564018671,user7002@example.com,钻石会员
U-JD-278878,jd_5069743,jd,用户7051,f,59,重庆,2025-05-22,18152655249,user9612@example.com,金卡会员
U-JD-279367,jd_1469449,jd,用户3040,m,45,深圳,2026-07-05,18587424322,user5384@example.com,银卡会员
U-JD-279950,jd_1720162,jd,用户2343,m,25,深圳,2026-01-18,19799244917,user6561@example.com,银卡会员
U-JD-280512,jd_7626140,jd,用户9801,m,21,深圳,2025-12-19,17566117204,user5797@example.com,钻石会员
U-JD-281096,jd_7084262,jd,用户9484,m,53,上海,2026-12-27,15646881516,user4913@example.com,普通会员
U-JD-281759,jd_2312706,jd,用户1831,m,40,武汉,2025-07-02,17432314808,user5522@example.com,钻石会员
U-JD-282468,jd_5778797,jd,用户5205,f,45,上海,2026-05-06,16937453844,user8871@example.com,钻石会员
U-JD-283502,jd_1845277,jd,用户2625,f,23,深圳,2025-12-13,18756384364,user2535@example.com,普通会员
U-JD-283905,jd_9980763,jd,用户2331,m,60,南京,2026-03-05,19753244718,user2445@example.com,钻石会员
U-JD-284020,jd_3929964,jd,用户3365,m,58,广州,2025-07-14,19706607214,user7298@example.com,钻石会员
U-JD-284584,jd_8780740,jd,用户7557,m,36,西安,2025-12-11,19463536452,user8192@example.com,金卡会员
U-JD-286078,jd_9768204,jd,用户8143,m,60,武汉,2025-05-08,15659741209,user9741@example.com,钻石会员
U-JD-286113,jd_1304892,jd,用户7454,f,58,广州,2026-03-16,13307715548,user5088@example.com,普通会员
U-JD-287248,jd_2142740,jd,用户3564,f,60,南京,2025-10-20,18386511517,user1070@example.com,普通会员
U-JD-287498,jd_7493058,jd,用户1412,m,30,深圳,2026-04-16,16300866855,user7111@example.com,钻石会员
U-JD-288533,jd_1650425,jd,用户3718,m,25,北京,2025-07-26,19419706278,user8419@example.com,金卡会员
U-JD-288551,jd_2007218,jd,用户2357,m,19,西安,2025-03-18,19617048355,user7297@example.com,钻石会员
U-JD-289864,jd_7077072,jd,用户4676,m,27,武汉,2026-10-17,18439227026,user2469@example.com,普通会员
U-JD-290090,jd_2328210,jd,用户6275,f,27,成都,2025-01-22,15777915058,user7819@example.com,钻石会员
U-JD-290505,jd_2193394,jd,用户4018,f,18,武汉,2026-03-25,19178682949,user8534@example.com,钻石会员
U-JD-290987,jd_2784436,jd,用户3959,m,29,重庆,2026-05-02,13162212821,user6067@example.com,银卡会员
U-JD-291335,jd_6340979,jd,用户6682,m,22,西安,2025-01-14,18263285026,user1778@example.com,普通会员
U-JD-291695,jd_3631950,jd,用户4490,m,54,杭州,2025-12-02,18506660353,user6169@example.com,钻石会员
U-JD-293173,jd_7214621,jd,用户1670,f,21,重庆,2026-07-10,16912557259,user4534@example.com,钻石会员
U-JD-293241,jd_5859664,jd,用户3800,m,31,南京,2026-03-04,14349673838,user7790@example.com,钻石会员
U-JD-293860,jd_4411559,jd,用户3561,f,23,成都,2026-09-08,18137911526,user2358@example.com,金卡会员
U-JD-294039,jd_8413822,jd,用户1380,m,43,上海,2025-05-18,16876890945,user3666@example.com,银卡会员
U-JD-295651,jd_6376033,jd,用户4752,m,48,杭州,2025-05-28,13770721881,user7963@example.com,钻石会员
U-JD-296352,jd_6390040,jd,用户2051,f,36,南京,2026-08-10,15728201360,user2562@example.com,钻石会员
U-JD-296462,jd_9042618,jd,用户4991,m,22,北京,2025-02-27,17324935506,user2631@example.com,钻石会员
U-JD-296505,jd_3921154,jd,用户7634,m,22,深圳,2026-12-06,19990639861,user9101@example.com,银卡会员
U-JD-297763,jd_3550289,jd,用户1423,m,47,杭州,2026-09-26,19189706791,user9413@example.com,银卡会员
U-JD-298672,jd_6989224,jd,用户3813,m,45,武汉,2026-07-25,18312207529,user2698@example.com,金卡会员
U-JD-298776,jd_5466372,jd,用户4710,f,18,西安,2025-12-01,17718436288,user4783@example.com,银卡会员
U-JD-299065,jd_6402129,jd,用户1321,m,20,南京,2025-02-27,18192720099,user7082@example.com,金卡会员
U-JD-299741,jd_2415367,jd,用户4805,m,29,杭州,2026-03-10,19594640898,user6561@example.com,普通会员
U-JD-300468,jd_2262204,jd,用户8544,m,45,北京,2026-08-20,15321929835,user5603@example.com,金卡会员
U-JD-300879,jd_8396953,jd,用户6245,f,24,武汉,2026-12-19,14285960457,user9314@example.com,金卡会员
U-JD-301067,jd_8466626,jd,用户9469,f,56,广州,2026-07-19,18703618632,user5141@example.com,金卡会员
U-JD-301793,jd_8333914,jd,用户6747,f,51,上海,2026-07-23,15369673614,user4024@example.com,普通会员
U-JD-303415,jd_6229994,jd,用户3713,m,18,杭州,2026-04-20,17114625460,user6079@example.com,钻石会员
U-JD-304404,jd_4048981,jd,用户9524,f,54,广州,2026-05-22,18964371517,user1025@example.com,普通会员
U-JD-305681,jd_2527042,jd,用户2738,f,57,南京,2026-04-06,19647488594,user1081@example.com,银卡会员
U-JD-305898,jd_5448894,jd,用户1496,f,55,武汉,2025-04-21,14800201761,user4475@example.com,钻石会员
U-JD-305948,jd_8513087,jd,用户5281,f,41,重庆,2026-08-28,15740988336,user7366@example.com,银卡会员
U-JD-306681,jd_6240386,jd,用户7484,f,38,武汉,2026-03-26,18472085402,user1393@example.com,金卡会员
U-JD-306706,jd_8370279,jd,用户9968,f,35,广州,2025-08-08,19596875935,user3574@example.com,银卡会员
U-JD-307075,jd_8944383,jd,用户3048,m,29,西安,2025-08-26,15424064247,user4038@example.com,银卡会员
U-JD-307686,jd_1606896,jd,用户1582,m,30,武汉,2025-07-02,13357307907,user3326@example.com,金卡会员
U-JD-307942,jd_6445029,jd,用户1145,m,24,深圳,2025-04-28,14960612340,user5953@example.com,普通会员
U-JD-309035,jd_3075757,jd,用户4134,f,26,武汉,2025-05-14,19815331851,user4744@example.com,银卡会员
U-JD-309290,jd_8249304,jd,用户9646,f,35,西安,2025-01-18,13223223736,user7607@example.com,金卡会员
U-JD-309996,jd_9054711,jd,用户6279,m,18,上海,2025-01-23,16673456943,user6243@example.com,银卡会员
U-JD-310611,jd_8321218,jd,用户7004,f,19,深圳,2026-11-08,19579292775,user6005@example.com,银卡会员
U-JD-310901,jd_8132035,jd,用户7751,m,36,上海,2025-09-12,16898934217,user3842@example.com,钻石会员
U-JD-312041,jd_4785564,jd,用户1043,m,44,广州,2026-02-22,13191224714,user4449@example.com,普通会员
U-JD-312944,jd_3675389,jd,用户2276,f,21,西安,2025-06-16,18328655624,user7825@example.com,金卡会员
U-JD-313597,jd_2265217,jd,用户2392,m,53,深圳,2026-12-28,14820514223,user2935@example.com,金卡会员
U-JD-315041,jd_2795668,jd,用户6512,f,31,武汉,2025-06-15,18165127488,user7051@example.com,普通会员
U-JD-315655,jd_5718723,jd,用户2957,m,50,武汉,2026-05-26,14404432463,user2157@example.com,金卡会员
U-JD-316732,jd_8222337,jd,用户4506,m,23,深圳,2026-10-17,18395437022,user4454@example.com,金卡会员
U-JD-316874,jd_8747049,jd,用户6228,f,59,上海,2026-09-27,17891983121,user7561@example.com,钻石会员
U-JD-317575,jd_3234616,jd,用户3369,m,43,重庆,2025-06-24,17613443547,user8757@example.com,钻石会员
U-JD-317875,jd_7588000,jd,用户8002,m,22,西安,2025-02-07,19660563150,user4434@example.com,银卡会员
U-JD-317934,jd_5472238,jd,用户2941,m,26,武汉,2026-06-23,13629795087,user7202@example.com,钻石会员
U-JD-318573,jd_6589326,jd,用户9308,f,41,北京,2025-10-14,14241911949,user2377@example.com,银卡会员
U-JD-318659,jd_3377314,jd,用户5757,m,42,武汉,2025-11-17,16417695351,user4480@example.com,普通会员
U-JD-318672,jd_4489127,jd,用户5124,m,27,西安,2026-02-05,13897370586,user4290@example.com,银卡会员
U-JD-319295,jd_4139572,jd,用户6654,m,34,北京,2025-12-08,14927065607,user1432@example.com,普通会员
U-JD-319906,jd_3647641,jd,用户3323,m,19,杭州,2026-08-17,19985949561,user8789@example.com,银卡会员
U-JD-320691,jd_9308687,jd,用户3672,f,52,成都,2025-02-26,13688101786,user8560@example.com,金卡会员
U-JD-321898,jd_1407511,jd,用户3162,m,55,西安,2026-11-17,18919452012,user3964@example.com,钻石会员
U-JD-322946,jd_9682211,jd,用户6477,m,49,广州,2026-09-13,17620197859,user6945@example.com,银卡会员
U-JD-323064,jd_1539935,jd,用户3346,m,51,上海,2026-09-10,19375546995,user1982@example.com,银卡会员
U-JD-323192,jd_1078834,jd,用户1900,f,22,广州,2025-03-14,14896541154,user6993@example.com,银卡会员
U-JD-324917,jd_6193902,jd,用户9260,m,57,广州,2026-11-20,17435897181,user5603@example.com,钻石会员
U-JD-325205,jd_4753146,jd,用户2022,f,18,上海,2025-12-16,14636922405,user8129@example.com,金卡会员
U-JD-325304,jd_1446613,jd,用户7857,m,59,成都,2026-01-09,13781167211,user1029@example.com,普通会员
U-JD-325811,jd_2763581,jd,用户7927,m,48,深圳,2025-06-13,13840098981,user8348@example.com,钻石会员
U-JD-325826,jd_5141260,jd,用户6085,m,28,成都,2025-11-06,14648911885,user1586@example.com,普通会员
U-JD-326078,jd_5597097,jd,用户6481,m,31,广州,2026-10-24,13578347742,user7752@example.com,普通会员
U-JD-326933,jd_4379905,jd,用户5376,f,44,北京,2025-03-07,17619907489,user3211@example.com,钻石会员
U-JD-327101,jd_4209343,jd,用户6704,f,43,武汉,2026-11-25,13125576918,user2193@example.com,钻石会员
U-JD-328589,jd_9676516,jd,用户7590,m,33,重庆,2026-07-10,13782258067,user8921@example.com,钻石会员
U-JD-328920,jd_1309995,jd,用户9875,m,25,西安,2026-10-23,13938293662,user7120@example.com,普通会员
U-JD-329463,jd_2747788,jd,用户6807,f,24,重庆,2026-04-08,15355883148,user6735@example.com,金卡会员
U-JD-330187,jd_6246368,jd,用户3818,m,28,重庆,2026-01-12,13322598997,user2885@example.com,钻石会员
U-JD-330318,jd_9767514,jd,用户7550,f,25,武汉,2026-02-19,16242800952,user3662@example.com,金卡会员
U-JD-330488,jd_1936920,jd,用户4146,f,53,重庆,2025-12-27,15780991071,user6310@example.com,钻石会员
U-JD-330771,jd_6036146,jd,用户4601,f,45,杭州,2026-04-11,16186133152,user2060@example.com,金卡会员
U-JD-330818,jd_2326702,jd,用户4404,m,48,重庆,2025-11-25,18617199137,user9104@example.com,金卡会员
U-JD-331129,jd_8535856,jd,用户5777,m,18,深圳,2025-05-19,18630853948,user3028@example.com,银卡会员
U-JD-331366,jd_9806336,jd,用户2274,f,34,成都,2026-01-05,17372453891,user7857@example.com,钻石会员
U-JD-332522,jd_3753424,jd,用户8275,f,42,北京,2026-01-22,16311963927,user2934@example.com,金卡会员
U-JD-333845,jd_4972208,jd,用户9226,f,20,杭州,2025-10-25,15384000221,user8662@example.com,钻石会员
U-JD-334367,jd_8184007,jd,用户2798,m,55,武汉,2025-09-02,18227411127,user1438@example.com,金卡会员
U-JD-334603,jd_2069926,jd,用户3833,f,22,北京,2026-11-19,13756437913,user5100@example.com,钻石会员
U-JD-334969,jd_7655620,jd,用户8238,f,22,杭州,2025-12-12,14758581907,user2909@example.com,普通会员
U-JD-337659,jd_9905334,jd,用户6980,m,40,西安,2025-05-14,15517857876,user4894@example.com,银卡会员
U-JD-337997,jd_3352115,jd,用户4364,m,29,北京,2026-06-08,19332419669,user2876@example.com,普通会员
U-JD-338130,jd_3427445,jd,用户2888,f,23,杭州,2026-01-01,18488095970,user8115@example.com,金卡会员
U-JD-338446,jd_1854857,jd,用户9689,f,33,杭州,2026-12-01,16868557657,user8882@example.com,钻石会员
U-JD-339853,jd_1995624,jd,用户2066,m,40,北京,2026-07-06,16673443653,user5158@example.com,钻石会员
U-JD-340163,jd_1695367,jd,用户5668,m,19,深圳,2026-11-25,13486239028,user6591@example.com,钻石会员
U-JD-340293,jd_9989581,jd,用户7580,f,30,成都,2025-12-16,16432091245,user8549@example.com,普通会员
U-JD-340861,jd_4543716,jd,用户8485,m,47,上海,2026-07-14,17539094233,user4520@example.com,普通会员
U-JD-341791,jd_4611205,jd,用户5086,f,28,重庆,2026-10-24,15849373153,user4342@example.com,金卡会员
U-JD-342341,jd_5149935,jd,用户8410,f,36,杭州,2026-12-06,14948670078,user8156@example.com,金卡会员
U-JD-342612,jd_7395011,jd,用户9499,f,20,上海,2026-05-07,17378516126,user8745@example.com,钻石会员
U-JD-343066,jd_3909179,jd,用户5916,m,23,武汉,2026-06-26,18894844846,user2613@example.com,银卡会员
U-JD-343305,jd_1109502,jd,用户4465,f,38,杭州,2026-02-15,13673582386,user1675@example.com,钻石会员
U-JD-344077,jd_6643651,jd,用户3785,f,56,深圳,2025-02-22,15156923090,user8547@example.com,普通会员
U-JD-344824,jd_6144208,jd,用户9917,m,52,重庆,2025-02-03,15355672003,user2474@example.com,普通会员
U-JD-345365,jd_1544256,jd,用户1105,m,28,杭州,2026-10-27,17323628005,user1830@example.com,金卡会员
U-JD-346714,jd_2278307,jd,用户3446,m,18,南京,2025-01-01,13122754029,user9878@example.com,普通会员
U-JD-347301,jd_7140853,jd,用户4009,m,19,重庆,2026-08-01,18983894951,user7933@example.com,金卡会员
U-JD-347337,jd_6852411,jd,用户6556,f,56,重庆,2025-04-12,19451844816,user1102@example.com,银卡会员
U-JD-347455,jd_1336849,jd,用户9330,m,29,西安,2026-07-10,16288438343,user1171@example.com,钻石会员
U-JD-347562,jd_2802676,jd,用户3016,f,39,上海,2025-08-09,15491204657,user9168@example.com,银卡会员
U-JD-348301,jd_3679874,jd,用户5966,f,23,深圳,2026-05-12,16470372890,user9785@example.com,钻石会员
U-JD-348806,jd_3201862,jd,用户9828,m,60,西安,2025-02-24,19688158041,user6458@example.com,钻石会员
U-JD-348838,jd_2922885,jd,用户6695,m,28,深圳,2025-08-16,19827538894,user8949@example.com,钻石会员
U-JD-349196,jd_9277459,jd,用户4291,f,28,武汉,2025-09-11,18160062881,user8749@example.com,钻石会员
U-JD-349267,jd_7170833,jd,用户2332,m,47,武汉,2026-07-24,19973906283,user2684@example.com,银卡会员
U-JD-350667,jd_3044626,jd,用户1025,m,37,北京,2026-11-01,13258757797,user3708@example.com,银卡会员
U-JD-352022,jd_2618575,jd,用户5814,m,37,杭州,2025-08-12,15837232817,user2132@example.com,钻石会员
U-JD-352204,jd_1909894,jd,用户4633,f,51,成都,2026-06-02,18115301431,user4032@example.com,钻石会员
U-JD-352981,jd_5157358,jd,用户3672,m,29,重庆,2026-07-16,15476592201,user7420@example.com,银卡会员
U-JD-353545,jd_7887282,jd,用户4481,f,56,成都,2026-02-23,14217575031,user6575@example.com,钻石会员
U-JD-353904,jd_1438310,jd,用户9802,f,44,武汉,2026-10-14,18846914613,user5974@example.com,银卡会员
U-JD-354822,jd_5428955,jd,用户5929,m,32,武汉,2026-03-06,19728972021,user7994@example.com,钻石会员
U-JD-354906,jd_6672957,jd,用户3205,m,41,上海,2025-02-27,19506068840,user8378@example.com,银卡会员
U-JD-355145,jd_3551457,jd,用户7465,m,33,武汉,2026-04-05,14288983926,user9645@example.com,钻石会员
U-JD-355675,jd_5454311,jd,用户6850,m,57,杭州,2025-02-15,19927541856,user4602@example.com,钻石会员
U-JD-357098,jd_6449387,jd,用户4469,f,23,武汉,2026-12-08,15916212887,user4245@example.com,金卡会员
U-JD-357485,jd_5256541,jd,用户3299,f,44,上海,2026-05-06,16988372807,user6524@example.com,银卡会员
U-JD-358283,jd_7181955,jd,用户3698,m,60,成都,2025-09-20,13258810376,user1585@example.com,银卡会员
U-JD-358724,jd_1695343,jd,用户2720,m,44,北京,2025-12-16,14148115588,user3371@example.com,银卡会员
U-JD-359034,jd_6483518,jd,用户3579,f,58,广州,2025-11-26,19137536963,user3454@example.com,银卡会员
U-JD-359295,jd_1157628,jd,用户6772,f,46,广州,2026-01-13,18946366829,user9125@example.com,金卡会员
U-JD-360525,jd_4638812,jd,用户6695,f,35,广州,2026-04-17,16533493762,user3518@example.com,银卡会员
U-JD-361199,jd_1625270,jd,用户9086,f,38,西安,2025-05-02,17121039074,user1283@example.com,普通会员
U-JD-362279,jd_5736095,jd,用户7942,m,44,重庆,2026-05-02,14179429793,user1742@example.com,钻石会员
U-JD-362773,jd_2885666,jd,用户8224,m,30,成都,2026-10-20,19792028826,user1720@example.com,金卡会员
U-JD-363618,jd_6062559,jd,用户6140,f,18,武汉,2025-09-06,17245705531,user2360@example.com,银卡会员
U-JD-363978,jd_7833447,jd,用户8467,m,52,成都,2025-02-02,17576389649,user5710@example.com,银卡会员
U-JD-364653,jd_1986983,jd,用户3818,f,40,广州,2025-04-26,17907506117,user6378@example.com,钻石会员
U-JD-364859,jd_2002761,jd,用户2307,m,41,成都,2025-06-17,18707805875,user5715@example.com,钻石会员
U-JD-365276,jd_5426607,jd,用户7628,f,23,南京,2025-01-14,15321894306,user9401@example.com,银卡会员
U-JD-365730,jd_4958779,jd,用户4748,m,35,成都,2026-04-21,18958546118,user3033@example.com,钻石会员
U-JD-365814,jd_4111709,jd,用户6452,m,51,重庆,2026-03-16,19168219764,user2172@example.com,钻石会员
U-JD-366689,jd_1180857,jd,用户1245,f,49,北京,2025-05-05,14887816536,user8838@example.com,金卡会员
U-JD-367319,jd_5228549,jd,用户5219,f,36,北京,2026-08-10,17270238629,user8062@example.com,银卡会员
U-JD-367877,jd_2944920,jd,用户2380,f,40,重庆,2026-02-06,17171394527,user6652@example.com,银卡会员
U-JD-369616,jd_2080940,jd,用户9641,f,47,武汉,2026-02-07,16323053906,user2848@example.com,银卡会员
U-JD-369861,jd_3964671,jd,用户8070,f,21,重庆,2025-03-02,16353101752,user4956@example.com,银卡会员
U-JD-370463,jd_7629509,jd,用户8938,m,30,北京,2026-12-06,19881101434,user5567@example.com,钻石会员
U-JD-370974,jd_8807678,jd,用户1185,f,40,上海,2025-04-02,16364498315,user5226@example.com,普通会员
U-JD-370996,jd_9617448,jd,用户8349,f,38,北京,2025-05-08,18943960033,user4273@example.com,金卡会员
U-JD-371047,jd_7639507,jd,用户2702,m,27,南京,2026-02-26,18191129718,user7784@example.com,银卡会员
U-JD-371084,jd_5257488,jd,用户1046,m,21,武汉,2026-04-27,13928436096,user1028@example.com,银卡会员
U-JD-372247,jd_8169927,jd,用户8275,m,46,杭州,2026-12-03,16110627839,user9515@example.com,银卡会员
U-JD-372266,jd_7173002,jd,用户7220,f,22,广州,2025-04-17,14880964997,user7762@example.com,银卡会员
U-JD-372346,jd_7937719,jd,用户3758,m,56,成都,2026-10-21,14718319184,user9929@example.com,银卡会员
U-JD-373277,jd_6879908,jd,用户9827,m,19,南京,2026-02-20,18627122156,user9293@example.com,金卡会员
U-JD-374311,jd_2534377,jd,用户9274,f,31,广州,2025-02-21,16380553829,user5118@example.com,金卡会员
U-JD-375128,jd_9931896,jd,用户5341,m,48,深圳,2025-04-10,18690691540,user2120@example.com,银卡会员
U-JD-376599,jd_7411337,jd,用户5024,f,40,广州,2026-03-06,13239175818,user2951@example.com,银卡会员
U-JD-377064,jd_6590029,jd,用户4404,f,53,杭州,2025-09-26,19406147538,user8906@example.com,金卡会员
U-JD-377766,jd_6262621,jd,用户7133,m,29,北京,2026-12-13,18479847160,user5934@example.com,银卡会员
U-JD-378020,jd_2926221,jd,用户7852,m,51,南京,2025-09-19,14599055245,user5597@example.com,银卡会员
U-JD-379365,jd_5183760,jd,用户3518,m,31,上海,2026-04-26,19175513155,user8175@example.com,钻石会员
U-JD-379369,jd_7882842,jd,用户5426,f,34,重庆,2025-10-07,15373288504,user3455@example.com,银卡会员
U-JD-379677,jd_5510865,jd,用户2365,m,34,成都,2025-12-27,14323565413,user7942@example.com,银卡会员
U-JD-380138,jd_5809112,jd,用户4662,m,54,深圳,2025-04-09,16897923163,user6196@example.com,钻石会员
U-JD-380242,jd_8942004,jd,用户2481,m,23,杭州,2026-07-01,18771235068,user1312@example.com,银卡会员
U-JD-380969,jd_4782591,jd,用户8145,m,55,重庆,2026-05-08,18369257813,user7883@example.com,金卡会员
U-JD-381231,jd_5615140,jd,用户3883,m,56,重庆,2026-05-21,19557488808,user4450@example.com,普通会员
U-JD-381415,jd_5158987,jd,用户2209,m,29,西安,2026-09-18,15275476821,user2828@example.com,银卡会员
U-JD-381740,jd_6744250,jd,用户7288,f,26,成都,2025-03-17,16976520355,user8360@example.com,银卡会员
U-JD-383024,jd_4240488,jd,用户2771,m,48,广州,2026-10-05,16430835910,user6816@example.com,银卡会员
U-JD-384038,jd_2593070,jd,用户5344,f,45,杭州,2026-06-01,17634168216,user2008@example.com,钻石会员
U-JD-385090,jd_5512813,jd,用户7038,m,33,重庆,2025-05-08,17487507811,user3752@example.com,银卡会员
U-JD-385819,jd_8502545,jd,用户7634,f,51,成都,2025-11-10,18264918653,user6339@example.com,金卡会员
U-JD-386586,jd_3640534,jd,用户4480,m,20,广州,2026-04-06,13472051727,user2095@example.com,钻石会员
U-JD-386650,jd_1341011,jd,用户1362,f,21,深圳,2025-08-10,16464438689,user2580@example.com,银卡会员
U-JD-386653,jd_7209978,jd,用户6944,m,31,重庆,2025-12-18,15970207912,user6953@example.com,金卡会员
U-JD-386788,jd_2930370,jd,用户5317,f,44,上海,2026-02-27,18394197938,user3868@example.com,金卡会员
U-JD-387593,jd_1802411,jd,用户7095,m,25,成都,2026-03-10,14592025903,user2758@example.com,银卡会员
U-JD-387699,jd_7445809,jd,用户8153,f,35,南京,2025-04-20,18675005712,user6620@example.com,普通会员
U-JD-388903,jd_6965887,jd,用户1238,m,57,武汉,2025-11-24,16808513959,user5938@example.com,金卡会员
U-JD-390001,jd_8686997,jd,用户5641,f,24,上海,2026-06-05,19958518723,user7888@example.com,钻石会员
U-JD-390920,jd_2500085,jd,用户3766,m,21,武汉,2026-11-20,13188673425,user4493@example.com,金卡会员
U-JD-390968,jd_9331129,jd,用户6292,f,25,重庆,2026-03-27,19466380960,user7598@example.com,银卡会员
U-JD-391408,jd_2678610,jd,用户8890,m,50,深圳,2025-07-20,18232837476,user9438@example.com,普通会员
U-JD-391546,jd_4119324,jd,用户7827,f,37,深圳,2026-01-17,14784256942,user4222@example.com,普通会员
U-JD-392015,jd_6549962,jd,用户5455,m,42,重庆,2026-02-21,18235733500,user9534@example.com,钻石会员
U-JD-392640,jd_5479452,jd,用户5444,f,53,南京,2026-04-14,14586604712,user4520@example.com,银卡会员
U-JD-393555,jd_3513391,jd,用户4867,f,22,重庆,2026-12-07,15559838984,user3409@example.com,普通会员
U-JD-395273,jd_7108381,jd,用户2649,m,48,北京,2026-08-19,13773956153,user1031@example.com,钻石会员
U-JD-396554,jd_1812905,jd,用户8896,m,29,深圳,2025-08-10,15360208268,user8764@example.com,银卡会员
U-JD-397245,jd_9751126,jd,用户2780,m,28,南京,2025-10-19,15495687408,user3355@example.com,金卡会员
U-JD-398873,jd_5488449,jd,用户9300,f,22,重庆,2026-11-25,14401313285,user4318@example.com,银卡会员
U-JD-399533,jd_6744532,jd,用户7245,f,24,成都,2025-03-15,15691647936,user2840@example.com,普通会员
U-JD-399725,jd_7550031,jd,用户3703,f,55,杭州,2026-12-04,19417059343,user6516@example.com,银卡会员
U-JD-400155,jd_6140652,jd,用户5249,m,34,成都,2025-10-21,18889553781,user1782@example.com,钻石会员
U-JD-400267,jd_1579068,jd,用户9510,m,39,成都,2026-12-16,15690645273,user6169@example.com,普通会员
U-JD-400341,jd_4305804,jd,用户2764,m,44,西安,2025-02-20,17365310090,user8743@example.com,钻石会员
U-JD-400943,jd_9134305,jd,用户2512,f,30,西安,2025-07-08,13822389085,user8045@example.com,普通会员
U-JD-401544,jd_3047025,jd,用户1752,f,30,深圳,2025-01-24,17426138585,user5941@example.com,金卡会员
U-JD-402224,jd_2953561,jd,用户3689,m,35,武汉,2025-05-17,18685140953,user7738@example.com,钻石会员
U-JD-402271,jd_5399911,jd,用户8323,m,39,成都,2026-07-11,14653397209,user9819@example.com,金卡会员
U-JD-402906,jd_1213740,jd,用户3256,m,55,北京,2026-10-02,16363621314,user3357@example.com,钻石会员
U-JD-403868,jd_5740001,jd,用户1320,f,44,上海,2026-08-14,17414023560,user7158@example.com,普通会员
U-JD-405101,jd_2727118,jd,用户9757,m,27,武汉,2025-03-28,16223185074,user9702@example.com,普通会员
U-JD-405166,jd_1690127,jd,用户4446,m,37,北京,2025-05-17,17660796307,user2738@example.com,金卡会员
U-JD-405412,jd_1386264,jd,用户1955,f,45,广州,2025-08-22,15990346285,user2415@example.com,普通会员
U-JD-405513,jd_6461991,jd,用户7676,f,50,成都,2025-02-10,18228267461,user2454@example.com,金卡会员
U-JD-405633,jd_4401410,jd,用户6769,m,47,杭州,2025-06-08,16755989394,user2528@example.com,金卡会员
U-JD-407112,jd_4100899,jd,用户3716,m,28,重庆,2026-01-18,13962118176,user1533@example.com,金卡会员
U-JD-408392,jd_9415361,jd,用户3488,m,52,广州,2025-10-16,15535154478,user6447@example.com,钻石会员
U-JD-408465,jd_4778704,jd,用户7603,f,21,广州,2026-06-23,14455906727,user8177@example.com,钻石会员
U-JD-408569,jd_8234548,jd,用户9537,m,31,北京,2026-11-18,16391806458,user9487@example.com,钻石会员
U-JD-408860,jd_4895247,jd,用户8497,f,34,成都,2025-07-21,18276015089,user6293@example.com,银卡会员
U-JD-409319,jd_7434827,jd,用户8961,m,20,深圳,2026-02-27,17306265213,user1375@example.com,普通会员
U-JD-409703,jd_9434365,jd,用户1057,m,29,重庆,2025-05-15,17281778118,user7868@example.com,银卡会员
U-JD-411056,jd_7057812,jd,用户1816,m,58,杭州,2025-03-18,14474927645,user8555@example.com,金卡会员
U-JD-411167,jd_5422037,jd,用户7259,m,47,深圳,2026-10-26,13255208996,user6923@example.com,银卡会员
U-JD-411626,jd_2161638,jd,用户5405,m,26,深圳,2025-07-03,18343794596,user6323@example.com,银卡会员
U-JD-412672,jd_7347646,jd,用户6033,m,58,西安,2025-04-25,13172605205,user8594@example.com,钻石会员
U-JD-413190,jd_5842383,jd,用户8640,f,39,广州,2026-04-21,13620205578,user5770@example.com,金卡会员
U-JD-413923,jd_4723929,jd,用户9403,m,56,西安,2025-09-24,13397484518,user4605@example.com,普通会员
U-JD-414423,jd_8418570,jd,用户5487,f,46,成都,2026-05-13,19344996009,user9957@example.com,钻石会员
U-JD-415167,jd_2200599,jd,用户6858,f,32,深圳,2026-03-02,19710972021,user4420@example.com,金卡会员
U-JD-415356,jd_8727535,jd,用户2840,f,47,南京,2025-09-20,14947678192,user8287@example.com,钻石会员
U-JD-416178,jd_9628232,jd,用户8816,m,33,西安,2025-11-17,18749538238,user4798@example.com,银卡会员
U-JD-416438,jd_5635287,jd,用户5257,f,55,成都,2026-07-03,17805996191,user3812@example.com,金卡会员
U-JD-416516,jd_8649816,jd,用户7036,f,45,广州,2025-06-07,16507009647,user9320@example.com,银卡会员
U-JD-417505,jd_3091272,jd,用户6129,f,28,深圳,2025-04-09,14857797350,user2372@example.com,金卡会员
U-JD-418523,jd_3939249,jd,用户1087,f,18,武汉,2026-12-22,17820883936,user9299@example.com,普通会员
U-JD-419371,jd_4931794,jd,用户2531,m,53,西安,2025-08-05,15717304785,user6272@example.com,金卡会员
U-JD-419672,jd_3555228,jd,用户6350,f,22,上海,2026-06-22,15919249668,user2147@example.com,钻石会员
U-JD-419717,jd_7734412,jd,用户1332,m,54,杭州,2025-12-15,13254923580,user4210@example.com,钻石会员
U-JD-420231,jd_2807168,jd,用户4368,m,60,广州,2025-08-15,14874355489,user5802@example.com,钻石会员
U-JD-420697,jd_4067192,jd,用户3590,f,45,北京,2025-01-23,19826203638,user6334@example.com,银卡会员
U-JD-420702,jd_1475459,jd,用户9083,f,54,西安,2026-02-19,18754932254,user8900@example.com,银卡会员
U-JD-420902,jd_7005679,jd,用户1585,m,50,上海,2026-04-21,16479583297,user6591@example.com,钻石会员
U-JD-420943,jd_6085557,jd,用户7467,m,52,西安,2025-10-03,18292966807,user8516@example.com,普通会员
U-JD-421619,jd_9436270,jd,用户8784,f,35,成都,2025-10-04,15227350890,user3778@example.com,金卡会员
U-JD-421832,jd_5300896,jd,用户8747,m,35,武汉,2025-04-17,14752378119,user1722@example.com,银卡会员
U-JD-422011,jd_5310166,jd,用户9074,m,59,广州,2026-10-08,14643972945,user7742@example.com,金卡会员
U-JD-422539,jd_5230876,jd,用户9881,f,34,广州,2025-05-04,18805378207,user4419@example.com,钻石会员
U-JD-425167,jd_4820835,jd,用户3137,f,40,武汉,2026-11-14,19526166346,user6211@example.com,普通会员
U-JD-425339,jd_4322698,jd,用户3980,m,24,上海,2025-12-09,13683906023,user7331@example.com,金卡会员
U-JD-425388,jd_8219529,jd,用户3372,f,44,上海,2026-10-27,15516793602,user2208@example.com,金卡会员
U-JD-425454,jd_6033669,jd,用户8306,m,38,杭州,2026-09-19,17813795226,user2796@example.com,普通会员
U-JD-425544,jd_9150624,jd,用户7664,m,30,南京,2026-07-05,15661645240,user4550@example.com,银卡会员
U-JD-426149,jd_8059188,jd,用户6576,m,30,重庆,2025-08-21,13242585124,user2369@example.com,银卡会员
U-JD-426213,jd_2202247,jd,用户9183,f,58,深圳,2026-12-11,14405641872,user5016@example.com,金卡会员
U-JD-426300,jd_7476314,jd,用户8775,m,58,武汉,2026-02-15,18197726891,user9305@example.com,金卡会员
U-JD-426589,jd_1792097,jd,用户7434,f,37,武汉,2025-01-07,13279149758,user4223@example.com,普通会员
U-JD-427573,jd_4077855,jd,用户9023,f,52,重庆,2025-06-07,16680289078,user7173@example.com,普通会员
U-JD-428167,jd_9742822,jd,用户4627,f,45,广州,2025-01-23,16170733440,user1679@example.com,银卡会员
U-JD-429591,jd_1994414,jd,用户7807,m,18,北京,2025-06-16,19165759077,user8680@example.com,普通会员
U-JD-429875,jd_8332479,jd,用户9409,f,21,成都,2026-11-17,14806468977,user4776@example.com,银卡会员
U-JD-430638,jd_7537043,jd,用户6013,f,49,广州,2025-02-24,14201286870,user9366@example.com,钻石会员
U-JD-430915,jd_3426732,jd,用户4157,f,52,上海,2026-03-16,14601880249,user6795@example.com,普通会员
U-JD-431274,jd_4280256,jd,用户1378,m,29,杭州,2026-04-17,17823823740,user8997@example.com,金卡会员
U-JD-432362,jd_9201185,jd,用户3444,f,45,南京,2025-02-21,18663462167,user6651@example.com,钻石会员
U-JD-432647,jd_9963819,jd,用户8408,f,42,杭州,2025-12-03,17543137542,user7741@example.com,金卡会员
U-JD-432864,jd_8848120,jd,用户7351,f,34,南京,2026-09-15,16441521426,user1105@example.com,钻石会员
U-JD-434625,jd_5557243,jd,用户5071,m,55,武汉,2026-03-14,19451041865,user6938@example.com,钻石会员
U-JD-434827,jd_1480836,jd,用户1415,f,25,武汉,2026-03-17,14439209117,user1357@example.com,钻石会员
U-JD-435375,jd_4718278,jd,用户2399,m,44,南京,2025-02-08,14274061480,user5190@example.com,金卡会员
U-JD-435535,jd_9156058,jd,用户3925,m,53,广州,2025-05-04,18682070738,user9195@example.com,钻石会员
U-JD-437260,jd_3365667,jd,用户6533,f,56,深圳,2026-07-09,19973431444,user7460@example.com,钻石会员
U-JD-437533,jd_5170529,jd,用户7128,f,21,南京,2025-01-13,18173822967,user3377@example.com,金卡会员
U-JD-438022,jd_1889056,jd,用户1532,m,54,西安,2026-04-12,19679094920,user8006@example.com,银卡会员
U-JD-439259,jd_7681892,jd,用户7468,f,58,上海,2026-07-24,14270312328,user6391@example.com,钻石会员
U-JD-440444,jd_2152766,jd,用户4039,f,44,北京,2025-03-09,18953910183,user6712@example.com,银卡会员
U-JD-442857,jd_8770557,jd,用户8973,m,40,成都,2026-08-03,16915120848,user5845@example.com,钻石会员
U-JD-442899,jd_1863269,jd,用户6112,f,33,上海,2026-06-09,14906713275,user6680@example.com,银卡会员
U-JD-443006,jd_9869389,jd,用户4348,f,31,北京,2026-02-23,17886457809,user8777@example.com,普通会员
U-JD-444008,jd_8210346,jd,用户5781,f,47,重庆,2025-11-01,18334451317,user2450@example.com,钻石会员
U-JD-446530,jd_3022788,jd,用户4076,m,30,重庆,2025-05-24,14843441740,user1509@example.com,银卡会员
U-JD-447252,jd_8526526,jd,用户8980,m,54,杭州,2026-01-13,13263805319,user4385@example.com,银卡会员
U-JD-447666,jd_7483539,jd,用户1230,f,26,北京,2026-04-04,19725179946,user7490@example.com,普通会员
U-JD-448240,jd_2742966,jd,用户5306,m,38,杭州,2025-11-11,17782667000,user5693@example.com,钻石会员
U-JD-450896,jd_2346094,jd,用户2598,m,40,北京,2026-05-14,13498090107,user6561@example.com,钻石会员
U-JD-450904,jd_9524257,jd,用户1499,f,35,武汉,2025-04-03,18187303237,user2660@example.com,银卡会员
U-JD-450943,jd_3780900,jd,用户8091,m,60,北京,2026-10-06,17876592931,user7758@example.com,银卡会员
U-JD-451354,jd_5894800,jd,用户6243,m,34,北京,2025-03-27,14779369225,user4094@example.com,钻石会员
U-JD-452516,jd_7994232,jd,用户4100,f,23,杭州,2026-09-13,16194740137,user2998@example.com,普通会员
U-JD-453473,jd_9208861,jd,用户3952,f,44,西安,2025-05-08,16510459567,user9886@example.com,钻石会员
U-JD-453901,jd_5805740,jd,用户9392,m,24,南京,2026-04-12,14722575823,user2915@example.com,银卡会员
U-JD-453980,jd_3331346,jd,用户7279,f,33,西安,2025-11-10,17469525325,user8840@example.com,金卡会员
U-JD-454133,jd_6273501,jd,用户1743,f,26,上海,2026-03-03,14362979639,user1229@example.com,钻石会员
U-JD-454760,jd_5690986,jd,用户2241,f,44,武汉,2025-08-04,14419862854,user5968@example.com,金卡会员
U-JD-458218,jd_3001269,jd,用户2934,m,24,广州,2025-01-09,16362945579,user4681@example.com,钻石会员
U-JD-458600,jd_1826100,jd,用户5009,f,34,武汉,2026-03-18,14500450585,user5801@example.com,普通会员
U-JD-459580,jd_5231535,jd,用户7087,m,31,重庆,2025-10-11,18103989766,user8449@example.com,钻石会员
U-JD-459719,jd_3332210,jd,用户2096,m,53,成都,2025-02-16,19111223669,user1553@example.com,银卡会员
U-JD-460711,jd_4139738,jd,用户8973,m,28,深圳,2026-11-01,19797292510,user4632@example.com,普通会员
U-JD-461038,jd_9796662,jd,用户6396,m,53,南京,2026-05-12,14425888512,user6904@example.com,金卡会员
U-JD-462813,jd_2930056,jd,用户9435,m,20,深圳,2025-04-21,15849798792,user8709@example.com,银卡会员
U-JD-463243,jd_3419347,jd,用户6959,f,25,杭州,2026-08-06,17958219818,user7985@example.com,钻石会员
U-JD-463653,jd_5297124,jd,用户1263,f,55,上海,2026-01-03,18595057345,user7853@example.com,普通会员
U-JD-464932,jd_9287817,jd,用户2940,f,58,西安,2025-09-28,15541579797,user8597@example.com,普通会员
U-JD-466139,jd_9052332,jd,用户8499,m,52,成都,2026-04-24,14895364181,user9516@example.com,钻石会员
U-JD-466783,jd_4675839,jd,用户2050,f,23,武汉,2026-05-14,16661444653,user6125@example.com,金卡会员
U-JD-466973,jd_9405862,jd,用户3098,f,18,北京,2025-03-26,18872788161,user1339@example.com,金卡会员
U-JD-467366,jd_8226930,jd,用户1275,f,53,武汉,2026-01-08,18167610444,user7573@example.com,金卡会员
U-JD-468385,jd_6938213,jd,用户2086,f,26,广州,2025-02-07,16234153690,user1553@example.com,普通会员
U-JD-469245,jd_3977486,jd,用户5299,m,24,上海,2025-11-24,17444884348,user8385@example.com,钻石会员
U-JD-469361,jd_1087086,jd,用户1298,m,52,成都,2025-09-01,13782358285,user7389@example.com,普通会员
U-JD-469754,jd_4744498,jd,用户9732,f,31,杭州,2025-08-27,19417329899,user9610@example.com,普通会员
U-JD-469956,jd_3296264,jd,用户5881,m,59,武汉,2026-03-08,16882299483,user7165@example.com,银卡会员
U-JD-470510,jd_4801004,jd,用户6399,m,39,重庆,2026-05-11,19759582123,user5429@example.com,银卡会员
U-JD-470649,jd_8659173,jd,用户1195,m,59,西安,2026-03-11,13724661216,user6034@example.com,普通会员
U-JD-470684,jd_2253139,jd,用户5830,f,41,重庆,2026-12-20,15455899472,user5051@example.com,钻石会员
U-JD-470739,jd_4631393,jd,用户6386,f,22,上海,2026-11-26,17518105183,user5808@example.com,普通会员
U-JD-471038,jd_5788905,jd,用户3323,m,19,武汉,2026-11-11,15667169351,user5642@example.com,银卡会员
U-JD-471092,jd_5544574,jd,用户8527,f,42,北京,2026-03-16,17797946674,user3942@example.com,普通会员
U-JD-471317,jd_3499367,jd,用户6526,f,26,深圳,2026-03-01,18356581570,user2807@example.com,金卡会员
U-JD-471867,jd_7097600,jd,用户7627,f,39,南京,2026-01-27,17747369324,user1981@example.com,钻石会员
U-JD-472201,jd_8999744,jd,用户6800,f,49,深圳,2026-07-18,15187509113,user3162@example.com,钻石会员
U-JD-472692,jd_8003750,jd,用户5614,m,53,杭州,2026-08-07,19414985233,user8385@example.com,银卡会员
U-JD-472819,jd_8230980,jd,用户3265,m,27,西安,2026-11-15,15106713724,user5131@example.com,金卡会员
U-JD-473116,jd_1063634,jd,用户1202,f,23,重庆,2026-08-15,19176849843,user8680@example.com,金卡会员
U-JD-473175,jd_1912387,jd,用户5661,f,27,西安,2025-06-08,15279738327,user1183@example.com,普通会员
U-JD-474222,jd_7093193,jd,用户4987,m,56,北京,2025-12-09,13618634124,user7373@example.com,银卡会员
U-JD-474566,jd_8124214,jd,用户1575,f,30,南京,2026-04-24,13885892867,user2519@example.com,钻石会员
U-JD-474634,jd_6600230,jd,用户2021,f,23,武汉,2026-02-25,17328717170,user8500@example.com,金卡会员
U-JD-474865,jd_5195510,jd,用户2033,f,56,上海,2026-05-23,13210517973,user9649@example.com,钻石会员
U-JD-475069,jd_2717087,jd,用户5783,m,42,上海,2025-01-09,16157414071,user3550@example.com,钻石会员
U-JD-475541,jd_8761811,jd,用户8658,m,49,上海,2026-03-02,16246403707,user9661@example.com,金卡会员
U-JD-475774,jd_5486208,jd,用户4815,m,48,成都,2025-01-03,16887574595,user9628@example.com,钻石会员
U-JD-476045,jd_4225281,jd,用户6436,f,33,深圳,2026-02-17,15974003947,user8764@example.com,普通会员
U-JD-476222,jd_8047179,jd,用户4350,f,33,杭州,2025-11-06,14236126369,user2393@example.com,普通会员
U-JD-476812,jd_4508958,jd,用户6133,f,37,重庆,2026-02-04,19914342200,user9636@example.com,钻石会员
U-JD-477021,jd_2559224,jd,用户2048,m,53,西安,2026-05-10,19341525502,user6484@example.com,金卡会员
U-JD-477024,jd_3815087,jd,用户6002,f,18,成都,2025-03-12,13512448503,user6291@example.com,银卡会员
U-JD-477154,jd_1819442,jd,用户8010,m,37,上海,2025-02-26,18500985892,user5832@example.com,金卡会员
U-JD-477519,jd_3261844,jd,用户9789,m,23,成都,2025-03-09,13974876446,user2328@example.com,普通会员
U-JD-477620,jd_2346617,jd,用户3828,m,43,深圳,2025-02-04,13302359181,user4893@example.com,普通会员
U-JD-477732,jd_9615237,jd,用户6793,m,49,广州,2026-09-27,13923373748,user3775@example.com,金卡会员
U-JD-478285,jd_6178287,jd,用户5042,m,45,广州,2026-01-25,13786310796,user7885@example.com,普通会员
U-JD-478484,jd_6854505,jd,用户8136,f,42,武汉,2026-05-14,15172781727,user8179@example.com,银卡会员
U-JD-479957,jd_8136425,jd,用户7433,m,22,成都,2025-04-23,14114920154,user2278@example.com,银卡会员
U-JD-482642,jd_9254879,jd,用户3661,m,51,杭州,2025-06-19,17678341246,user9181@example.com,钻石会员
U-JD-482834,jd_6789187,jd,用户5333,f,18,北京,2026-04-02,16416298493,user5592@example.com,金卡会员
U-JD-482852,jd_7831522,jd,用户7825,f,23,上海,2026-06-26,18352768053,user8754@example.com,钻石会员
U-JD-483293,jd_5248977,jd,用户3499,m,25,北京,2026-09-05,15307549253,user9235@example.com,钻石会员
U-JD-483626,jd_9085344,jd,用户1260,m,53,杭州,2025-03-08,19341663269,user8527@example.com,金卡会员
U-JD-484419,jd_4980158,jd,用户1061,f,43,杭州,2026-04-14,17566834402,user1547@example.com,银卡会员
U-JD-484438,jd_5526588,jd,用户9641,m,34,北京,2026-08-11,15359526481,user2471@example.com,钻石会员
U-JD-486006,jd_9495804,jd,用户9230,m,27,武汉,2026-04-02,15138279735,user5814@example.com,钻石会员
U-JD-486158,jd_8878149,jd,用户6479,m,31,西安,2025-01-08,14265784233,user4226@example.com,金卡会员
U-JD-486840,jd_1484192,jd,用户4242,m,60,深圳,2026-07-10,16601461928,user7553@example.com,银卡会员
U-JD-487181,jd_4264221,jd,用户5589,f,29,西安,2025-07-23,15293584663,user2867@example.com,银卡会员
U-JD-487806,jd_3396533,jd,用户7716,m,51,北京,2025-01-15,14564575844,user2244@example.com,银卡会员
U-JD-488346,jd_5630718,jd,用户5482,m,31,武汉,2026-10-28,18163475364,user3758@example.com,钻石会员
U-JD-488765,jd_6293654,jd,用户1846,f,40,重庆,2025-04-26,13387910420,user5394@example.com,普通会员
U-JD-488827,jd_3731562,jd,用户5591,m,55,杭州,2026-12-09,13241759832,user8663@example.com,普通会员
U-JD-488886,jd_9590129,jd,用户4031,m,50,广州,2025-04-20,16101346378,user4635@example.com,银卡会员
U-JD-489046,jd_7469677,jd,用户7356,m,48,重庆,2025-09-06,14268143998,user3755@example.com,金卡会员
U-JD-489066,jd_2498121,jd,用户6400,f,34,重庆,2025-03-08,16796360239,user2389@example.com,钻石会员
U-JD-489488,jd_2366447,jd,用户2140,m,33,重庆,2026-11-26,19155076185,user2846@example.com,钻石会员
U-JD-490359,jd_4176872,jd,用户5080,f,25,北京,2025-11-02,18549007217,user6812@example.com,金卡会员
U-JD-490536,jd_3889006,jd,用户2955,m,52,西安,2025-10-10,19372097542,user9848@example.com,普通会员
U-JD-490662,jd_5886412,jd,用户1553,m,43,上海,2026-03-05,19190497838,user5182@example.com,银卡会员
U-JD-491088,jd_5092226,jd,用户1583,f,60,杭州,2026-11-22,19424098869,user7755@example.com,金卡会员
U-JD-491364,jd_1747277,jd,用户8862,f,51,广州,2025-05-18,14295365469,user3027@example.com,金卡会员
U-JD-492756,jd_3923941,jd,用户9484,f,34,西安,2026-03-23,19678027225,user1300@example.com,普通会员
U-JD-493434,jd_7488850,jd,用户6785,m,40,重庆,2025-04-18,19677268039,user6548@example.com,银卡会员
U-JD-494119,jd_8084239,jd,用户7326,m,26,北京,2025-10-14,13130666635,user8213@example.com,银卡会员
U-JD-494996,jd_6493218,jd,用户2097,m,30,广州,2025-09-15,15377297972,user1448@example.com,普通会员
U-JD-495415,jd_5974349,jd,用户7962,f,21,深圳,2026-12-10,18216913929,user9742@example.com,银卡会员
U-JD-496147,jd_8561953,jd,用户6369,m,51,广州,2025-05-20,17722417189,user1606@example.com,金卡会员
U-JD-496396,jd_4528689,jd,用户6274,m,52,西安,2026-04-12,16875079787,user7202@example.com,钻石会员
U-JD-496867,jd_5421338,jd,用户3112,f,51,深圳,2026-03-07,15243518268,user7998@example.com,金卡会员
U-JD-498126,jd_9760099,jd,用户3175,m,56,上海,2025-11-03,18806994642,user3383@example.com,普通会员
U-JD-498794,jd_7889088,jd,用户8182,f,49,南京,2026-02-13,19483044533,user8303@example.com,金卡会员
U-JD-499238,jd_3644312,jd,用户5811,m,32,深圳,2025-11-25,18359683544,user4577@example.com,普通会员
U-JD-499683,jd_6028808,jd,用户7194,m,20,上海,2025-02-10,18414907824,user8484@example.com,普通会员
U-JD-499783,jd_6135128,jd,用户9720,f,30,南京,2026-05-07,17299831683,user3009@example.com,钻石会员
U-JD-500074,jd_1939812,jd,用户8554,m,31,上海,2025-07-16,14811572495,user3650@example.com,钻石会员
U-JD-500214,jd_3667136,jd,用户3040,m,55,西安,2026-07-20,18244693891,user2601@example.com,普通会员
U-JD-500347,jd_6556031,jd,用户1728,f,20,武汉,2025-08-11,18864740881,user3344@example.com,钻石会员
U-JD-500545,jd_8783746,jd,用户3748,f,44,成都,2026-12-18,18575827173,user8721@example.com,钻石会员
U-JD-500908,jd_6331347,jd,用户8627,f,22,重庆,2025-05-12,13470001741,user8703@example.com,钻石会员
U-JD-501234,jd_7428069,jd,用户9306,f,30,北京,2025-02-22,13408162355,user6839@example.com,金卡会员
U-JD-501386,jd_2183794,jd,用户1432,f,29,西安,2025-03-02,13556712975,user8451@example.com,金卡会员
U-JD-502367,jd_9100618,jd,用户7770,m,44,北京,2025-07-19,14273845170,user7616@example.com,钻石会员
U-JD-503227,jd_8778061,jd,用户7303,m,55,上海,2026-01-12,14399851704,user1028@example.com,钻石会员
U-JD-503389,jd_2451413,jd,用户3409,f,51,杭州,2025-04-18,17292187538,user5529@example.com,钻石会员
U-JD-504591,jd_3130971,jd,用户1519,m,54,深圳,2025-01-28,19896342824,user7828@example.com,银卡会员
U-JD-504647,jd_1972273,jd,用户3149,f,51,西安,2025-12-02,18499775494,user1590@example.com,金卡会员
U-JD-504750,jd_4835919,jd,用户6836,f,53,南京,2026-02-17,13442070880,user9193@example.com,金卡会员
U-JD-504923,jd_6190402,jd,用户1225,f,37,南京,2025-07-21,17969158731,user8816@example.com,金卡会员
U-JD-505076,jd_2604294,jd,用户2802,f,27,重庆,2026-05-12,17776298164,user6978@example.com,普通会员
U-JD-505417,jd_8109499,jd,用户6438,f,27,重庆,2026-03-20,15197243094,user6683@example.com,钻石会员
U-JD-505508,jd_2847606,jd,用户1060,f,60,上海,2026-03-11,17109845009,user8184@example.com,金卡会员
U-JD-505568,jd_1222180,jd,用户4749,f,36,武汉,2025-03-03,17523716984,user9464@example.com,普通会员
U-JD-505717,jd_3908459,jd,用户9913,m,60,重庆,2026-08-03,15673875946,user7028@example.com,钻石会员
U-JD-506249,jd_4591920,jd,用户9505,f,29,西安,2026-09-24,14359486672,user6767@example.com,银卡会员
U-JD-506407,jd_9089329,jd,用户1242,f,24,北京,2026-12-13,18588835392,user8942@example.com,钻石会员
U-JD-506481,jd_9259726,jd,用户3111,m,42,重庆,2025-07-13,18765833221,user7156@example.com,金卡会员
U-JD-506642,jd_7111888,jd,用户2358,f,55,南京,2025-05-02,19430452324,user3433@example.com,普通会员
U-JD-508764,jd_9928238,jd,用户2610,m,56,广州,2026-07-07,18122936507,user4465@example.com,钻石会员
U-JD-509607,jd_6827127,jd,用户1109,m,59,成都,2025-03-24,18392441618,user6305@example.com,金卡会员
U-JD-510063,jd_3290505,jd,用户9619,m,53,重庆,2026-08-19,13859154582,user5054@example.com,金卡会员
U-JD-513957,jd_7006687,jd,用户3653,m,56,西安,2025-07-28,15676776142,user2824@example.com,金卡会员
U-JD-515266,jd_3415981,jd,用户3668,f,22,成都,2025-09-04,15648963270,user2752@example.com,钻石会员
U-JD-515861,jd_2593071,jd,用户6742,m,21,广州,2026-07-12,15404245878,user3289@example.com,普通会员
U-JD-515994,jd_4185102,jd,用户4451,m,18,西安,2025-02-14,17777184188,user1695@example.com,钻石会员
U-JD-516344,jd_1946977,jd,用户7950,f,40,重庆,2025-10-12,14777772789,user4339@example.com,金卡会员
U-JD-517650,jd_2707440,jd,用户8045,f,45,成都,2026-07-03,15185329530,user2298@example.com,普通会员
U-JD-517720,jd_8805122,jd,用户8341,f,21,上海,2025-05-22,19993198712,user2063@example.com,金卡会员
U-JD-520137,jd_6433104,jd,用户9806,m,30,杭州,2026-12-28,15101475846,user9910@example.com,钻石会员
U-JD-520168,jd_6604175,jd,用户2239,m,59,深圳,2026-04-15,15241789216,user3645@example.com,银卡会员
U-JD-520985,jd_5317570,jd,用户2400,f,50,上海,2025-05-22,18802363169,user5692@example.com,银卡会员
U-JD-521168,jd_7128342,jd,用户9917,f,36,南京,2026-08-09,14461750472,user4081@example.com,金卡会员
U-JD-522202,jd_1592340,jd,用户4048,f,49,重庆,2025-11-07,15501779126,user6348@example.com,普通会员
U-JD-522439,jd_6915277,jd,用户8148,m,56,北京,2026-10-22,15249367462,user9635@example.com,普通会员
U-JD-522655,jd_4597138,jd,用户5870,m,55,北京,2025-06-23,15433042827,user5648@example.com,银卡会员
U-JD-523137,jd_9967791,jd,用户4204,m,43,西安,2026-12-02,15245938037,user4304@example.com,银卡会员
U-JD-523471,jd_5911965,jd,用户3949,f,46,杭州,2025-10-14,14957094094,user1690@example.com,银卡会员
U-JD-523609,jd_8272870,jd,用户3907,m,33,南京,2025-08-08,15381465481,user9761@example.com,银卡会员
U-JD-524015,jd_9101853,jd,用户2903,m,38,杭州,2025-12-09,19252804359,user7451@example.com,银卡会员
U-JD-524600,jd_1120151,jd,用户3158,m,37,深圳,2025-12-28,19424600718,user6210@example.com,普通会员
U-JD-525166,jd_3984033,jd,用户2162,m,34,成都,2025-06-11,14563412214,user8127@example.com,银卡会员
U-JD-525875,jd_6428869,jd,用户6824,f,22,南京,2025-11-24,17518141995,user9101@example.com,银卡会员
U-JD-525981,jd_8955637,jd,用户4949,m,54,广州,2026-09-17,16363762069,user2932@example.com,金卡会员
U-JD-526060,jd_7454999,jd,用户9835,f,45,成都,2026-06-02,18600664678,user1619@example.com,普通会员
U-JD-526956,jd_2254186,jd,用户6756,m,57,成都,2025-04-21,16425062586,user5401@example.com,银卡会员
U-JD-527497,jd_2308824,jd,用户9649,f,55,深圳,2025-12-04,19647465398,user3264@example.com,金卡会员
U-JD-528001,jd_6295382,jd,用户1597,f,30,广州,2025-01-09,16408505023,user2636@example.com,普通会员
U-JD-528337,jd_3702650,jd,用户6911,m,25,武汉,2025-03-26,14441589982,user3045@example.com,钻石会员
U-JD-528638,jd_7108097,jd,用户3375,f,47,成都,2026-04-28,17849647549,user2108@example.com,银卡会员
U-JD-529803,jd_1381884,jd,用户4879,m,54,南京,2025-08-22,18600319448,user9212@example.com,普通会员
U-JD-529882,jd_8586359,jd,用户5640,m,47,武汉,2026-04-03,18468993882,user4503@example.com,普通会员
U-JD-529932,jd_4598206,jd,用户5341,m,20,南京,2026-02-07,16820886633,user6304@example.com,金卡会员
U-JD-530196,jd_6189778,jd,用户1970,m,44,成都,2026-05-16,13169043576,user4320@example.com,钻石会员
U-JD-530436,jd_1727420,jd,用户8890,m,40,重庆,2025-03-06,16408716715,user7156@example.com,银卡会员
U-JD-531870,jd_8709344,jd,用户8539,m,60,成都,2025-09-03,19157818436,user3529@example.com,金卡会员
U-JD-532912,jd_6377903,jd,用户2729,m,49,武汉,2026-12-20,15609126693,user3164@example.com,普通会员
U-JD-533865,jd_3143838,jd,用户7054,m,52,深圳,2025-09-02,19382792955,user6189@example.com,钻石会员
U-JD-535786,jd_3693570,jd,用户8213,f,43,西安,2025-07-07,18881159816,user3756@example.com,银卡会员
U-JD-536221,jd_5400319,jd,用户8453,f,53,广州,2026-05-12,17776384946,user5405@example.com,金卡会员
U-JD-536788,jd_5470975,jd,用户5788,m,20,北京,2025-11-05,19279330765,user2492@example.com,金卡会员
U-JD-537794,jd_3545975,jd,用户7307,m,48,武汉,2025-02-12,13876937341,user1172@example.com,银卡会员
U-JD-537949,jd_2239139,jd,用户5202,f,54,成都,2025-02-20,15213686294,user9465@example.com,银卡会员
U-JD-538509,jd_1719003,jd,用户7018,f,27,重庆,2025-01-24,16272448079,user8501@example.com,金卡会员
U-JD-539106,jd_9916788,jd,用户2934,m,24,武汉,2025-11-04,16391745917,user7034@example.com,钻石会员
U-JD-540688,jd_9158677,jd,用户4122,f,50,深圳,2026-10-25,14454404613,user4430@example.com,普通会员
U-JD-540831,jd_6345954,jd,用户6531,m,24,成都,2026-05-12,16984452867,user3115@example.com,钻石会员
U-JD-541254,jd_8605189,jd,用户7480,f,36,南京,2026-07-21,14411207788,user6912@example.com,金卡会员
U-JD-542306,jd_1215220,jd,用户7305,m,51,北京,2025-08-02,16546856246,user4900@example.com,银卡会员
U-JD-543057,jd_5538005,jd,用户3032,f,42,重庆,2026-05-09,19434177703,user9345@example.com,金卡会员
U-JD-543098,jd_6707321,jd,用户8726,m,45,上海,2026-01-08,16271916005,user4425@example.com,银卡会员
U-JD-543317,jd_6417608,jd,用户2112,m,38,西安,2026-12-12,14443587837,user2866@example.com,普通会员
U-JD-544104,jd_4907529,jd,用户2445,m,29,北京,2026-06-27,16862007190,user3761@example.com,钻石会员
U-JD-544647,jd_2474317,jd,用户4229,m,38,南京,2025-08-08,18320706200,user1615@example.com,金卡会员
U-JD-544926,jd_4168551,jd,用户2890,m,24,北京,2025-08-16,17704968311,user4080@example.com,银卡会员
U-JD-546848,jd_3429534,jd,用户1992,m,47,广州,2026-04-01,15743088696,user5424@example.com,普通会员
U-JD-548025,jd_7338497,jd,用户3011,m,18,武汉,2026-11-06,13111903052,user2520@example.com,银卡会员
U-JD-548052,jd_3308305,jd,用户2445,f,25,成都,2026-07-08,18603878499,user9976@example.com,钻石会员
U-JD-548571,jd_5579967,jd,用户1458,f,37,南京,2026-08-09,19718954237,user1843@example.com,金卡会员
U-JD-548623,jd_4541112,jd,用户2656,m,26,深圳,2026-02-04,17931418347,user9546@example.com,金卡会员
U-JD-548940,jd_9008427,jd,用户8054,f,55,深圳,2025-02-11,17993314662,user7009@example.com,银卡会员
U-JD-549545,jd_6489334,jd,用户1344,f,27,西安,2025-03-10,16968848129,user5128@example.com,钻石会员
U-JD-549720,jd_6442959,jd,用户4871,f,28,重庆,2026-03-20,17664047414,user3299@example.com,银卡会员
U-JD-549846,jd_4347448,jd,用户9237,m,22,深圳,2025-10-28,14865974516,user3807@example.com,银卡会员
U-JD-550173,jd_9262521,jd,用户2861,m,56,西安,2026-08-18,13375231885,user4021@example.com,普通会员
U-JD-551506,jd_9221785,jd,用户5157,f,47,广州,2026-12-22,18539712726,user8058@example.com,钻石会员
U-JD-552140,jd_2850397,jd,用户3237,f,35,西安,2026-06-11,15832004137,user3995@example.com,钻石会员
U-JD-553320,jd_3592921,jd,用户9220,f,46,武汉,2025-06-08,17467741046,user1383@example.com,普通会员
U-JD-553980,jd_4819619,jd,用户6412,m,27,成都,2026-06-01,17738741264,user2231@example.com,普通会员
U-JD-554036,jd_2550436,jd,用户9159,m,55,杭州,2025-02-01,13729777735,user4451@example.com,银卡会员
U-JD-555720,jd_4931555,jd,用户9813,f,59,南京,2025-02-08,17797910867,user4616@example.com,银卡会员
U-JD-555991,jd_7495593,jd,用户6058,m,33,北京,2025-04-28,15324533523,user3791@example.com,普通会员
U-JD-556543,jd_2110598,jd,用户8612,f,53,杭州,2026-04-17,18886121475,user7800@example.com,钻石会员
U-JD-556547,jd_8298301,jd,用户5708,f,55,成都,2026-06-14,18309441529,user6877@example.com,金卡会员
U-JD-556704,jd_9288732,jd,用户3054,f,21,武汉,2026-10-08,13793214440,user3839@example.com,金卡会员
U-JD-556709,jd_4342600,jd,用户7619,m,56,西安,2026-01-13,19460624612,user5399@example.com,钻石会员
U-JD-556992,jd_1782041,jd,用户1376,f,43,杭州,2026-02-12,16555914487,user9112@example.com,普通会员
U-JD-557433,jd_2342197,jd,用户4873,f,47,广州,2026-07-15,17638595851,user4750@example.com,钻石会员
U-JD-558230,jd_5397746,jd,用户6720,m,34,杭州,2025-10-24,18356440388,user9416@example.com,普通会员
U-JD-558565,jd_4351752,jd,用户8883,m,55,重庆,2025-07-28,14195290731,user1908@example.com,普通会员
U-JD-559304,jd_1380342,jd,用户6011,m,31,成都,2026-04-25,18212959607,user7316@example.com,钻石会员
U-JD-560665,jd_5370730,jd,用户1411,f,45,西安,2025-01-28,18144098132,user7606@example.com,银卡会员
U-JD-560955,jd_3182067,jd,用户4348,f,35,北京,2025-10-28,18815495965,user8900@example.com,银卡会员
U-JD-561541,jd_2675305,jd,用户7215,f,45,杭州,2026-02-19,16717648306,user3263@example.com,普通会员
U-JD-561946,jd_8362189,jd,用户5895,f,60,广州,2025-05-24,13567826165,user5637@example.com,银卡会员
U-JD-564207,jd_3987000,jd,用户2243,f,51,北京,2025-02-22,13332885178,user6510@example.com,金卡会员
U-JD-565451,jd_8087476,jd,用户1631,f,40,武汉,2026-09-24,16506960730,user1570@example.com,普通会员
U-JD-565924,jd_7675883,jd,用户8620,m,22,成都,2026-06-04,16604013248,user2217@example.com,普通会员
U-JD-566223,jd_6337244,jd,用户7213,m,43,北京,2025-06-06,19102364515,user9161@example.com,银卡会员
U-JD-566559,jd_4029000,jd,用户2802,f,43,上海,2025-12-14,16984333595,user8465@example.com,金卡会员
U-JD-566788,jd_6046015,jd,用户5925,m,43,上海,2026-09-23,18191196160,user7755@example.com,普通会员
U-JD-567995,jd_9897295,jd,用户7024,m,56,重庆,2025-11-25,13403097062,user7216@example.com,银卡会员
U-JD-568610,jd_3349135,jd,用户2917,f,56,武汉,2026-09-28,13757869300,user3124@example.com,银卡会员
U-JD-568623,jd_1391808,jd,用户8987,m,27,北京,2026-03-19,16954848227,user4916@example.com,银卡会员
U-JD-569144,jd_7118223,jd,用户4684,m,41,上海,2026-07-28,17538773439,user9069@example.com,金卡会员
U-JD-569825,jd_3118729,jd,用户8893,f,55,深圳,2025-01-02,19558674434,user8254@example.com,普通会员
U-JD-569869,jd_8162366,jd,用户5757,m,38,南京,2025-06-11,17933642068,user5054@example.com,银卡会员
U-JD-570616,jd_7419410,jd,用户7001,m,33,南京,2025-03-05,14707310019,user1012@example.com,金卡会员
U-JD-570804,jd_6760600,jd,用户1280,m,49,南京,2026-11-26,13184324486,user3930@example.com,银卡会员
U-JD-571051,jd_3798945,jd,用户5682,f,36,广州,2025-01-22,17641428976,user2304@example.com,银卡会员
U-JD-571349,jd_5173242,jd,用户4109,f,24,北京,2025-03-15,19450191446,user2318@example.com,金卡会员
U-JD-572444,jd_1564508,jd,用户6093,m,55,广州,2026-10-15,13623717761,user3244@example.com,钻石会员
U-JD-572768,jd_4117534,jd,用户3884,m,20,北京,2026-04-21,18144202667,user6021@example.com,金卡会员
U-JD-573200,jd_7638433,jd,用户8052,f,53,武汉,2025-08-22,18614017070,user8706@example.com,银卡会员
U-JD-573978,jd_7455216,jd,用户8318,f,25,成都,2025-04-10,19203120646,user6101@example.com,钻石会员
U-JD-574133,jd_5981178,jd,用户4693,m,45,北京,2026-11-28,19633688336,user7477@example.com,普通会员
U-JD-575572,jd_1679805,jd,用户3500,f,45,重庆,2026-01-13,13661698722,user4106@example.com,普通会员
U-JD-578176,jd_5603056,jd,用户2563,m,55,西安,2025-06-03,19839719943,user9083@example.com,金卡会员
U-JD-578194,jd_2925084,jd,用户6677,f,29,南京,2026-10-18,15277157989,user3089@example.com,钻石会员
U-JD-579513,jd_9029083,jd,用户2025,m,50,北京,2026-01-21,16920725206,user8164@example.com,普通会员
U-JD-580617,jd_8300776,jd,用户3835,m,47,成都,2026-11-16,13631229802,user7124@example.com,普通会员
U-JD-580886,jd_2742959,jd,用户8311,m,26,深圳,2025-08-27,19846946107,user3097@example.com,钻石会员
U-JD-581142,jd_1104056,jd,用户7900,m,36,广州,2025-04-10,13171535019,user1191@example.com,银卡会员
U-JD-581985,jd_4854583,jd,用户4854,m,59,杭州,2025-01-22,18882355842,user6416@example.com,钻石会员
U-JD-582652,jd_9260751,jd,用户8540,f,19,武汉,2026-01-27,19846471759,user6789@example.com,普通会员
U-JD-584055,jd_9476575,jd,用户8840,f,30,西安,2025-08-12,19494822016,user8908@example.com,银卡会员
U-JD-585638,jd_3535727,jd,用户8679,f,32,广州,2026-07-10,15669227746,user8470@example.com,钻石会员
U-JD-585966,jd_8274740,jd,用户8074,f,57,深圳,2026-03-20,14827766275,user8508@example.com,钻石会员
U-JD-586209,jd_8476140,jd,用户2681,f,36,北京,2025-01-27,19425173869,user9345@example.com,普通会员
U-JD-586268,jd_7990381,jd,用户7339,m,21,成都,2025-05-06,17187025114,user9176@example.com,银卡会员
U-JD-587652,jd_1981707,jd,用户7726,f,41,重庆,2026-07-15,14955411292,user2239@example.com,普通会员
U-JD-587669,jd_5178515,jd,用户9014,m,50,杭州,2026-10-04,17515469173,user9320@example.com,普通会员
U-JD-588425,jd_4074828,jd,用户3270,f,18,上海,2026-01-22,17725594552,user4151@example.com,钻石会员
U-JD-588852,jd_1840568,jd,用户8467,f,38,南京,2026-05-27,13555045351,user3891@example.com,普通会员
U-JD-589236,jd_7161802,jd,用户1588,f,36,重庆,2026-04-20,15467845650,user9134@example.com,普通会员
U-JD-590059,jd_4409176,jd,用户8096,m,36,北京,2025-04-08,14352530487,user5906@example.com,金卡会员
U-JD-590722,jd_9918163,jd,用户4280,m,52,成都,2026-05-09,14196977223,user7542@example.com,钻石会员
U-JD-590766,jd_8592851,jd,用户6550,f,31,深圳,2025-06-07,13991860123,user1131@example.com,银卡会员
U-JD-590857,jd_1139014,jd,用户1855,m,48,深圳,2026-10-07,18184092544,user9599@example.com,普通会员
U-JD-591188,jd_4696145,jd,用户8114,f,57,深圳,2026-05-23,13338530614,user2544@example.com,银卡会员
U-JD-591243,jd_1762908,jd,用户9419,f,20,武汉,2026-01-02,17964032993,user6665@example.com,钻石会员
U-JD-591565,jd_4291766,jd,用户5470,f,56,西安,2025-05-27,19786035000,user7275@example.com,银卡会员
U-JD-591866,jd_1100530,jd,用户9059,f,52,北京,2026-12-06,14909876832,user9056@example.com,钻石会员
U-JD-591920,jd_7682250,jd,用户3925,m,45,广州,2025-10-11,13623085246,user1256@example.com,银卡会员
U-JD-592285,jd_7366575,jd,用户8164,f,34,南京,2025-11-26,13754461390,user3888@example.com,银卡会员
U-JD-592985,jd_3430192,jd,用户3541,f,37,深圳,2026-09-16,14346807627,user8214@example.com,普通会员
U-JD-593427,jd_7496976,jd,用户1396,f,32,成都,2025-11-27,17560264962,user6943@example.com,银卡会员
U-JD-593791,jd_8665982,jd,用户7185,f,45,上海,2025-10-05,15892529612,user1331@example.com,钻石会员
U-JD-593802,jd_6044151,jd,用户6072,m,48,南京,2026-02-26,15446600555,user2119@example.com,普通会员
U-JD-594395,jd_5829532,jd,用户9634,m,32,广州,2025-10-07,14562931418,user6179@example.com,银卡会员
U-JD-595131,jd_2857341,jd,用户9408,f,22,武汉,2025-05-25,13266814876,user2408@example.com,金卡会员
U-JD-595132,jd_6073384,jd,用户4510,m,59,北京,2026-05-17,13125153649,user5665@example.com,普通会员
U-JD-595685,jd_7927842,jd,用户2229,m,50,西安,2025-02-15,13893460680,user9553@example.com,银卡会员
U-JD-597255,jd_9685192,jd,用户4535,f,33,重庆,2026-06-18,16252245851,user4209@example.com,钻石会员
U-JD-597411,jd_3544443,jd,用户9013,m,45,成都,2025-05-07,17785869559,user4090@example.com,银卡会员
U-JD-597484,jd_6363710,jd,用户9345,f,28,深圳,2026-06-12,15153102349,user5226@example.com,钻石会员
U-JD-597994,jd_8802150,jd,用户9850,f,51,深圳,2025-02-20,18635134890,user9008@example.com,钻石会员
U-JD-598659,jd_6402638,jd,用户7888,f,46,北京,2025-07-14,15720024295,user9797@example.com,钻石会员
U-JD-599921,jd_5186145,jd,用户9917,f,50,北京,2026-03-14,15614673662,user3746@example.com,银卡会员
U-JD-600748,jd_9245422,jd,用户9856,m,45,成都,2025-01-01,13109048346,user1702@example.com,金卡会员
U-JD-601017,jd_7107844,jd,用户8213,m,53,重庆,2025-11-05,14388918746,user2285@example.com,普通会员
U-JD-601383,jd_2122344,jd,用户4221,f,30,武汉,2025-09-23,19340344214,user5083@example.com,金卡会员
U-JD-601489,jd_4988679,jd,用户6196,m,53,西安,2026-11-21,18323118629,user2463@example.com,普通会员
U-JD-601507,jd_6878671,jd,用户9235,f,39,武汉,2025-03-01,16734412401,user9713@example.com,钻石会员
U-JD-602308,jd_6459066,jd,用户9524,f,57,西安,2026-11-13,14483105294,user4965@example.com,普通会员
U-JD-603405,jd_5649553,jd,用户3918,m,25,成都,2025-10-25,13350827820,user9188@example.com,银卡会员
U-JD-604071,jd_3772915,jd,用户6737,m,20,广州,2026-01-03,18858373004,user2130@example.com,普通会员
U-JD-604239,jd_5306403,jd,用户5741,m,45,重庆,2026-12-05,14341593533,user9715@example.com,银卡会员
U-JD-604312,jd_9734239,jd,用户1297,m,56,上海,2026-04-18,14843896117,user4922@example.com,普通会员
U-JD-604918,jd_9713792,jd,用户1170,m,49,南京,2026-09-15,17346107180,user6747@example.com,普通会员
U-JD-605259,jd_3066153,jd,用户8922,m,31,武汉,2026-12-19,15820597425,user8655@example.com,普通会员
U-JD-606936,jd_2300559,jd,用户1262,m,18,深圳,2026-06-14,15272225827,user1852@example.com,金卡会员
U-JD-607273,jd_1120851,jd,用户1712,m,54,成都,2026-03-21,17799973330,user5826@example.com,金卡会员
U-JD-610643,jd_5418509,jd,用户1549,f,25,南京,2025-08-23,19566560278,user8940@example.com,普通会员
U-JD-611774,jd_6477110,jd,用户6130,m,59,西安,2025-09-05,19446556841,user6522@example.com,钻石会员
U-JD-611965,jd_4133289,jd,用户2909,m,30,深圳,2025-05-02,17310709901,user8599@example.com,钻石会员
U-JD-612013,jd_2413130,jd,用户1010,f,28,北京,2025-02-20,19205924093,user7239@example.com,普通会员
U-JD-612826,jd_5025425,jd,用户3570,m,24,深圳,2026-11-19,16711740334,user1303@example.com,金卡会员
U-JD-616083,jd_6022230,jd,用户3981,m,27,上海,2025-06-17,14863851843,user5978@example.com,普通会员
U-JD-616599,jd_2944326,jd,用户9044,m,43,西安,2025-06-22,18722581306,user8192@example.com,银卡会员
U-JD-616647,jd_3887631,jd,用户2453,m,34,北京,2026-02-18,19304703505,user2068@example.com,钻石会员
U-JD-616934,jd_6852524,jd,用户3519,m,44,深圳,2026-04-19,18793248344,user1249@example.com,普通会员
U-JD-617966,jd_8434580,jd,用户9986,f,54,南京,2025-04-28,14834225327,user2459@example.com,普通会员
U-JD-618426,jd_8227136,jd,用户8603,m,27,重庆,2025-02-12,15536530311,user9191@example.com,金卡会员
U-JD-618743,jd_8092311,jd,用户2806,m,26,杭州,2025-05-13,16327540455,user1220@example.com,金卡会员
U-JD-618917,jd_5810623,jd,用户4530,f,60,成都,2025-04-22,15783639934,user1018@example.com,钻石会员
U-JD-619410,jd_2517792,jd,用户3237,f,25,成都,2026-12-24,17862269168,user7463@example.com,普通会员
U-JD-619629,jd_1182267,jd,用户6840,m,57,杭州,2026-01-20,14625910222,user7239@example.com,钻石会员
U-JD-619979,jd_6896651,jd,用户4506,f,28,西安,2025-09-01,16900518730,user2734@example.com,普通会员
U-JD-620253,jd_6516189,jd,用户4185,f,56,深圳,2025-10-27,18399960027,user3060@example.com,银卡会员
U-JD-620330,jd_6568600,jd,用户2071,m,28,深圳,2025-04-05,19125645521,user9683@example.com,银卡会员
U-JD-620527,jd_8808872,jd,用户6921,m,45,广州,2026-07-06,13907790797,user5053@example.com,普通会员
U-JD-620561,jd_3084106,jd,用户3017,m,51,西安,2025-03-08,14440748290,user5245@example.com,银卡会员
U-JD-620834,jd_6132527,jd,用户5744,f,38,深圳,2025-10-28,15275309442,user3778@example.com,普通会员
U-JD-621189,jd_5753883,jd,用户5554,f,47,成都,2026-06-05,18796420539,user4630@example.com,普通会员
U-JD-621724,jd_9985713,jd,用户4011,m,23,成都,2026-04-13,16148777025,user4355@example.com,银卡会员
U-JD-622169,jd_5603366,jd,用户4832,m,35,重庆,2025-12-01,13718189045,user5270@example.com,普通会员
U-JD-622284,jd_3613816,jd,用户5367,m,54,西安,2025-03-03,18161154720,user4370@example.com,金卡会员
U-JD-622334,jd_5353208,jd,用户1459,m,50,重庆,2026-02-05,19827943209,user2665@example.com,金卡会员
U-JD-622978,jd_6242225,jd,用户1128,f,22,杭州,2025-04-05,18534255466,user3192@example.com,普通会员
U-JD-623639,jd_3387444,jd,用户6367,f,20,广州,2026-11-16,15708482759,user1535@example.com,金卡会员
U-JD-626555,jd_9685334,jd,用户4820,m,24,西安,2025-07-26,13757444580,user9721@example.com,钻石会员
U-JD-628010,jd_9946247,jd,用户7047,m,33,重庆,2025-08-12,16522606954,user1230@example.com,钻石会员
U-JD-628098,jd_7656725,jd,用户2019,m,45,西安,2026-07-13,14321075034,user6316@example.com,金卡会员
U-JD-628689,jd_3851085,jd,用户5650,m,57,杭州,2025-03-21,16926297898,user3904@example.com,金卡会员
U-JD-629509,jd_4024070,jd,用户8278,m,36,重庆,2026-07-21,19668532088,user7447@example.com,普通会员
U-JD-629903,jd_5610719,jd,用户8927,m,29,南京,2025-06-24,16655478102,user9291@example.com,银卡会员
U-JD-630489,jd_9575252,jd,用户3671,m,50,重庆,2025-06-07,17921900075,user1631@example.com,普通会员
U-JD-631308,jd_8605207,jd,用户1218,m,26,成都,2025-11-25,14372084152,user1676@example.com,银卡会员
U-JD-632284,jd_7940834,jd,用户9613,m,50,武汉,2026-04-08,15920536143,user3464@example.com,金卡会员
U-JD-632711,jd_8790978,jd,用户5408,f,56,武汉,2026-09-24,17229067704,user5284@example.com,钻石会员
U-JD-632984,jd_5811412,jd,用户1723,f,32,武汉,2026-07-13,17609695008,user8671@example.com,钻石会员
U-JD-633253,jd_7100671,jd,用户9919,f,43,广州,2025-12-25,18962177186,user7725@example.com,金卡会员
U-JD-633402,jd_4039419,jd,用户7419,m,57,重庆,2026-02-12,17152022418,user9555@example.com,金卡会员
U-JD-634146,jd_4230758,jd,用户3377,f,26,北京,2026-10-27,14904057474,user8308@example.com,钻石会员
U-JD-634684,jd_7901052,jd,用户1831,f,42,武汉,2025-12-14,15382634680,user5658@example.com,普通会员
U-JD-634774,jd_7975852,jd,用户2438,f,21,重庆,2025-04-20,13453648616,user4288@example.com,普通会员
U-JD-635776,jd_6224109,jd,用户7047,m,19,西安,2025-10-05,13233489027,user8276@example.com,金卡会员
U-JD-636959,jd_8496920,jd,用户5561,m,36,杭州,2025-12-09,19572652441,user8781@example.com,银卡会员
U-JD-637145,jd_6452750,jd,用户5374,m,46,杭州,2025-04-18,19534326288,user6841@example.com,普通会员
U-JD-637732,jd_9634655,jd,用户1643,f,25,西安,2026-11-08,18990016370,user1832@example.com,银卡会员
U-JD-637819,jd_2699137,jd,用户8322,m,46,南京,2026-05-04,18197119025,user8613@example.com,普通会员
U-JD-639215,jd_6911655,jd,用户8411,m,58,深圳,2025-07-18,19936785281,user2721@example.com,银卡会员
U-JD-639670,jd_2269719,jd,用户9534,f,59,上海,2025-01-04,18530459064,user1645@example.com,普通会员
U-JD-640044,jd_3538269,jd,用户1174,f,44,西安,2026-02-19,16232104325,user8946@example.com,钻石会员
U-JD-640129,jd_3534230,jd,用户5021,m,47,武汉,2025-05-05,19576004731,user6144@example.com,银卡会员
U-JD-641227,jd_3539752,jd,用户4500,f,49,武汉,2026-01-28,15648936229,user3401@example.com,普通会员
U-JD-642359,jd_5316528,jd,用户2926,m,20,西安,2025-03-10,19369677905,user3191@example.com,普通会员
U-JD-644263,jd_3960487,jd,用户8906,f,45,上海,2025-02-15,18281952721,user8264@example.com,银卡会员
U-JD-644943,jd_7862979,jd,用户3113,m,18,杭州,2026-09-13,15950103696,user8207@example.com,金卡会员
U-JD-645035,jd_8940695,jd,用户9115,m,48,西安,2025-12-05,14668404970,user7721@example.com,普通会员
U-JD-646502,jd_1397492,jd,用户8653,f,52,西安,2026-05-05,18245892423,user9261@example.com,金卡会员
U-JD-646756,jd_8676600,jd,用户4628,m,59,深圳,2026-01-17,18911328772,user8053@example.com,钻石会员
U-JD-648339,jd_5604241,jd,用户9898,m,32,武汉,2026-01-06,14137244060,user2127@example.com,金卡会员
U-JD-648406,jd_3707508,jd,用户4134,m,33,杭州,2025-08-10,16535760853,user7441@example.com,普通会员
U-JD-648609,jd_2338204,jd,用户1622,f,55,深圳,2025-11-28,14379708680,user1578@example.com,金卡会员
U-JD-649593,jd_6257537,jd,用户5280,m,41,杭州,2026-04-20,14884077532,user4858@example.com,金卡会员
U-JD-650362,jd_4787435,jd,用户5289,m,38,上海,2025-09-04,14941694014,user7289@example.com,金卡会员
U-JD-650503,jd_3402786,jd,用户2828,f,58,南京,2025-12-26,13750329403,user5255@example.com,钻石会员
U-JD-650540,jd_1577983,jd,用户5470,f,41,重庆,2026-02-24,17225587721,user3128@example.com,钻石会员
U-JD-650691,jd_2499018,jd,用户8783,m,37,广州,2026-01-07,15371759880,user7374@example.com,普通会员
U-JD-650722,jd_1345077,jd,用户5149,f,57,西安,2025-05-10,19456883669,user5717@example.com,钻石会员
U-JD-651779,jd_9515679,jd,用户8120,f,54,成都,2025-04-01,17924720425,user8692@example.com,银卡会员
U-JD-653423,jd_1252021,jd,用户2246,f,22,武汉,2025-07-08,13935862468,user2099@example.com,金卡会员
U-JD-653766,jd_4196907,jd,用户6393,f,44,西安,2026-09-16,13319708169,user6257@example.com,银卡会员
U-JD-654172,jd_5505593,jd,用户5871,f,53,深圳,2026-08-09,18473691028,user4166@example.com,普通会员
U-JD-654361,jd_2208214,jd,用户9289,f,39,杭州,2025-02-23,13530227016,user2883@example.com,普通会员
U-JD-655628,jd_1399017,jd,用户8751,f,35,杭州,2026-08-19,16781333014,user6477@example.com,普通会员
U-JD-655772,jd_4572014,jd,用户2815,m,33,深圳,2026-01-11,18402911100,user5869@example.com,银卡会员
U-JD-656012,jd_8732915,jd,用户3948,m,46,广州,2025-02-28,17646173823,user7649@example.com,钻石会员
U-JD-656134,jd_2914673,jd,用户4210,m,23,杭州,2025-02-26,14973802516,user9117@example.com,钻石会员
U-JD-656158,jd_9332351,jd,用户1966,f,44,深圳,2026-10-07,15413168147,user2700@example.com,金卡会员
U-JD-656169,jd_4925197,jd,用户7727,f,37,上海,2026-09-15,14601985585,user2154@example.com,金卡会员
U-JD-656382,jd_6892056,jd,用户5148,m,21,杭州,2026-03-06,16463219653,user8431@example.com,普通会员
U-JD-656921,jd_3638774,jd,用户2667,m,22,南京,2025-12-22,13496839423,user1254@example.com,钻石会员
U-JD-657109,jd_4288503,jd,用户7503,f,19,西安,2025-10-11,15442962376,user8333@example.com,普通会员
U-JD-657214,jd_9138645,jd,用户8790,f,33,南京,2025-01-04,18341798719,user3314@example.com,金卡会员
U-JD-657419,jd_7096560,jd,用户6008,f,37,深圳,2025-08-20,19979151505,user4467@example.com,银卡会员
U-JD-658299,jd_1833068,jd,用户1907,f,21,上海,2026-12-25,14268855589,user9352@example.com,钻石会员
U-JD-658358,jd_5877226,jd,用户5838,f,35,广州,2026-01-27,15349231807,user2119@example.com,银卡会员
U-JD-658706,jd_4905619,jd,用户3724,f,21,北京,2026-01-27,16182659770,user4464@example.com,金卡会员
U-JD-660370,jd_6238329,jd,用户9795,m,49,广州,2026-08-21,13140930982,user5068@example.com,银卡会员
U-JD-662114,jd_8517894,jd,用户3424,m,34,西安,2026-09-02,17949563225,user2871@example.com,银卡会员
U-JD-662456,jd_7757204,jd,用户8157,m,43,武汉,2026-02-22,19826383123,user3686@example.com,银卡会员
U-JD-662713,jd_9364253,jd,用户8230,m,50,上海,2026-01-13,17883728778,user2434@example.com,银卡会员
U-JD-663061,jd_3421659,jd,用户4328,f,31,重庆,2026-08-22,15692796150,user7045@example.com,金卡会员
U-JD-663693,jd_8427813,jd,用户4244,m,22,深圳,2025-02-24,14589602448,user6720@example.com,金卡会员
U-JD-664453,jd_9948721,jd,用户6991,m,43,深圳,2026-01-20,14135313713,user9080@example.com,普通会员
U-JD-664521,jd_5079505,jd,用户5785,f,48,杭州,2026-07-19,14808055262,user5205@example.com,银卡会员
U-JD-665833,jd_6460468,jd,用户3522,f,34,重庆,2025-09-28,16879436086,user1292@example.com,银卡会员
U-JD-666827,jd_5260479,jd,用户8537,m,46,重庆,2026-11-23,17267975385,user7051@example.com,钻石会员
U-JD-667184,jd_3185809,jd,用户4048,m,56,深圳,2025-03-20,13301656897,user2226@example.com,普通会员
U-JD-667544,jd_8398674,jd,用户9518,m,50,上海,2026-06-14,17910164595,user5331@example.com,金卡会员
U-JD-669942,jd_3539365,jd,用户3348,m,20,广州,2026-07-10,17187130716,user1538@example.com,钻石会员
U-JD-670131,jd_7148755,jd,用户4987,f,42,重庆,2025-11-03,16654626168,user2023@example.com,钻石会员
U-JD-670450,jd_4001406,jd,用户3212,f,18,南京,2025-05-16,19438912694,user5900@example.com,钻石会员
U-JD-672584,jd_7758754,jd,用户5197,f,23,南京,2025-03-02,18292631266,user5590@example.com,金卡会员
U-JD-673085,jd_8382884,jd,用户7547,m,46,杭州,2025-11-18,15647998520,user1979@example.com,银卡会员
U-JD-673299,jd_9999174,jd,用户1451,f,32,杭州,2026-08-16,15493685395,user3041@example.com,金卡会员
U-JD-673946,jd_8083892,jd,用户9401,m,21,成都,2026-11-12,19748979248,user6593@example.com,金卡会员
U-JD-674275,jd_7744962,jd,用户8280,f,59,北京,2026-12-02,15874050236,user3179@example.com,金卡会员
U-JD-675316,jd_7233190,jd,用户6491,f,56,重庆,2026-06-05,16610417859,user1069@example.com,金卡会员
U-JD-675453,jd_7884820,jd,用户9402,m,44,南京,2026-08-02,19871154248,user9204@example.com,钻石会员
U-JD-675496,jd_7281382,jd,用户1164,f,29,北京,2026-10-28,15972797702,user7607@example.com,金卡会员
U-JD-675913,jd_9144363,jd,用户1302,f,50,广州,2025-09-26,19389542794,user6945@example.com,钻石会员
U-JD-676060,jd_6463084,jd,用户4518,f,54,南京,2026-08-13,19408923434,user6566@example.com,金卡会员
U-JD-676262,jd_2873673,jd,用户6800,f,20,杭州,2025-07-06,14242287775,user9540@example.com,钻石会员
U-JD-677535,jd_3694642,jd,用户1002,f,35,北京,2026-03-26,15453745509,user6775@example.com,普通会员
U-JD-679162,jd_5802075,jd,用户2733,f,49,北京,2025-03-12,13148658325,user7583@example.com,银卡会员
U-JD-679671,jd_4300761,jd,用户5948,f,21,重庆,2026-02-06,18453925310,user9227@example.com,钻石会员
U-JD-679777,jd_4393184,jd,用户1097,f,57,杭州,2025-05-17,13462871149,user8493@example.com,银卡会员
U-JD-679961,jd_2194289,jd,用户4921,f,47,成都,2025-08-05,14521841669,user4839@example.com,钻石会员
U-JD-680216,jd_9442367,jd,用户2391,m,34,南京,2026-08-14,17692882280,user6449@example.com,银卡会员
U-JD-680556,jd_6636383,jd,用户4084,f,22,深圳,2026-10-05,13145332472,user9354@example.com,普通会员
U-JD-681301,jd_6767230,jd,用户3121,f,29,杭州,2025-06-15,16201200469,user4703@example.com,金卡会员
U-JD-681694,jd_4906951,jd,用户3745,f,33,广州,2026-11-27,15466667837,user4686@example.com,钻石会员
U-JD-683638,jd_1816398,jd,用户2192,f,41,重庆,2025-04-28,18522236910,user5135@example.com,金卡会员
U-JD-683735,jd_8030461,jd,用户6211,f,48,成都,2025-07-15,18967965995,user6716@example.com,普通会员
U-JD-683773,jd_7056506,jd,用户9548,f,58,杭州,2026-06-24,13145432881,user2816@example.com,银卡会员
U-JD-685763,jd_4398035,jd,用户1760,f,43,上海,2025-08-04,18607535623,user8556@example.com,银卡会员
U-JD-685973,jd_5251250,jd,用户9330,m,31,南京,2026-12-07,14414244444,user1496@example.com,金卡会员
U-JD-686700,jd_3377067,jd,用户2652,m,25,北京,2026-07-09,14322643211,user6106@example.com,普通会员
U-JD-687168,jd_4162699,jd,用户9765,f,47,上海,2026-09-10,17825597882,user4766@example.com,银卡会员
U-JD-687416,jd_6103112,jd,用户2630,m,20,西安,2026-10-21,13623789557,user7672@example.com,普通会员
U-JD-687800,jd_6783090,jd,用户2268,f,21,杭州,2026-06-06,13605052199,user8792@example.com,银卡会员
U-JD-687984,jd_2166656,jd,用户3098,f,20,北京,2025-10-13,17249088354,user7705@example.com,金卡会员
U-JD-688879,jd_5394270,jd,用户8091,m,31,重庆,2026-05-15,13613057012,user8596@example.com,银卡会员
U-JD-689443,jd_8580230,jd,用户4162,f,58,西安,2025-02-13,17902241825,user5384@example.com,银卡会员
U-JD-689510,jd_2220591,jd,用户8150,f,60,上海,2025-01-15,18546440943,user4110@example.com,普通会员
U-JD-690263,jd_1069081,jd,用户4387,m,35,上海,2026-04-06,13522072259,user1959@example.com,钻石会员
U-JD-690516,jd_6856412,jd,用户9688,m,44,杭州,2026-10-09,16602130685,user9042@example.com,钻石会员
U-JD-690545,jd_2256907,jd,用户4655,f,30,重庆,2025-07-19,15111502088,user6582@example.com,普通会员
U-JD-690781,jd_2437290,jd,用户2893,f,33,南京,2026-11-25,16916025620,user6633@example.com,普通会员
U-JD-691267,jd_5173438,jd,用户5652,f,51,广州,2026-01-25,19198662951,user4660@example.com,普通会员
U-JD-691530,jd_3140209,jd,用户9349,m,41,北京,2025-03-25,15716693703,user7380@example.com,普通会员
U-JD-692926,jd_6665022,jd,用户9837,m,50,杭州,2025-09-25,19679886813,user8164@example.com,银卡会员
U-JD-693069,jd_7537295,jd,用户3174,m,37,广州,2025-05-03,15580249459,user8911@example.com,普通会员
U-JD-693242,jd_8022049,jd,用户4772,f,34,深圳,2026-11-28,13487648723,user8055@example.com,普通会员
U-JD-693839,jd_6753963,jd,用户4715,f,54,上海,2025-12-27,14504181269,user4135@example.com,普通会员
U-JD-694195,jd_6014966,jd,用户1082,f,40,上海,2025-07-22,15638502317,user3578@example.com,钻石会员
U-JD-694325,jd_8513165,jd,用户1085,m,25,西安,2026-04-05,16913779312,user9471@example.com,金卡会员
U-JD-694354,jd_1938617,jd,用户9070,f,34,广州,2026-05-18,16761109963,user2450@example.com,银卡会员
U-JD-694634,jd_3601213,jd,用户3126,f,57,北京,2026-01-24,17459918360,user2766@example.com,钻石会员
U-JD-694760,jd_6279849,jd,用户3713,m,53,上海,2026-01-06,14801574404,user2038@example.com,银卡会员
U-JD-695298,jd_4929320,jd,用户4987,m,41,上海,2025-02-21,13723138297,user7043@example.com,普通会员
U-JD-695637,jd_3923720,jd,用户8282,m,33,广州,2025-12-09,13219796360,user7519@example.com,普通会员
U-JD-695697,jd_8927909,jd,用户9620,m,60,北京,2025-02-13,15198799371,user9354@example.com,金卡会员
U-JD-695891,jd_3854177,jd,用户1910,m,43,深圳,2026-06-14,13432389142,user1544@example.com,钻石会员
U-JD-696868,jd_7587472,jd,用户5946,m,59,重庆,2026-01-04,19689893039,user5613@example.com,金卡会员
U-JD-697271,jd_9994160,jd,用户4108,f,22,重庆,2026-02-23,15311864591,user8505@example.com,普通会员
U-JD-697442,jd_8045752,jd,用户2792,f,19,重庆,2026-03-22,14957026474,user5311@example.com,钻石会员
U-JD-698043,jd_9842336,jd,用户4987,f,35,武汉,2026-12-10,14492057680,user9197@example.com,普通会员
U-JD-698235,jd_2997269,jd,用户8038,f,48,杭州,2025-10-15,17574891113,user2155@example.com,普通会员
U-JD-701497,jd_3801501,jd,用户6162,f,36,南京,2025-08-22,14482386518,user9294@example.com,银卡会员
U-JD-701922,jd_9440078,jd,用户4379,f,45,成都,2026-07-20,14325265971,user7226@example.com,金卡会员
U-JD-704043,jd_1257081,jd,用户2902,f,46,上海,2026-05-03,17317683782,user7958@example.com,金卡会员
U-JD-704664,jd_7979475,jd,用户5874,f,52,北京,2025-05-04,15859035829,user5432@example.com,钻石会员
U-JD-704812,jd_5297916,jd,用户5631,f,50,上海,2026-03-19,16715656597,user3710@example.com,金卡会员
U-JD-706089,jd_4899050,jd,用户2532,m,49,上海,2025-02-16,13218405154,user3763@example.com,普通会员
U-JD-707461,jd_1875948,jd,用户9332,m,44,重庆,2026-08-19,16921198559,user1906@example.com,金卡会员
U-JD-707596,jd_2069930,jd,用户4582,m,46,广州,2026-08-04,18710665162,user2829@example.com,银卡会员
U-JD-707763,jd_5178051,jd,用户8656,m,30,成都,2025-12-27,13852467455,user4803@example.com,金卡会员
U-JD-707890,jd_4581767,jd,用户7250,f,19,上海,2025-02-21,18442992165,user8881@example.com,钻石会员
U-JD-707894,jd_3708083,jd,用户2403,m,25,武汉,2026-04-19,16988494930,user4462@example.com,普通会员
U-JD-708625,jd_7393305,jd,用户6459,m,21,杭州,2026-10-12,17857643069,user1389@example.com,银卡会员
U-JD-708817,jd_3033352,jd,用户3238,m,52,杭州,2026-03-05,13871839203,user8493@example.com,金卡会员
U-JD-708890,jd_4610012,jd,用户7572,m,58,北京,2026-10-08,14990903225,user3346@example.com,普通会员
U-JD-708908,jd_6903170,jd,用户7859,m,20,北京,2025-06-17,15266275682,user2574@example.com,普通会员
U-JD-709126,jd_1959449,jd,用户9292,f,21,西安,2026-10-22,17287096434,user3876@example.com,普通会员
U-JD-709320,jd_8064637,jd,用户1522,f,58,深圳,2025-04-16,16913406823,user4866@example.com,普通会员
U-JD-709669,jd_6969778,jd,用户7578,m,46,杭州,2025-05-15,18606754742,user4850@example.com,钻石会员
U-JD-709783,jd_4997450,jd,用户9308,m,19,南京,2025-07-07,18157155308,user9891@example.com,金卡会员
U-JD-709841,jd_7242044,jd,用户9686,f,50,重庆,2025-01-07,16220307098,user2722@example.com,钻石会员
U-JD-709863,jd_2742537,jd,用户2071,m,55,重庆,2025-06-21,14253810005,user5949@example.com,金卡会员
U-JD-710061,jd_9154107,jd,用户3973,m,34,上海,2026-10-28,17979519421,user5527@example.com,钻石会员
U-JD-711599,jd_9018973,jd,用户2740,f,48,杭州,2026-09-03,19510890118,user5701@example.com,钻石会员
U-JD-711673,jd_3883461,jd,用户7569,f,35,西安,2026-09-10,13151794826,user9266@example.com,普通会员
U-JD-711765,jd_9554687,jd,用户5110,f,18,成都,2025-02-19,17605647171,user2432@example.com,普通会员
U-JD-712242,jd_3335106,jd,用户1382,f,44,深圳,2025-08-21,13484374960,user3228@example.com,银卡会员
U-JD-712717,jd_3706218,jd,用户5088,m,36,上海,2026-11-06,17949759501,user2805@example.com,银卡会员
U-JD-712819,jd_1437483,jd,用户3180,m,54,武汉,2026-12-19,14139913566,user2912@example.com,金卡会员
U-JD-713524,jd_2618191,jd,用户3702,f,53,西安,2026-03-17,19735926210,user1845@example.com,钻石会员
U-JD-713712,jd_8740845,jd,用户3358,f,46,南京,2025-11-07,17354945090,user2549@example.com,金卡会员
U-JD-713821,jd_9256300,jd,用户3264,m,49,重庆,2025-09-18,13735044351,user2111@example.com,普通会员
U-JD-713823,jd_9890291,jd,用户2559,f,21,广州,2026-12-22,14500323021,user1883@example.com,银卡会员
U-JD-715352,jd_4561596,jd,用户1151,m,22,上海,2026-11-06,16871694167,user8731@example.com,普通会员
U-JD-715451,jd_6763086,jd,用户9475,f,30,重庆,2025-01-27,17750879721,user1799@example.com,普通会员
U-JD-715686,jd_5295329,jd,用户6057,f,59,杭州,2025-07-23,19963867021,user9540@example.com,钻石会员
U-JD-716098,jd_4492800,jd,用户2354,m,29,广州,2026-11-08,19539493603,user2235@example.com,普通会员
U-JD-716485,jd_8355808,jd,用户5332,m,37,广州,2025-08-16,18749084251,user1891@example.com,金卡会员
U-JD-717180,jd_1710139,jd,用户6101,f,24,广州,2025-06-08,17517143651,user4767@example.com,金卡会员
U-JD-717248,jd_1833545,jd,用户4565,f,40,重庆,2026-02-10,16227880855,user2834@example.com,钻石会员
U-JD-718397,jd_7272692,jd,用户2668,m,21,重庆,2026-07-12,17510483974,user7911@example.com,银卡会员
U-JD-719636,jd_6396789,jd,用户9844,f,19,南京,2026-01-17,13328592720,user5747@example.com,钻石会员
U-JD-721331,jd_3599782,jd,用户7398,f,24,南京,2025-03-11,17515728235,user9305@example.com,普通会员
U-JD-721857,jd_6844322,jd,用户6478,f,55,西安,2025-03-25,14843316658,user8205@example.com,普通会员
U-JD-722767,jd_9656416,jd,用户2509,m,22,杭州,2026-02-28,19475491633,user2183@example.com,普通会员
U-JD-722967,jd_9390861,jd,用户2798,f,51,西安,2026-07-18,18572114957,user4266@example.com,银卡会员
U-JD-724199,jd_8342708,jd,用户9648,m,22,重庆,2025-01-03,15232389160,user7001@example.com,银卡会员
U-JD-724664,jd_7663008,jd,用户1848,f,49,西安,2026-10-11,16682867491,user6403@example.com,金卡会员
U-JD-724702,jd_3059772,jd,用户6203,m,40,杭州,2025-01-19,14818318097,user2686@example.com,金卡会员
U-JD-725362,jd_7805379,jd,用户9193,m,28,杭州,2025-01-18,13466444778,user4419@example.com,金卡会员
U-JD-725760,jd_8463175,jd,用户6502,f,33,西安,2026-07-25,14953709551,user8582@example.com,钻石会员
U-JD-725780,jd_2758500,jd,用户5533,m,48,武汉,2026-07-15,17514190127,user3189@example.com,普通会员
U-JD-726033,jd_7964061,jd,用户2742,m,40,南京,2025-03-27,18366557517,user8476@example.com,普通会员
U-JD-726036,jd_6242971,jd,用户1755,f,54,杭州,2025-10-28,14127888679,user9235@example.com,银卡会员
U-JD-726559,jd_4383648,jd,用户3706,f,25,杭州,2026-10-24,17334086105,user9789@example.com,普通会员
U-JD-727362,jd_2735539,jd,用户1645,m,31,上海,2025-05-27,13697238262,user9127@example.com,金卡会员
U-JD-727508,jd_6975082,jd,用户2524,f,57,西安,2025-07-24,17979434736,user4569@example.com,普通会员
U-JD-727828,jd_6848417,jd,用户7447,m,29,成都,2025-08-23,17906927619,user8962@example.com,钻石会员
U-JD-728135,jd_7944092,jd,用户3649,m,55,深圳,2025-01-13,16808595601,user2969@example.com,普通会员
U-JD-728155,jd_8352469,jd,用户4475,m,35,上海,2025-12-17,17898097331,user1706@example.com,金卡会员
U-JD-728868,jd_6255042,jd,用户9026,m,35,北京,2025-07-17,19538804332,user8396@example.com,银卡会员
U-JD-729172,jd_2034235,jd,用户2082,m,19,重庆,2026-11-20,17491236154,user4627@example.com,金卡会员
U-JD-729208,jd_1165793,jd,用户5241,f,42,深圳,2025-10-24,13463686627,user9267@example.com,普通会员
U-JD-729347,jd_6954139,jd,用户4792,f,59,深圳,2026-01-02,15155561705,user2765@example.com,金卡会员
U-JD-729814,jd_9325322,jd,用户8461,m,45,南京,2026-04-05,16875056703,user4979@example.com,银卡会员
U-JD-730076,jd_4971386,jd,用户2161,m,50,南京,2025-01-12,16314483655,user8707@example.com,钻石会员
U-JD-730149,jd_8398595,jd,用户2504,m,39,北京,2026-02-02,15855197102,user7086@example.com,普通会员
U-JD-730429,jd_8235285,jd,用户2943,f,38,杭州,2026-07-04,15284763551,user7152@example.com,金卡会员
U-JD-731269,jd_1816617,jd,用户8938,m,38,南京,2025-08-02,13286580006,user8185@example.com,金卡会员
U-JD-731847,jd_9819827,jd,用户1671,m,38,西安,2025-02-04,14301557850,user1016@example.com,钻石会员
U-JD-731869,jd_9922299,jd,用户5668,f,26,南京,2026-11-05,18364309927,user7782@example.com,普通会员
U-JD-733034,jd_9467851,jd,用户3369,m,19,北京,2026-06-06,19402193766,user1970@example.com,钻石会员
U-JD-734537,jd_5570437,jd,用户9275,f,30,西安,2026-07-25,16422579498,user4068@example.com,银卡会员
U-JD-735444,jd_2231246,jd,用户4064,f,42,杭州,2025-01-18,19334170820,user9349@example.com,银卡会员
U-JD-735806,jd_8228265,jd,用户4356,m,30,南京,2025-08-20,15123248888,user7281@example.com,钻石会员
U-JD-735848,jd_2281749,jd,用户3524,f,55,成都,2025-06-10,15128799185,user9971@example.com,银卡会员
U-JD-736230,jd_7945051,jd,用户8205,f,48,重庆,2026-02-05,17364079600,user3358@example.com,金卡会员
U-JD-736268,jd_8805174,jd,用户6886,f,29,南京,2025-06-12,17148725542,user4067@example.com,钻石会员
U-JD-736565,jd_7672101,jd,用户5821,m,50,重庆,2026-11-21,17614342058,user5732@example.com,普通会员
U-JD-737454,jd_7616278,jd,用户3882,m,26,深圳,2026-12-04,17992342563,user9098@example.com,钻石会员
U-JD-738693,jd_4437291,jd,用户2171,f,24,武汉,2026-05-27,19619297811,user7268@example.com,钻石会员
U-JD-738878,jd_6917494,jd,用户1548,m,27,重庆,2025-05-13,14680259510,user5893@example.com,钻石会员
U-JD-742237,jd_5972724,jd,用户5514,m,18,武汉,2026-02-01,17458626811,user4948@example.com,钻石会员
U-JD-742839,jd_2138947,jd,用户5080,f,52,成都,2025-12-26,17285465223,user2205@example.com,钻石会员
U-JD-742959,jd_8456484,jd,用户9520,m,30,上海,2026-01-14,19183827594,user1353@example.com,普通会员
U-JD-743117,jd_6942372,jd,用户2949,m,26,南京,2026-07-17,14988421704,user6505@example.com,钻石会员
U-JD-743154,jd_4115662,jd,用户2035,m,29,深圳,2025-07-27,13337224976,user4099@example.com,金卡会员
U-JD-743732,jd_4929456,jd,用户1932,f,20,西安,2025-03-18,14495786424,user8256@example.com,金卡会员
U-JD-744297,jd_5365745,jd,用户6393,f,31,武汉,2026-06-17,17280865082,user3313@example.com,普通会员
U-JD-744542,jd_8190356,jd,用户6137,f,37,深圳,2026-05-24,15699343880,user7323@example.com,钻石会员
U-JD-744734,jd_6560213,jd,用户8476,f,28,西安,2025-10-28,17934213365,user2736@example.com,钻石会员
U-JD-745063,jd_7907075,jd,用户6292,m,30,北京,2025-11-10,14497384213,user6872@example.com,普通会员
U-JD-745801,jd_4623900,jd,用户4935,f,34,杭州,2025-12-04,19960224585,user2866@example.com,钻石会员
U-JD-746816,jd_2481945,jd,用户3579,f,37,成都,2026-09-09,16146382876,user2727@example.com,普通会员
U-JD-747284,jd_8647561,jd,用户1130,m,44,杭州,2025-07-21,19880869241,user2891@example.com,金卡会员
U-JD-747469,jd_6643089,jd,用户4825,m,43,北京,2026-02-17,15242038908,user6927@example.com,银卡会员
U-JD-748744,jd_3027550,jd,用户3084,f,47,深圳,2025-08-08,18557700118,user9478@example.com,银卡会员
U-JD-749756,jd_6812990,jd,用户3514,m,53,上海,2026-05-11,14894837111,user9182@example.com,钻石会员
U-JD-749778,jd_1923609,jd,用户4844,f,52,南京,2025-06-24,18537998513,user3423@example.com,银卡会员
U-JD-750518,jd_8644627,jd,用户3319,f,27,深圳,2026-06-25,18252451264,user6876@example.com,银卡会员
U-JD-751464,jd_5880405,jd,用户2715,m,41,深圳,2026-12-19,19707378066,user7335@example.com,金卡会员
U-JD-752164,jd_3561741,jd,用户3348,m,52,深圳,2025-11-27,16324642299,user5841@example.com,普通会员
U-JD-753151,jd_3587531,jd,用户7612,m,20,北京,2026-04-25,16508678320,user9375@example.com,银卡会员
U-JD-753735,jd_6381447,jd,用户3404,m,57,重庆,2025-10-05,19788648635,user7697@example.com,银卡会员
U-JD-753940,jd_4184058,jd,用户7002,f,23,上海,2026-05-04,17823925132,user2218@example.com,金卡会员
U-JD-755232,jd_1886122,jd,用户6686,f,52,深圳,2025-09-27,15834542386,user2090@example.com,银卡会员
U-JD-755895,jd_6140802,jd,用户9910,f,34,西安,2026-12-26,18152603891,user3175@example.com,金卡会员
U-JD-756069,jd_8810499,jd,用户3028,f,50,深圳,2025-05-15,13820079360,user7730@example.com,银卡会员
U-JD-756731,jd_7157551,jd,用户2202,m,25,杭州,2026-07-27,14730433302,user4995@example.com,银卡会员
U-JD-758617,jd_7613250,jd,用户3004,f,38,广州,2025-01-13,19404213177,user5046@example.com,银卡会员
U-JD-758694,jd_2032964,jd,用户6085,f,44,深圳,2025-05-06,19701318020,user6006@example.com,普通会员
U-JD-759891,jd_6512946,jd,用户1937,f,51,重庆,2025-05-11,14862448796,user5802@example.com,银卡会员
U-JD-759952,jd_8440019,jd,用户8366,m,18,南京,2026-08-22,16889245725,user2566@example.com,金卡会员
U-JD-760211,jd_2475648,jd,用户5945,f,40,上海,2026-09-10,16742044317,user8504@example.com,银卡会员
U-JD-761898,jd_9892074,jd,用户1785,m,41,西安,2026-11-11,13747069614,user9755@example.com,普通会员
U-JD-761909,jd_9250430,jd,用户8670,f,37,广州,2025-04-21,15693423956,user1773@example.com,银卡会员
U-JD-765329,jd_6870178,jd,用户3444,f,53,广州,2026-12-11,13189014188,user7397@example.com,普通会员
U-JD-765330,jd_3182761,jd,用户7021,m,30,重庆,2025-02-17,16888862889,user9770@example.com,普通会员
U-JD-765642,jd_3384136,jd,用户7873,m,54,北京,2025-01-07,14608848821,user6602@example.com,钻石会员
U-JD-765738,jd_9613835,jd,用户2453,m,26,上海,2025-03-27,18153373262,user8641@example.com,金卡会员
U-JD-766267,jd_1214767,jd,用户2788,m,27,深圳,2025-03-12,14495930090,user9059@example.com,钻石会员
U-JD-766814,jd_2387282,jd,用户6433,m,60,西安,2025-10-21,18405096752,user7626@example.com,金卡会员
U-JD-768527,jd_1100479,jd,用户8399,f,58,西安,2025-12-26,19133025190,user8586@example.com,钻石会员
U-JD-768885,jd_5511851,jd,用户2485,f,18,武汉,2025-10-01,19285473284,user6721@example.com,钻石会员
U-JD-769016,jd_4428337,jd,用户9629,m,23,重庆,2026-12-19,18145698850,user8012@example.com,钻石会员
U-JD-769237,jd_9517503,jd,用户7725,m,32,上海,2026-06-18,15667871970,user4416@example.com,银卡会员
U-JD-769731,jd_5659403,jd,用户9111,f,38,成都,2026-09-03,14600240803,user2910@example.com,钻石会员
U-JD-770142,jd_1065216,jd,用户1665,m,36,上海,2025-06-09,18138064986,user9412@example.com,金卡会员
U-JD-770864,jd_9884496,jd,用户5493,f,39,南京,2025-02-20,18567152973,user6447@example.com,普通会员
U-JD-771375,jd_2064751,jd,用户1006,m,39,深圳,2025-07-04,19432309873,user7559@example.com,银卡会员
U-JD-771572,jd_9423541,jd,用户9376,f,35,广州,2026-04-22,19882132918,user3091@example.com,普通会员
U-JD-773273,jd_1950950,jd,用户3998,f,57,武汉,2026-09-11,15946943541,user9664@example.com,银卡会员
U-JD-773358,jd_6707028,jd,用户2510,f,35,成都,2025-01-19,19417843841,user9285@example.com,金卡会员
U-JD-773795,jd_6234826,jd,用户4914,m,26,重庆,2025-11-02,16590008312,user9282@example.com,普通会员
U-JD-774837,jd_6847115,jd,用户8164,m,31,武汉,2025-08-22,16304557943,user2625@example.com,银卡会员
U-JD-774911,jd_3010648,jd,用户6660,m,31,广州,2026-10-01,15224522038,user8591@example.com,钻石会员
U-JD-775835,jd_9554441,jd,用户5350,f,33,广州,2026-01-24,13910633831,user9281@example.com,普通会员
U-JD-776002,jd_9768170,jd,用户7688,f,47,杭州,2026-01-04,14948893477,user2695@example.com,钻石会员
U-JD-776894,jd_8918601,jd,用户2775,m,52,上海,2025-03-24,13520886134,user3719@example.com,银卡会员
U-JD-777306,jd_8002878,jd,用户2033,f,32,武汉,2025-04-11,16598579576,user2015@example.com,金卡会员
U-JD-777345,jd_6518672,jd,用户6123,f,43,广州,2026-02-02,15709320994,user8001@example.com,金卡会员
U-JD-778797,jd_5762628,jd,用户5008,m,47,武汉,2026-03-11,13903581509,user5421@example.com,钻石会员
U-JD-778915,jd_5629401,jd,用户5527,m,40,南京,2025-09-26,13451608145,user1643@example.com,钻石会员
U-JD-778987,jd_6111211,jd,用户3092,f,28,南京,2026-05-08,17898706547,user5304@example.com,金卡会员
U-JD-779963,jd_8479822,jd,用户8052,f,53,广州,2025-07-28,18847578109,user2675@example.com,银卡会员
U-JD-780413,jd_6281380,jd,用户6049,f,44,杭州,2025-05-10,17267301811,user6864@example.com,钻石会员
U-JD-780548,jd_3211291,jd,用户3838,m,19,上海,2026-06-20,18611496729,user6610@example.com,钻石会员
U-JD-781506,jd_6191003,jd,用户4855,m,20,北京,2025-10-19,19466316360,user8680@example.com,金卡会员
U-JD-783526,jd_6692531,jd,用户6284,f,41,南京,2025-11-25,17982893326,user3561@example.com,金卡会员
U-JD-784650,jd_5192509,jd,用户3688,f,27,重庆,2025-07-11,16162464584,user8775@example.com,普通会员
U-JD-785141,jd_8517013,jd,用户4522,m,20,成都,2026-02-15,17765165836,user7219@example.com,钻石会员
U-JD-785798,jd_2373530,jd,用户6617,f,51,南京,2025-01-25,15397448529,user5231@example.com,银卡会员
U-JD-785845,jd_1438060,jd,用户5341,f,45,广州,2026-01-06,13436358757,user8107@example.com,银卡会员
U-JD-786012,jd_3608908,jd,用户6443,m,41,南京,2026-08-14,18735873828,user6678@example.com,普通会员
U-JD-786032,jd_1351331,jd,用户9951,m,42,深圳,2026-10-05,16886876843,user8987@example.com,普通会员
U-JD-786133,jd_6770334,jd,用户9595,m,35,杭州,2026-05-10,13604065364,user7499@example.com,银卡会员
U-JD-786148,jd_3804537,jd,用户2774,m,24,上海,2026-03-04,13510166007,user3283@example.com,钻石会员
U-JD-787043,jd_8988024,jd,用户5502,f,33,成都,2025-11-12,19139848850,user4489@example.com,银卡会员
U-JD-787688,jd_6441577,jd,用户2310,m,56,深圳,2025-10-17,18480079288,user2049@example.com,普通会员
U-JD-788996,jd_5557136,jd,用户4637,f,23,成都,2026-09-22,18331912314,user1523@example.com,银卡会员
U-JD-790038,jd_8940859,jd,用户9316,m,44,北京,2025-10-16,15613999406,user3924@example.com,银卡会员
U-JD-790213,jd_6539959,jd,用户2309,m,44,杭州,2026-08-03,17801348497,user7479@example.com,银卡会员
U-JD-790362,jd_2285341,jd,用户4098,f,57,杭州,2026-10-05,18565792157,user5268@example.com,普通会员
U-JD-790566,jd_6438715,jd,用户5138,m,42,南京,2026-01-06,17236005600,user8732@example.com,银卡会员
U-JD-790690,jd_9393573,jd,用户5040,f,18,深圳,2026-06-24,15897189163,user3720@example.com,金卡会员
U-JD-790912,jd_3714942,jd,用户4681,m,28,重庆,2026-12-13,13242022317,user4226@example.com,普通会员
U-JD-791643,jd_5340771,jd,用户9369,f,28,成都,2026-01-11,19115787315,user6450@example.com,金卡会员
U-JD-792502,jd_4090266,jd,用户4670,f,38,西安,2026-02-04,17456689190,user4386@example.com,普通会员
U-JD-792583,jd_7670494,jd,用户6663,m,57,北京,2026-09-13,16855369356,user5706@example.com,金卡会员
U-JD-793393,jd_7475321,jd,用户8743,f,39,深圳,2025-08-14,19642855622,user6193@example.com,普通会员
U-JD-794316,jd_8215177,jd,用户1271,m,45,武汉,2025-10-15,19501186335,user7508@example.com,银卡会员
U-JD-796227,jd_6108731,jd,用户8087,m,39,杭州,2025-10-16,15242101840,user7210@example.com,普通会员
U-JD-796244,jd_2744961,jd,用户1209,f,30,上海,2026-03-19,19485616872,user8146@example.com,普通会员
U-JD-796251,jd_5794263,jd,用户5862,m,46,广州,2025-10-27,15269434665,user2915@example.com,普通会员
U-JD-796285,jd_3831111,jd,用户7468,f,36,南京,2026-12-19,17602237847,user4684@example.com,钻石会员
U-JD-796421,jd_7377680,jd,用户9547,f,37,西安,2026-02-20,14534850863,user9410@example.com,金卡会员
U-JD-797092,jd_4359065,jd,用户6885,m,33,重庆,2026-12-20,16694886734,user6204@example.com,钻石会员
U-JD-797378,jd_4781138,jd,用户2876,m,41,深圳,2026-09-04,15501423736,user5926@example.com,钻石会员
U-JD-798503,jd_6946860,jd,用户6616,f,34,深圳,2026-10-13,18221309258,user5966@example.com,普通会员
U-JD-800146,jd_9965717,jd,用户9694,f,18,广州,2025-09-28,16854639585,user6013@example.com,金卡会员
U-JD-800244,jd_5591322,jd,用户6973,m,29,南京,2025-10-21,14203300140,user8906@example.com,银卡会员
U-JD-800384,jd_7186429,jd,用户8849,m,45,成都,2026-06-12,16991880548,user7127@example.com,钻石会员
U-JD-801379,jd_3517743,jd,用户8145,m,35,北京,2026-01-22,15997001788,user5534@example.com,钻石会员
U-JD-802886,jd_3807463,jd,用户8032,f,47,南京,2026-08-02,14682103840,user2925@example.com,金卡会员
U-JD-803269,jd_6780598,jd,用户6218,f,54,南京,2026-04-04,14618107848,user2814@example.com,钻石会员
U-JD-803522,jd_2921444,jd,用户2783,f,24,重庆,2026-04-11,14493620399,user7738@example.com,普通会员
U-JD-803568,jd_4365117,jd,用户7942,m,19,广州,2025-02-17,15223429061,user6493@example.com,普通会员
U-JD-804204,jd_4607194,jd,用户7534,m,52,南京,2025-05-16,15886486124,user1884@example.com,金卡会员
U-JD-806062,jd_8482061,jd,用户2473,f,44,成都,2026-07-20,15879347738,user9150@example.com,金卡会员
U-JD-806333,jd_9518486,jd,用户6608,m,60,成都,2026-07-20,13248120408,user1803@example.com,金卡会员
U-JD-808245,jd_8587062,jd,用户4459,f,25,西安,2026-03-12,17214346801,user9693@example.com,钻石会员
U-JD-808369,jd_1655895,jd,用户1007,f,49,上海,2025-03-01,14714381310,user6929@example.com,金卡会员
U-JD-808568,jd_7842958,jd,用户7103,f,44,北京,2026-04-05,16797986330,user9421@example.com,金卡会员
U-JD-808895,jd_1266716,jd,用户7815,f,26,上海,2025-11-13,18889023862,user5448@example.com,金卡会员
U-JD-808968,jd_3551550,jd,用户5741,f,25,杭州,2025-04-16,15295104037,user5240@example.com,银卡会员
U-JD-809320,jd_1445127,jd,用户1667,f,59,上海,2025-07-21,19474597855,user7349@example.com,银卡会员
U-JD-809325,jd_6364072,jd,用户8453,m,25,杭州,2025-07-24,13632727309,user5152@example.com,金卡会员
U-JD-809995,jd_9215944,jd,用户5429,f,53,上海,2026-06-07,16601777016,user2200@example.com,普通会员
U-JD-810138,jd_8368563,jd,用户4944,m,42,北京,2025-11-08,17788410914,user3266@example.com,钻石会员
U-JD-811598,jd_1436558,jd,用户5420,m,58,武汉,2026-09-12,16149769716,user9481@example.com,普通会员
U-JD-812350,jd_3737911,jd,用户3319,m,47,上海,2025-11-14,15660471602,user7088@example.com,普通会员
U-JD-814125,jd_4757891,jd,用户1096,m,60,广州,2026-01-13,17710672186,user1153@example.com,普通会员
U-JD-816370,jd_8705763,jd,用户3287,f,33,成都,2025-02-20,13302541607,user4274@example.com,普通会员
U-JD-818409,jd_3302598,jd,用户1140,m,32,武汉,2026-03-25,13596345385,user3123@example.com,普通会员
U-JD-818844,jd_3027919,jd,用户3933,f,20,深圳,2025-11-27,15748151484,user5846@example.com,金卡会员
U-JD-819846,jd_9578694,jd,用户3847,m,51,北京,2025-09-11,18612923863,user3854@example.com,银卡会员
U-JD-820026,jd_3586531,jd,用户3500,m,41,深圳,2025-10-14,15123526083,user8769@example.com,钻石会员
U-JD-820660,jd_7346900,jd,用户9202,f,45,南京,2025-12-16,16883823426,user7676@example.com,银卡会员
U-JD-821555,jd_2349870,jd,用户6400,f,20,深圳,2026-08-03,19601918361,user7974@example.com,银卡会员
U-JD-822166,jd_3184718,jd,用户4478,f,29,武汉,2025-02-12,15928928823,user4152@example.com,银卡会员
U-JD-822906,jd_7924255,jd,用户2240,m,20,西安,2025-09-05,15783521727,user9919@example.com,银卡会员
U-JD-823430,jd_9241522,jd,用户7920,m,23,南京,2025-12-11,16618695540,user9044@example.com,钻石会员
U-JD-825087,jd_2329741,jd,用户2820,f,22,武汉,2026-12-09,15850556448,user5165@example.com,钻石会员
U-JD-825151,jd_7404100,jd,用户9851,m,30,深圳,2026-02-14,18597971456,user5506@example.com,银卡会员
U-JD-825425,jd_2775152,jd,用户7634,f,38,广州,2025-09-28,17574132617,user4351@example.com,银卡会员
U-JD-826624,jd_2066899,jd,用户5377,m,23,西安,2025-09-21,15341285649,user5571@example.com,普通会员
U-JD-828070,jd_3204091,jd,用户2025,f,39,北京,2025-04-27,19274373220,user2465@example.com,银卡会员
U-JD-829642,jd_7360529,jd,用户2708,f,46,南京,2026-01-03,14651053848,user4437@example.com,金卡会员
U-JD-829916,jd_2034629,jd,用户3309,f,20,南京,2026-06-06,14942447498,user7636@example.com,普通会员
U-JD-831113,jd_8015473,jd,用户8550,f,32,重庆,2025-06-08,15878843186,user1860@example.com,普通会员
U-JD-831234,jd_5064929,jd,用户9048,m,41,武汉,2026-08-24,17653562504,user1885@example.com,金卡会员
U-JD-831680,jd_5527538,jd,用户8454,f,37,深圳,2025-10-07,14372160749,user2071@example.com,银卡会员
U-JD-832018,jd_7879493,jd,用户5421,m,51,南京,2025-11-10,13318042212,user6121@example.com,钻石会员
U-JD-832029,jd_8030596,jd,用户5701,m,32,杭州,2026-09-12,19354204676,user5516@example.com,钻石会员
U-JD-832103,jd_5172339,jd,用户3183,m,44,南京,2026-03-12,14912629412,user5582@example.com,金卡会员
U-JD-832224,jd_2728230,jd,用户3124,m,42,南京,2025-06-28,17191538934,user7825@example.com,普通会员
U-JD-833363,jd_1865258,jd,用户2670,f,58,武汉,2026-11-03,13720934917,user4322@example.com,普通会员
U-JD-833770,jd_4252622,jd,用户2646,m,28,北京,2026-06-08,14646550012,user6709@example.com,金卡会员
U-JD-834141,jd_4739500,jd,用户9853,m,36,北京,2025-07-09,13596323979,user5361@example.com,普通会员
U-JD-834343,jd_2822655,jd,用户1776,m,60,广州,2026-12-10,18804123303,user2899@example.com,普通会员
U-JD-836478,jd_1283450,jd,用户7584,f,41,武汉,2026-02-27,16394021132,user9147@example.com,金卡会员
U-JD-836738,jd_3983409,jd,用户1123,m,41,北京,2025-02-07,13114203117,user9173@example.com,银卡会员
U-JD-839043,jd_4023385,jd,用户7678,m,26,武汉,2025-03-25,19194020493,user8301@example.com,金卡会员
U-JD-839612,jd_9394801,jd,用户4504,f,49,武汉,2026-06-15,14929956808,user6828@example.com,普通会员
U-JD-840535,jd_7845676,jd,用户6612,f,18,成都,2026-01-25,14592179638,user7816@example.com,钻石会员
U-JD-841015,jd_2051803,jd,用户4214,m,49,北京,2026-09-08,16915525722,user3098@example.com,银卡会员
U-JD-842076,jd_3424857,jd,用户4872,f,23,杭州,2025-03-18,15612224410,user4988@example.com,银卡会员
U-JD-842592,jd_7742891,jd,用户9202,f,51,广州,2025-09-21,18414854391,user6919@example.com,普通会员
U-JD-842915,jd_3743162,jd,用户9025,f,60,成都,2026-12-02,17467080263,user9032@example.com,金卡会员
U-JD-843194,jd_8050804,jd,用户3447,m,32,广州,2025-07-14,16477365075,user2955@example.com,普通会员
U-JD-844015,jd_1120312,jd,用户3940,m,57,南京,2026-09-07,17615633067,user7638@example.com,普通会员
U-JD-844253,jd_3748811,jd,用户4779,m,54,武汉,2025-03-21,18109735908,user5824@example.com,银卡会员
U-JD-844408,jd_8504023,jd,用户3022,m,55,上海,2026-07-21,13792121141,user9673@example.com,普通会员
U-JD-845251,jd_3905799,jd,用户7407,f,39,北京,2025-05-12,19318087471,user1147@example.com,钻石会员
U-JD-845707,jd_1811663,jd,用户1221,f,45,广州,2025-10-19,17567247199,user7447@example.com,银卡会员
U-JD-846171,jd_5010940,jd,用户8515,m,42,广州,2026-01-23,14587705075,user5192@example.com,普通会员
U-JD-846531,jd_6474615,jd,用户4663,f,58,上海,2025-11-23,18554483197,user4151@example.com,钻石会员
U-JD-846881,jd_7111780,jd,用户3013,m,53,武汉,2025-06-07,19211788456,user8622@example.com,钻石会员
U-JD-846945,jd_5773804,jd,用户3784,f,36,广州,2026-05-16,14479873077,user3200@example.com,钻石会员
U-JD-847361,jd_8474457,jd,用户7660,m,37,深圳,2025-02-10,17323413583,user5284@example.com,银卡会员
U-JD-848121,jd_9485414,jd,用户1357,f,41,上海,2026-01-28,15202514015,user9853@example.com,银卡会员
U-JD-848491,jd_1266651,jd,用户5800,f,51,成都,2025-05-16,13971996675,user5356@example.com,钻石会员
U-JD-848563,jd_4942442,jd,用户4057,m,49,杭州,2025-07-13,15421859412,user7761@example.com,普通会员
U-JD-848571,jd_4941450,jd,用户1122,m,21,成都,2026-03-14,19653486664,user5753@example.com,钻石会员
U-JD-848845,jd_9973964,jd,用户6773,f,26,武汉,2025-08-08,13160522277,user7745@example.com,钻石会员
U-JD-849218,jd_2949245,jd,用户9106,f,54,西安,2026-08-21,19899906367,user1949@example.com,金卡会员
U-JD-849285,jd_5533503,jd,用户1459,m,47,重庆,2025-02-28,17930897984,user3524@example.com,钻石会员
U-JD-849613,jd_6114566,jd,用户1642,f,24,深圳,2025-09-01,19207826110,user7676@example.com,银卡会员
U-JD-850878,jd_5793226,jd,用户9035,m,50,深圳,2025-05-25,13599313864,user9666@example.com,普通会员
U-JD-851244,jd_8276715,jd,用户9081,f,34,重庆,2026-12-05,16686237238,user3409@example.com,金卡会员
U-JD-851720,jd_7207515,jd,用户7982,f,44,重庆,2025-01-14,14770054119,user6658@example.com,普通会员
U-JD-854015,jd_8674415,jd,用户2667,m,28,上海,2026-05-17,17226886610,user1821@example.com,钻石会员
U-JD-854558,jd_4169734,jd,用户1363,m,18,重庆,2026-09-13,13893108122,user5117@example.com,普通会员
U-JD-854636,jd_2778998,jd,用户8993,f,58,深圳,2025-04-10,14479935664,user6967@example.com,普通会员
U-JD-854798,jd_9788306,jd,用户1670,m,52,成都,2026-06-11,16498939252,user3010@example.com,银卡会员
U-JD-855200,jd_3211013,jd,用户4587,f,42,北京,2025-08-11,16346728118,user6708@example.com,普通会员
U-JD-855462,jd_3222462,jd,用户7565,f,43,北京,2026-05-21,13743594818,user8988@example.com,金卡会员
U-JD-855628,jd_4460546,jd,用户5380,m,32,成都,2026-11-16,13131495150,user5185@example.com,金卡会员
U-JD-855775,jd_5299195,jd,用户1877,m,57,北京,2026-06-21,14463900897,user6594@example.com,金卡会员
U-JD-855810,jd_6733586,jd,用户8302,f,45,西安,2025-09-11,15583068847,user8773@example.com,钻石会员
U-JD-855827,jd_9944552,jd,用户2164,m,22,广州,2025-10-11,17916789068,user1135@example.com,普通会员
U-JD-855946,jd_8921879,jd,用户5548,f,44,广州,2026-01-04,19947445893,user5286@example.com,金卡会员
U-JD-856770,jd_9842044,jd,用户5514,f,47,重庆,2025-09-15,13701247313,user2236@example.com,钻石会员
U-JD-857037,jd_9730056,jd,用户4153,m,30,上海,2026-04-23,18527343607,user1959@example.com,银卡会员
U-JD-857116,jd_6564432,jd,用户9997,m,60,上海,2025-05-22,13138981521,user5844@example.com,金卡会员
U-JD-858996,jd_3987512,jd,用户7644,m,52,杭州,2026-05-12,15811274013,user5400@example.com,银卡会员
U-JD-859710,jd_2395480,jd,用户1653,f,46,上海,2026-05-01,13430255123,user2835@example.com,金卡会员
U-JD-860441,jd_4823890,jd,用户5779,m,35,西安,2025-11-12,14177739054,user3282@example.com,金卡会员
U-JD-861226,jd_8736116,jd,用户2478,f,43,西安,2025-02-08,18298505318,user9269@example.com,银卡会员
U-JD-861234,jd_4979997,jd,用户3247,f,19,广州,2025-10-24,19919295806,user7306@example.com,金卡会员
U-JD-861287,jd_2496517,jd,用户9269,f,58,西安,2026-11-01,19816469828,user9278@example.com,银卡会员
U-JD-861322,jd_3608649,jd,用户4296,f,19,北京,2025-04-18,16414984823,user7716@example.com,银卡会员
U-JD-862407,jd_9757322,jd,用户8368,m,60,武汉,2026-10-27,17731212199,user8290@example.com,普通会员
U-JD-863161,jd_8062584,jd,用户8875,f,55,杭州,2026-04-16,16828338126,user6053@example.com,金卡会员
U-JD-863499,jd_8670274,jd,用户3816,f,60,北京,2026-09-09,15954055920,user4511@example.com,金卡会员
U-JD-865670,jd_3035433,jd,用户5393,m,39,北京,2026-07-20,15359932348,user5114@example.com,金卡会员
U-JD-865837,jd_7461216,jd,用户1181,f,38,广州,2026-12-08,15861020819,user1944@example.com,银卡会员
U-JD-866256,jd_7425103,jd,用户6764,f,51,南京,2026-02-12,15802572114,user1034@example.com,金卡会员
U-JD-867131,jd_6854105,jd,用户7827,m,48,杭州,2026-10-17,16397489393,user4282@example.com,金卡会员
U-JD-867439,jd_2751337,jd,用户2580,f,52,深圳,2025-10-14,17418896195,user1109@example.com,金卡会员
U-JD-869415,jd_9849548,jd,用户9045,m,33,成都,2026-01-25,14583681247,user9080@example.com,钻石会员
U-JD-870654,jd_2113278,jd,用户7499,m,21,深圳,2026-09-07,18658661051,user7671@example.com,普通会员
U-JD-870689,jd_5997405,jd,用户1757,m,41,北京,2026-12-27,18628158131,user3480@example.com,钻石会员
U-JD-870798,jd_3453475,jd,用户3824,m,37,成都,2025-12-26,15906084203,user1317@example.com,钻石会员
U-JD-870866,jd_5148563,jd,用户9546,m,40,深圳,2025-06-03,17555056372,user9045@example.com,银卡会员
U-JD-871107,jd_7139692,jd,用户3363,m,53,广州,2026-07-27,13349387339,user5778@example.com,钻石会员
U-JD-871672,jd_5612305,jd,用户4137,m,57,杭州,2025-07-26,19804136929,user3405@example.com,钻石会员
U-JD-871781,jd_8422992,jd,用户8710,f,18,重庆,2026-12-08,17437743036,user2249@example.com,银卡会员
U-JD-872256,jd_1277235,jd,用户4812,m,51,武汉,2025-04-18,13681298887,user7836@example.com,钻石会员
U-JD-873559,jd_6448694,jd,用户8091,f,47,重庆,2025-03-26,14558361174,user1676@example.com,钻石会员
U-JD-875000,jd_7261754,jd,用户6666,m,58,北京,2025-07-17,16830898088,user8324@example.com,普通会员
U-JD-875530,jd_5448695,jd,用户8037,m,27,上海,2025-10-22,15638435513,user3267@example.com,金卡会员
U-JD-876265,jd_9840073,jd,用户6260,m,34,成都,2026-02-11,16322272884,user1770@example.com,金卡会员
U-JD-876672,jd_4554581,jd,用户7639,f,51,西安,2026-06-07,15979119640,user9466@example.com,银卡会员
U-JD-877283,jd_5566125,jd,用户5977,f,38,广州,2026-07-13,16359887863,user2902@example.com,钻石会员
U-JD-877477,jd_1756663,jd,用户6268,m,27,北京,2025-06-18,16314232995,user1115@example.com,钻石会员
U-JD-877897,jd_5530721,jd,用户6306,m,27,广州,2025-01-18,18651436372,user4258@example.com,银卡会员
U-JD-878811,jd_8578006,jd,用户4895,f,56,深圳,2026-03-26,14416113584,user2929@example.com,钻石会员
U-JD-880315,jd_6766055,jd,用户8854,m,60,杭州,2026-11-17,17954350447,user4409@example.com,普通会员
U-JD-880351,jd_4987932,jd,用户2846,f,59,北京,2025-12-25,16586540895,user7747@example.com,普通会员
U-JD-880377,jd_3218288,jd,用户7444,f,50,西安,2025-09-25,13248232249,user6220@example.com,钻石会员
U-JD-881059,jd_4664926,jd,用户7808,f,57,重庆,2026-04-26,18503061663,user6544@example.com,金卡会员
U-JD-881149,jd_1880647,jd,用户5972,f,46,武汉,2025-06-14,17861381525,user5744@example.com,普通会员
U-JD-881267,jd_2004827,jd,用户9534,f,28,上海,2026-08-11,16625689324,user7880@example.com,银卡会员
U-JD-881463,jd_3686022,jd,用户1367,f,38,武汉,2025-08-15,19234009616,user3613@example.com,金卡会员
U-JD-882339,jd_5864585,jd,用户8495,f,18,成都,2025-02-09,16777117594,user4010@example.com,普通会员
U-JD-883171,jd_5528540,jd,用户1669,f,26,南京,2026-05-09,19347429802,user3084@example.com,银卡会员
U-JD-883192,jd_1167260,jd,用户7029,f,48,上海,2025-07-27,17852092964,user5625@example.com,钻石会员
U-JD-883276,jd_7699784,jd,用户3409,f,31,武汉,2026-05-24,18312168126,user7562@example.com,普通会员
U-JD-884214,jd_1567798,jd,用户5240,f,46,成都,2025-03-24,16787443631,user9287@example.com,普通会员
U-JD-884786,jd_1623715,jd,用户2322,m,40,广州,2025-10-27,17463656394,user4513@example.com,普通会员
U-JD-884837,jd_3197884,jd,用户3264,m,44,广州,2025-03-11,17706027906,user6853@example.com,钻石会员
U-JD-884965,jd_9015435,jd,用户4471,m,39,成都,2026-10-23,16888982914,user4750@example.com,普通会员
U-JD-884967,jd_6455522,jd,用户1135,m,38,广州,2026-07-21,17978690690,user4847@example.com,普通会员
U-JD-884969,jd_4259497,jd,用户8454,m,36,上海,2025-06-14,17674750764,user5010@example.com,钻石会员
U-JD-885050,jd_2396057,jd,用户9888,m,21,西安,2025-05-02,17788796693,user3502@example.com,钻石会员
U-JD-885473,jd_6648182,jd,用户4121,f,52,成都,2026-03-11,14492666610,user8896@example.com,银卡会员
U-JD-886686,jd_8641225,jd,用户1613,m,55,深圳,2026-07-24,18659980914,user6269@example.com,金卡会员
U-JD-886835,jd_6560732,jd,用户9302,f,26,重庆,2025-08-21,14284729428,user9672@example.com,普通会员
U-JD-887346,jd_9731704,jd,用户9152,f,44,上海,2026-08-19,18611747928,user3961@example.com,钻石会员
U-JD-887897,jd_1392492,jd,用户3489,m,28,杭州,2026-07-18,18800552435,user4595@example.com,钻石会员
U-JD-889588,jd_6845769,jd,用户2800,m,24,深圳,2025-11-21,17380359353,user1109@example.com,银卡会员
U-JD-891318,jd_9458601,jd,用户2752,f,47,广州,2026-03-28,14242345800,user8415@example.com,银卡会员
U-JD-893363,jd_3486431,jd,用户3776,f,38,深圳,2025-02-04,17872213702,user9237@example.com,钻石会员
U-JD-894651,jd_3430138,jd,用户8206,f,28,重庆,2026-12-28,13881404585,user9723@example.com,银卡会员
U-JD-895116,jd_3565320,jd,用户3988,m,18,北京,2025-03-19,17622610669,user2502@example.com,金卡会员
U-JD-895278,jd_1275189,jd,用户7964,f,29,成都,2025-09-06,14463935900,user3132@example.com,普通会员
U-JD-895660,jd_4699245,jd,用户8912,f,51,广州,2026-04-18,18119771379,user5597@example.com,钻石会员
U-JD-897599,jd_5886199,jd,用户9255,f,22,成都,2025-04-23,13891216273,user6833@example.com,银卡会员
U-JD-898453,jd_1058170,jd,用户6720,m,37,深圳,2025-10-21,14463672437,user9082@example.com,钻石会员
U-JD-898666,jd_9761988,jd,用户4267,f,49,杭州,2025-06-04,14440805655,user7842@example.com,钻石会员
U-JD-898877,jd_3242325,jd,用户1933,m,42,南京,2026-08-13,14540516872,user2911@example.com,普通会员
U-JD-899201,jd_1036911,jd,用户3531,m,40,上海,2025-07-24,14417010162,user5181@example.com,普通会员
U-JD-899628,jd_4852349,jd,用户9882,m,48,北京,2025-01-03,14744168661,user8551@example.com,金卡会员
U-JD-900039,jd_8004423,jd,用户6225,m,42,上海,2026-08-04,13740474569,user5348@example.com,金卡会员
U-JD-900473,jd_3325919,jd,用户4804,f,46,成都,2025-08-05,19920381303,user9011@example.com,银卡会员
U-JD-901487,jd_2032239,jd,用户7870,m,29,北京,2025-04-26,13507996288,user6515@example.com,银卡会员
U-JD-901674,jd_7292059,jd,用户6373,f,32,杭州,2026-11-26,15715816192,user6748@example.com,普通会员
U-JD-901764,jd_6746134,jd,用户4394,f,54,北京,2025-10-14,16454711739,user3670@example.com,普通会员
U-JD-903315,jd_5076787,jd,用户6690,f,49,重庆,2026-09-28,17144458879,user3291@example.com,银卡会员
U-JD-903914,jd_8539100,jd,用户7001,m,54,西安,2025-05-14,19952075892,user6319@example.com,钻石会员
U-JD-904503,jd_9998355,jd,用户1212,f,35,重庆,2026-01-08,14276788264,user7631@example.com,普通会员
U-JD-904588,jd_4802619,jd,用户4449,f,20,南京,2026-09-06,15136154306,user8864@example.com,银卡会员
U-JD-905009,jd_9966281,jd,用户3637,f,33,西安,2026-01-10,16126421080,user4819@example.com,普通会员
U-JD-905037,jd_2102608,jd,用户6583,m,21,广州,2025-12-26,17641995749,user9375@example.com,钻石会员
U-JD-906000,jd_2044475,jd,用户2262,m,19,重庆,2026-07-02,19785249972,user9674@example.com,银卡会员
U-JD-906133,jd_9313608,jd,用户2947,f,48,北京,2025-09-25,17748842511,user1128@example.com,钻石会员
U-JD-906261,jd_4877703,jd,用户1129,f,19,西安,2025-03-25,13543811735,user4811@example.com,金卡会员
U-JD-907661,jd_3099999,jd,用户2276,m,33,成都,2026-01-01,14141927233,user3296@example.com,普通会员
U-JD-908122,jd_1639433,jd,用户9143,m,28,成都,2026-01-12,14908763855,user1208@example.com,普通会员
U-JD-910865,jd_2498255,jd,用户9446,f,20,深圳,2026-11-24,14140405265,user8012@example.com,钻石会员
U-JD-911986,jd_3107299,jd,用户2857,m,37,北京,2026-04-10,16254835019,user1106@example.com,银卡会员
U-JD-912287,jd_8922599,jd,用户4887,m,20,西安,2025-07-07,16849127985,user7267@example.com,银卡会员
U-JD-912329,jd_3367793,jd,用户6357,f,40,武汉,2025-06-23,14722227377,user8885@example.com,银卡会员
U-JD-912817,jd_7363817,jd,用户5444,f,47,武汉,2025-03-22,18197113796,user6610@example.com,金卡会员
U-JD-913174,jd_8286149,jd,用户1435,f,32,北京,2025-05-21,17580180182,user9718@example.com,银卡会员
U-JD-914246,jd_1940658,jd,用户3579,m,50,广州,2026-10-19,16848283185,user6130@example.com,钻石会员
U-JD-915112,jd_7242205,jd,用户4720,m,30,广州,2026-03-12,19206503892,user7006@example.com,银卡会员
U-JD-915532,jd_7172938,jd,用户2647,m,56,南京,2025-03-16,19600292935,user1634@example.com,金卡会员
U-JD-915554,jd_5858788,jd,用户4930,m,54,西安,2025-04-09,17224960881,user6149@example.com,银卡会员
U-JD-916622,jd_3574869,jd,用户9916,m,22,广州,2026-08-20,16706220585,user1294@example.com,金卡会员
U-JD-918206,jd_4584665,jd,用户3229,f,60,重庆,2025-05-01,17304150990,user5451@example.com,金卡会员
U-JD-918252,jd_7553504,jd,用户1948,f,23,北京,2025-07-09,18356897222,user3845@example.com,银卡会员
U-JD-918719,jd_1902331,jd,用户9912,m,18,西安,2026-11-11,17683901184,user5380@example.com,普通会员
U-JD-919280,jd_4287100,jd,用户6680,f,55,南京,2026-08-09,13342387317,user3905@example.com,普通会员
U-JD-919491,jd_3240310,jd,用户8241,f,45,北京,2025-10-17,18921457253,user5035@example.com,钻石会员
U-JD-920113,jd_9680021,jd,用户7302,m,31,成都,2026-07-20,19634727328,user4266@example.com,钻石会员
U-JD-920312,jd_1624042,jd,用户8649,f,19,上海,2025-11-15,14462084638,user5081@example.com,钻石会员
U-JD-920983,jd_2283652,jd,用户4648,f,49,北京,2026-09-03,19469069164,user3316@example.com,金卡会员
U-JD-921797,jd_9843724,jd,用户3149,f,31,重庆,2026-07-21,14338600636,user1891@example.com,银卡会员
U-JD-922050,jd_3380130,jd,用户6411,f,35,上海,2026-12-19,13376478028,user6093@example.com,银卡会员
U-JD-923671,jd_5083899,jd,用户3929,f,33,武汉,2025-12-24,16518377562,user4040@example.com,钻石会员
U-JD-923897,jd_2086695,jd,用户7088,f,30,深圳,2026-11-09,14760186603,user3644@example.com,银卡会员
U-JD-924889,jd_3040417,jd,用户3905,m,19,北京,2025-02-19,17929712670,user1694@example.com,钻石会员
U-JD-925493,jd_4896898,jd,用户7039,f,45,杭州,2026-07-21,19910932824,user6259@example.com,银卡会员
U-JD-926638,jd_2596854,jd,用户8947,f,55,深圳,2025-01-28,17994182663,user3519@example.com,银卡会员
U-JD-927274,jd_6954858,jd,用户6921,m,30,北京,2026-09-26,19304956507,user3401@example.com,银卡会员
U-JD-927436,jd_5478764,jd,用户9411,f,26,西安,2026-01-20,19360790554,user5517@example.com,金卡会员
U-JD-928491,jd_2684310,jd,用户9555,f,20,广州,2026-06-09,15457579958,user6906@example.com,银卡会员
U-JD-929314,jd_7113640,jd,用户9596,f,32,成都,2026-11-12,17573919166,user3115@example.com,钻石会员
U-JD-929582,jd_7963955,jd,用户1258,m,27,上海,2026-05-18,18468325301,user4990@example.com,钻石会员
U-JD-930718,jd_4892329,jd,用户5328,m,47,杭州,2025-12-10,13766943866,user6457@example.com,金卡会员
U-JD-932305,jd_6172583,jd,用户6857,f,22,重庆,2026-06-06,13340501247,user4078@example.com,金卡会员
U-JD-932345,jd_7948626,jd,用户2963,f,34,武汉,2025-10-26,19349324565,user6876@example.com,银卡会员
U-JD-932382,jd_1079786,jd,用户2903,f,36,上海,2025-04-26,13607486299,user4300@example.com,金卡会员
U-JD-932913,jd_6633271,jd,用户3635,m,28,北京,2026-07-04,19880069917,user3451@example.com,钻石会员
U-JD-933574,jd_2763214,jd,用户2250,f,23,南京,2025-03-03,18821072890,user4439@example.com,钻石会员
U-JD-936323,jd_2469311,jd,用户4929,f,35,西安,2026-03-27,17566262438,user9745@example.com,普通会员
U-JD-936378,jd_6598949,jd,用户1574,m,51,上海,2025-12-24,19515262706,user1335@example.com,银卡会员
U-JD-936394,jd_4756006,jd,用户6383,f,58,广州,2026-09-20,16946723134,user8774@example.com,银卡会员
U-JD-938884,jd_4780202,jd,用户1718,f,40,上海,2025-07-04,16303196297,user1896@example.com,普通会员
U-JD-939890,jd_8637177,jd,用户7368,f,20,杭州,2025-10-09,18718514067,user8190@example.com,钻石会员
U-JD-939939,jd_9671283,jd,用户7874,f,26,上海,2026-09-26,17858803347,user1891@example.com,银卡会员
U-JD-940135,jd_1063332,jd,用户8436,f,53,广州,2025-03-07,17327352206,user2137@example.com,钻石会员
U-JD-940543,jd_7320512,jd,用户8316,m,44,深圳,2026-06-07,18284267021,user7209@example.com,金卡会员
U-JD-941072,jd_8261310,jd,用户3927,m,57,西安,2025-12-08,18712157225,user8381@example.com,银卡会员
U-JD-941986,jd_4550395,jd,用户6643,f,55,杭州,2026-12-01,19312806698,user2860@example.com,钻石会员
U-JD-942529,jd_1254373,jd,用户4645,f,48,广州,2026-09-02,16235286109,user6025@example.com,金卡会员
U-JD-943919,jd_4332587,jd,用户9778,f,41,上海,2026-12-06,16946605882,user2334@example.com,金卡会员
U-JD-944496,jd_7692055,jd,用户9230,f,54,成都,2025-04-10,16326967670,user3646@example.com,钻石会员
U-JD-944567,jd_9926792,jd,用户4437,m,31,武汉,2026-04-14,15160741687,user1117@example.com,银卡会员
U-JD-944579,jd_5169918,jd,用户6467,f,54,西安,2026-09-07,14331363980,user2921@example.com,钻石会员
U-JD-944715,jd_8071422,jd,用户9939,f,22,杭州,2026-01-14,14734749152,user5513@example.com,银卡会员
U-JD-945725,jd_2542099,jd,用户6732,f,35,南京,2025-09-20,15545258084,user8487@example.com,钻石会员
U-JD-946721,jd_1672960,jd,用户8837,f,59,西安,2026-04-23,13552583971,user4973@example.com,银卡会员
U-JD-949599,jd_1294464,jd,用户4820,f,59,成都,2025-05-07,19601471230,user2965@example.com,金卡会员
U-JD-950774,jd_4654698,jd,用户8489,m,59,杭州,2025-04-20,13228774095,user5412@example.com,普通会员
U-JD-950800,jd_8723052,jd,用户9522,f,29,广州,2025-02-18,15603238310,user3222@example.com,普通会员
U-JD-950802,jd_7810151,jd,用户1306,f,37,广州,2025-03-17,15139573562,user7004@example.com,钻石会员
U-JD-951091,jd_8923975,jd,用户5796,f,38,武汉,2026-10-25,16794291452,user1665@example.com,银卡会员
U-JD-951712,jd_9705043,jd,用户2575,f,31,北京,2026-02-09,14181891841,user9888@example.com,普通会员
U-JD-951814,jd_7273125,jd,用户2149,f,32,西安,2025-07-12,14903794623,user6540@example.com,钻石会员
U-JD-952679,jd_6111262,jd,用户4102,m,38,上海,2026-08-15,15310749718,user9151@example.com,钻石会员
U-JD-952929,jd_9797189,jd,用户9491,m,32,南京,2025-11-16,17709462187,user8797@example.com,金卡会员
U-JD-953887,jd_4379294,jd,用户1815,f,41,成都,2026-08-04,19988004755,user2826@example.com,银卡会员
U-JD-953932,jd_1276991,jd,用户7087,f,46,深圳,2026-05-03,19252334886,user2911@example.com,钻石会员
U-JD-954961,jd_8683613,jd,用户9872,m,41,西安,2026-01-04,18378207134,user1618@example.com,钻石会员
U-JD-955136,jd_8861368,jd,用户3043,m,27,北京,2026-09-02,17743590837,user8174@example.com,银卡会员
U-JD-955576,jd_1723285,jd,用户2203,f,57,重庆,2026-04-17,14406621716,user1347@example.com,普通会员
U-JD-955772,jd_1518354,jd,用户6584,m,28,上海,2025-10-16,14115226648,user9981@example.com,普通会员
U-JD-957166,jd_5453836,jd,用户3069,f,37,西安,2025-03-28,15238238148,user7896@example.com,银卡会员
U-JD-958323,jd_6881493,jd,用户1055,f,45,重庆,2025-07-14,18792701657,user9092@example.com,钻石会员
U-JD-959131,jd_3505568,jd,用户8809,f,38,深圳,2026-08-07,19399676285,user6264@example.com,银卡会员
U-JD-959203,jd_5856488,jd,用户6012,m,24,北京,2026-12-26,18995399909,user9985@example.com,钻石会员
U-JD-959918,jd_9177363,jd,用户2990,f,23,南京,2026-06-06,16576272064,user5932@example.com,银卡会员
U-JD-960342,jd_8998162,jd,用户3516,m,20,武汉,2026-07-10,14960250232,user4564@example.com,钻石会员
U-JD-961436,jd_2207353,jd,用户6098,m,44,深圳,2025-05-10,15965264144,user9174@example.com,钻石会员
U-JD-961706,jd_7526761,jd,用户4677,f,44,杭州,2025-02-05,15683369655,user1888@example.com,银卡会员
U-JD-964720,jd_4620300,jd,用户4714,m,55,南京,2025-03-07,15409984882,user1443@example.com,银卡会员
U-JD-965054,jd_9815917,jd,用户4786,f,49,广州,2026-04-17,13899215613,user3883@example.com,银卡会员
U-JD-965233,jd_4706971,jd,用户7852,m,35,成都,2025-06-20,15388709595,user2469@example.com,银卡会员
U-JD-965538,jd_5131637,jd,用户1727,m,52,西安,2025-06-24,18179172635,user5120@example.com,金卡会员
U-JD-966939,jd_1123413,jd,用户9000,m,19,武汉,2026-11-14,16629671368,user9598@example.com,金卡会员
U-JD-968628,jd_2546731,jd,用户9915,m,30,杭州,2025-07-16,14360549378,user8898@example.com,钻石会员
U-JD-968823,jd_3281147,jd,用户4697,f,50,北京,2025-09-07,19161234073,user5568@example.com,普通会员
U-JD-969308,jd_4949996,jd,用户3651,m,26,广州,2026-05-16,14827032707,user6871@example.com,金卡会员
U-JD-969351,jd_3202256,jd,用户5659,m,21,北京,2026-05-17,16799886526,user4414@example.com,钻石会员
U-JD-969603,jd_1785713,jd,用户5693,f,19,杭州,2026-05-11,15426613648,user5695@example.com,银卡会员
U-JD-969711,jd_1905840,jd,用户7652,m,23,杭州,2026-04-12,14934912834,user7267@example.com,金卡会员
U-JD-970710,jd_5943037,jd,用户3102,m,26,南京,2026-07-09,19508208719,user3370@example.com,普通会员
U-JD-972106,jd_2593657,jd,用户2936,m,32,北京,2025-10-20,19196883214,user8427@example.com,钻石会员
U-JD-973482,jd_3354925,jd,用户9193,f,58,北京,2026-07-17,14869641401,user6510@example.com,金卡会员
U-JD-973532,jd_7218299,jd,用户3063,f,52,重庆,2025-09-12,17986005330,user7688@example.com,普通会员
U-JD-973615,jd_6003971,jd,用户1826,m,59,武汉,2025-04-16,19263169912,user8835@example.com,钻石会员
U-JD-974448,jd_2215802,jd,用户9283,m,32,广州,2026-05-26,15546383977,user9472@example.com,金卡会员
U-JD-975857,jd_6366764,jd,用户2741,f,37,南京,2025-07-24,14917830191,user6554@example.com,银卡会员
U-JD-976514,jd_1867301,jd,用户3240,m,53,重庆,2025-04-16,19224144241,user8354@example.com,普通会员
U-JD-977830,jd_8812104,jd,用户3056,f,30,成都,2025-04-17,18317612550,user4871@example.com,钻石会员
U-JD-977884,jd_2681424,jd,用户4867,f,38,上海,2025-11-15,14997056352,user1501@example.com,金卡会员
U-JD-979719,jd_3902970,jd,用户9722,f,46,西安,2026-04-02,17531525598,user6751@example.com,钻石会员
U-JD-980048,jd_7574646,jd,用户8936,m,22,西安,2026-08-14,13172263891,user1938@example.com,金卡会员
U-JD-981608,jd_6124959,jd,用户8561,m,46,北京,2025-11-22,19111979212,user8484@example.com,普通会员
U-JD-982205,jd_3952126,jd,用户5429,f,23,广州,2025-10-02,16209360677,user7835@example.com,钻石会员
U-JD-983335,jd_3749843,jd,用户3651,m,52,成都,2025-10-09,19607708022,user9514@example.com,银卡会员
U-JD-983975,jd_4487060,jd,用户2985,f,38,上海,2026-02-08,17956515759,user5246@example.com,钻石会员
U-JD-986990,jd_4465407,jd,用户1755,m,48,杭州,2025-03-20,13966755611,user4934@example.com,钻石会员
U-JD-987160,jd_9131457,jd,用户4116,f,49,南京,2025-02-04,13702253462,user4937@example.com,金卡会员
U-JD-987198,jd_7455305,jd,用户8377,m,20,成都,2025-12-16,14885647297,user5451@example.com,银卡会员
U-JD-988143,jd_4808240,jd,用户7531,m,54,武汉,2026-04-08,15267824076,user9571@example.com,普通会员
U-JD-989476,jd_8354738,jd,用户9691,m,18,西安,2025-02-12,17776040997,user1908@example.com,银卡会员
U-JD-989639,jd_1286370,jd,用户5136,f,52,成都,2025-03-10,19716915107,user7531@example.com,金卡会员
U-JD-989751,jd_8393781,jd,用户9586,f,60,杭州,2025-12-23,14290511981,user9279@example.com,银卡会员
U-JD-991784,jd_6138962,jd,用户6178,m,20,成都,2025-12-08,17131900204,user2029@example.com,金卡会员
U-JD-992088,jd_9306094,jd,用户4343,f,25,深圳,2026-12-17,17661600846,user4962@example.com,金卡会员
U-JD-992470,jd_9850800,jd,用户3983,m,37,杭州,2025-06-26,16710916072,user6730@example.com,普通会员
U-JD-992737,jd_4812595,jd,用户8865,f,38,北京,2026-02-23,13698453756,user1992@example.com,金卡会员
U-JD-993117,jd_7007210,jd,用户6177,m,36,西安,2025-06-17,15655017155,user1727@example.com,普通会员
U-JD-993957,jd_9882696,jd,用户8481,m,26,广州,2025-01-13,15435805177,user8758@example.com,钻石会员
U-JD-994474,jd_3162802,jd,用户9227,f,42,南京,2025-07-21,15249508239,user1261@example.com,普通会员
U-JD-994492,jd_2306382,jd,用户3085,m,46,深圳,2026-08-11,13937730111,user4413@example.com,银卡会员
U-JD-994714,jd_3234714,jd,用户7379,f,48,南京,2025-03-15,16943885590,user9281@example.com,普通会员
U-JD-994884,jd_3738307,jd,用户5281,m,23,武汉,2026-04-27,18449637365,user8955@example.com,银卡会员
U-JD-995379,jd_1273830,jd,用户2147,f,49,西安,2025-08-02,19755307480,user6746@example.com,金卡会员
U-JD-996202,jd_2313984,jd,用户4688,f,41,西安,2025-08-16,17939443649,user4994@example.com,银卡会员
U-JD-997032,jd_7455423,jd,用户4933,m,44,深圳,2025-12-14,15395883313,user3742@example.com,钻石会员
U-JD-997123,jd_4413434,jd,用户9114,m,27,广州,2025-09-18,18637660662,user7373@example.com,银卡会员
U-JD-997323,jd_9896801,jd,用户4423,f,47,南京,2025-12-13,15896106085,user2216@example.com,银卡会员
U-JD-997504,jd_5789533,jd,用户6253,m,35,杭州,2025-06-15,18751412680,user9226@example.com,银卡会员
U-JD-998787,jd_2715427,jd,用户4619,f,56,重庆,2026-10-20,19118635950,user4330@example.com,钻石会员
U-JD-999129,jd_4717711,jd,用户8135,f,51,武汉,2025-04-24,19703483760,user1168@example.com,普通会员
U-TAOBAO-102156,taobao_4355581,taobao,用户7289,f,37,武汉,2025-12-27,13428788154,user7952@example.com,普通会员
U-TAOBAO-104404,taobao_9578055,taobao,用户2330,f,36,武汉,2026-12-19,16981373439,user1214@example.com,银卡会员
U-TAOBAO-104505,taobao_1756418,taobao,用户7063,f,33,深圳,2025-06-08,17564145744,user3165@example.com,钻石会员
U-TAOBAO-104739,taobao_6256833,taobao,用户5523,m,34,武汉,2026-09-15,15269614154,user3526@example.com,钻石会员
U-TAOBAO-104844,taobao_1134786,taobao,用户4893,f,43,上海,2025-12-05,17884610110,user4798@example.com,银卡会员
U-TAOBAO-105689,taobao_5510042,taobao,用户7242,f,34,深圳,2026-10-02,19381644359,user3552@example.com,钻石会员
U-TAOBAO-105947,taobao_8476958,taobao,用户9059,f,36,杭州,2026-12-06,14311324404,user8655@example.com,金卡会员
U-TAOBAO-106120,taobao_2535277,taobao,用户7786,m,46,成都,2025-12-27,16353546156,user1289@example.com,银卡会员
U-TAOBAO-107266,taobao_8719032,taobao,用户8698,f,59,武汉,2026-02-25,14980109511,user4404@example.com,金卡会员
U-TAOBAO-107804,taobao_2846466,taobao,用户4107,f,27,南京,2025-08-19,14439326084,user2795@example.com,普通会员
U-TAOBAO-109192,taobao_6902430,taobao,用户9528,m,46,西安,2026-02-14,15759863455,user7299@example.com,金卡会员
U-TAOBAO-109943,taobao_4526695,taobao,用户9931,f,59,深圳,2026-03-28,15641270818,user8973@example.com,金卡会员
U-TAOBAO-110152,taobao_4837965,taobao,用户3568,m,35,南京,2026-11-19,19552012311,user8163@example.com,钻石会员
U-TAOBAO-110748,taobao_6084380,taobao,用户5078,m,39,杭州,2026-02-04,15431839602,user9288@example.com,钻石会员
U-TAOBAO-113263,taobao_1047590,taobao,用户4330,m,36,上海,2026-10-16,19503471374,user9089@example.com,钻石会员
U-TAOBAO-114245,taobao_7797786,taobao,用户9288,m,44,广州,2025-11-19,14130945693,user5998@example.com,银卡会员
U-TAOBAO-114887,taobao_2937546,taobao,用户1666,f,23,北京,2026-11-07,19598401090,user3160@example.com,钻石会员
U-TAOBAO-115167,taobao_9036805,taobao,用户7183,f,27,深圳,2025-09-04,13366493782,user7533@example.com,金卡会员
U-TAOBAO-115219,taobao_9497237,taobao,用户7540,m,48,北京,2025-11-14,18524744918,user8413@example.com,银卡会员
U-TAOBAO-116009,taobao_4770673,taobao,用户5066,f,28,深圳,2026-06-28,16268828799,user8827@example.com,银卡会员
U-TAOBAO-116406,taobao_8177650,taobao,用户3413,f,60,南京,2025-11-03,14367572901,user7230@example.com,钻石会员
U-TAOBAO-116925,taobao_8316426,taobao,用户6299,m,21,成都,2025-12-13,13430093599,user1646@example.com,普通会员
U-TAOBAO-117753,taobao_2938446,taobao,用户6440,f,42,武汉,2025-05-01,13886433720,user5470@example.com,钻石会员
U-TAOBAO-118315,taobao_6672411,taobao,用户7140,m,58,上海,2026-07-06,19986464823,user8695@example.com,普通会员
U-TAOBAO-118670,taobao_4647495,taobao,用户9635,f,18,重庆,2026-12-07,18259741479,user6680@example.com,普通会员
U-TAOBAO-118725,taobao_8879568,taobao,用户5435,m,53,上海,2026-09-17,14157286849,user8625@example.com,金卡会员
U-TAOBAO-119027,taobao_7807915,taobao,用户2069,f,37,西安,2025-06-28,14182951222,user2357@example.com,普通会员
U-TAOBAO-119081,taobao_8877178,taobao,用户8036,f,55,北京,2026-09-21,13502324953,user1096@example.com,普通会员
U-TAOBAO-121169,taobao_5588573,taobao,用户9586,f,40,武汉,2026-01-09,17874628301,user4486@example.com,金卡会员
U-TAOBAO-121184,taobao_8069207,taobao,用户5381,m,42,杭州,2025-12-16,14745221155,user3246@example.com,金卡会员
U-TAOBAO-121505,taobao_1099913,taobao,用户3120,m,51,深圳,2026-04-08,16445985245,user7551@example.com,普通会员
U-TAOBAO-121550,taobao_3129525,taobao,用户1239,m,48,成都,2025-09-23,18371302472,user8062@example.com,普通会员
U-TAOBAO-121994,taobao_3665988,taobao,用户2954,f,23,北京,2025-09-11,19580297235,user5505@example.com,金卡会员
U-TAOBAO-122529,taobao_2719902,taobao,用户3833,f,31,深圳,2026-10-13,15490190585,user6510@example.com,金卡会员
U-TAOBAO-122630,taobao_9795020,taobao,用户9021,f,23,重庆,2026-01-25,16457893937,user9655@example.com,钻石会员
U-TAOBAO-122889,taobao_6822947,taobao,用户3139,m,29,北京,2025-06-05,13597239963,user6708@example.com,金卡会员
U-TAOBAO-123633,taobao_1449965,taobao,用户4445,f,43,南京,2026-01-25,15556191788,user6292@example.com,钻石会员
U-TAOBAO-124996,taobao_5540522,taobao,用户4911,f,19,重庆,2025-03-03,19159801789,user4953@example.com,银卡会员
U-TAOBAO-126398,taobao_7056598,taobao,用户5519,m,46,武汉,2026-01-11,17844698539,user6257@example.com,银卡会员
U-TAOBAO-126983,taobao_2196504,taobao,用户1655,m,43,南京,2026-07-08,18923636967,user6238@example.com,银卡会员
U-TAOBAO-127478,taobao_3499029,taobao,用户2795,m,20,重庆,2025-09-05,18341592126,user6274@example.com,金卡会员
U-TAOBAO-128571,taobao_9746005,taobao,用户4213,m,19,杭州,2026-09-22,19332809430,user7166@example.com,钻石会员
U-TAOBAO-129869,taobao_8863715,taobao,用户6680,m,59,上海,2025-01-07,16753553719,user9911@example.com,金卡会员
U-TAOBAO-129918,taobao_1490370,taobao,用户1314,m,41,成都,2025-11-17,18168864904,user8956@example.com,金卡会员
U-TAOBAO-129934,taobao_3590196,taobao,用户9524,f,39,广州,2026-08-08,17760094274,user9699@example.com,金卡会员
U-TAOBAO-130770,taobao_8766067,taobao,用户1975,m,26,武汉,2026-09-15,17902545665,user6914@example.com,钻石会员
U-TAOBAO-131912,taobao_8717014,taobao,用户7901,m,58,重庆,2026-02-05,17989497613,user3207@example.com,银卡会员
U-TAOBAO-132781,taobao_6872628,taobao,用户1051,f,27,杭州,2026-06-05,14146138812,user7273@example.com,银卡会员
U-TAOBAO-133170,taobao_6692387,taobao,用户4217,f,54,成都,2026-04-12,16178517165,user4491@example.com,金卡会员
U-TAOBAO-133657,taobao_9075353,taobao,用户5341,f,33,南京,2025-06-07,15879748437,user3571@example.com,银卡会员
U-TAOBAO-133664,taobao_3994649,taobao,用户8024,f,52,西安,2026-10-06,17539580256,user7455@example.com,银卡会员
U-TAOBAO-134208,taobao_4093908,taobao,用户3921,m,60,武汉,2025-10-13,17632913766,user4879@example.com,银卡会员
U-TAOBAO-135500,taobao_1314331,taobao,用户8090,m,41,南京,2026-02-13,18424009204,user9807@example.com,钻石会员
U-TAOBAO-135935,taobao_2020772,taobao,用户5319,f,56,广州,2026-07-17,15601163337,user8899@example.com,银卡会员
U-TAOBAO-136334,taobao_8056773,taobao,用户6620,f,60,南京,2026-10-21,17332033847,user5597@example.com,钻石会员
U-TAOBAO-136390,taobao_9654717,taobao,用户9253,m,24,武汉,2025-12-04,13645800704,user9619@example.com,银卡会员
U-TAOBAO-136642,taobao_3053496,taobao,用户5848,m,54,南京,2026-12-16,19685496849,user5171@example.com,普通会员
U-TAOBAO-138533,taobao_8897732,taobao,用户1255,f,22,深圳,2026-02-16,18702676162,user3022@example.com,钻石会员
U-TAOBAO-139295,taobao_7666309,taobao,用户7608,m,24,广州,2025-09-01,15928937621,user8440@example.com,金卡会员
U-TAOBAO-140143,taobao_8163948,taobao,用户1058,m,49,武汉,2025-02-21,19273274981,user3224@example.com,银卡会员
U-TAOBAO-140420,taobao_6427416,taobao,用户3532,f,23,南京,2026-01-22,15546524047,user2255@example.com,钻石会员
U-TAOBAO-141736,taobao_8808031,taobao,用户1703,f,21,广州,2026-02-05,15677925576,user3948@example.com,钻石会员
U-TAOBAO-141994,taobao_3078395,taobao,用户9781,m,36,武汉,2026-07-18,15454703243,user6692@example.com,银卡会员
U-TAOBAO-142183,taobao_4347233,taobao,用户3639,f,55,武汉,2026-09-18,17799928222,user3220@example.com,普通会员
U-TAOBAO-142927,taobao_8414820,taobao,用户9036,m,50,重庆,2025-09-06,19844148064,user8554@example.com,钻石会员
U-TAOBAO-143510,taobao_6546622,taobao,用户9562,m,35,南京,2025-05-27,17727008335,user9469@example.com,银卡会员
U-TAOBAO-144080,taobao_7661774,taobao,用户7698,m,20,广州,2026-11-12,19646784974,user4600@example.com,银卡会员
U-TAOBAO-144323,taobao_7455454,taobao,用户1994,f,55,杭州,2026-04-26,19982121370,user8620@example.com,钻石会员
U-TAOBAO-144874,taobao_2086289,taobao,用户5353,m,59,杭州,2026-04-24,14243138966,user3239@example.com,钻石会员
U-TAOBAO-144952,taobao_5145779,taobao,用户3649,m,40,杭州,2025-04-15,16785182117,user2519@example.com,普通会员
U-TAOBAO-145730,taobao_1816620,taobao,用户1557,f,43,武汉,2026-10-27,18762489690,user4050@example.com,金卡会员
U-TAOBAO-146013,taobao_9755231,taobao,用户9511,m,45,北京,2025-08-17,19639037138,user6756@example.com,普通会员
U-TAOBAO-146836,taobao_9283113,taobao,用户5571,m,53,重庆,2026-12-28,13391122144,user3947@example.com,银卡会员
U-TAOBAO-147315,taobao_1218943,taobao,用户9033,f,44,南京,2026-11-11,15333164426,user8846@example.com,普通会员
U-TAOBAO-147603,taobao_2702311,taobao,用户3473,m,57,重庆,2026-06-27,16392507755,user8828@example.com,金卡会员
U-TAOBAO-148144,taobao_6667727,taobao,用户5058,m,43,杭州,2025-08-02,15347605583,user3941@example.com,普通会员
U-TAOBAO-148260,taobao_1831241,taobao,用户2704,m,22,西安,2025-12-19,17646412383,user1455@example.com,银卡会员
U-TAOBAO-148392,taobao_7833653,taobao,用户7796,m,55,西安,2025-12-23,13337588462,user4881@example.com,普通会员
U-TAOBAO-148493,taobao_4314862,taobao,用户2108,m,46,杭州,2026-12-26,13743645331,user7201@example.com,普通会员
U-TAOBAO-149885,taobao_9909042,taobao,用户2432,f,38,广州,2025-05-22,19729169754,user1484@example.com,银卡会员
U-TAOBAO-150084,taobao_3948899,taobao,用户4218,f,44,北京,2026-05-01,15590477829,user8813@example.com,钻石会员
U-TAOBAO-150200,taobao_4778418,taobao,用户4884,m,23,南京,2026-06-14,14220423349,user8843@example.com,钻石会员
U-TAOBAO-150259,taobao_6059302,taobao,用户5777,m,23,武汉,2026-12-01,18876730258,user2016@example.com,金卡会员
U-TAOBAO-150369,taobao_9407011,taobao,用户8365,m,29,南京,2025-05-14,19880444215,user7713@example.com,普通会员
U-TAOBAO-150455,taobao_2525981,taobao,用户9501,m,20,上海,2025-02-06,14651287493,user9849@example.com,普通会员
U-TAOBAO-151404,taobao_4320211,taobao,用户4314,m,47,北京,2026-08-03,14243559709,user3982@example.com,金卡会员
U-TAOBAO-151656,taobao_5870618,taobao,用户3820,m,45,杭州,2025-11-04,15254514663,user5871@example.com,银卡会员
U-TAOBAO-152123,taobao_2660024,taobao,用户5238,f,53,深圳,2025-11-11,14852296871,user2077@example.com,普通会员
U-TAOBAO-152610,taobao_4313701,taobao,用户1711,m,58,深圳,2026-09-15,15189674646,user4962@example.com,银卡会员
U-TAOBAO-153670,taobao_8942528,taobao,用户2263,m,54,成都,2025-11-14,17952977226,user9496@example.com,钻石会员
U-TAOBAO-153933,taobao_8526461,taobao,用户5870,f,23,重庆,2025-03-09,19253197231,user4422@example.com,金卡会员
U-TAOBAO-154290,taobao_1572428,taobao,用户2127,m,37,深圳,2025-11-13,14953510750,user4968@example.com,钻石会员
U-TAOBAO-155206,taobao_1707830,taobao,用户8704,m,34,广州,2026-10-23,15944081266,user8492@example.com,金卡会员
U-TAOBAO-155506,taobao_9065928,taobao,用户8071,f,22,南京,2025-07-07,16190192117,user1269@example.com,普通会员
U-TAOBAO-155977,taobao_2877416,taobao,用户3525,m,45,成都,2026-10-13,16571105195,user6634@example.com,金卡会员
U-TAOBAO-156036,taobao_5388963,taobao,用户1639,m,28,深圳,2026-12-22,13327122829,user6157@example.com,普通会员
U-TAOBAO-157578,taobao_6168806,taobao,用户7571,f,49,杭州,2025-10-19,18235036350,user4811@example.com,银卡会员
U-TAOBAO-157923,taobao_5730387,taobao,用户8057,f,59,杭州,2026-08-07,15835351045,user7014@example.com,普通会员
U-TAOBAO-158070,taobao_2262091,taobao,用户1731,m,38,北京,2026-02-21,15397718072,user9653@example.com,普通会员
U-TAOBAO-160225,taobao_9462099,taobao,用户1423,m,31,西安,2025-06-21,17408452491,user7220@example.com,普通会员
U-TAOBAO-160792,taobao_1118267,taobao,用户2152,f,23,成都,2026-05-26,17820335424,user7489@example.com,普通会员
U-TAOBAO-163230,taobao_2650965,taobao,用户3970,m,54,重庆,2025-07-08,18156431275,user4064@example.com,银卡会员
U-TAOBAO-163451,taobao_5085655,taobao,用户5983,f,39,广州,2026-02-28,16756667777,user7951@example.com,钻石会员
U-TAOBAO-163833,taobao_2193216,taobao,用户7841,f,25,杭州,2025-04-10,18191251216,user7129@example.com,银卡会员
U-TAOBAO-163941,taobao_4573806,taobao,用户7915,m,53,南京,2025-08-22,13740487860,user9314@example.com,钻石会员
U-TAOBAO-165045,taobao_9385359,taobao,用户3094,m,51,杭州,2026-11-26,18619931408,user5449@example.com,银卡会员
U-TAOBAO-166213,taobao_4763681,taobao,用户2634,m,27,深圳,2025-02-19,19983809575,user4838@example.com,金卡会员
U-TAOBAO-166621,taobao_7573440,taobao,用户8780,m,26,北京,2025-11-01,16616211907,user4394@example.com,金卡会员
U-TAOBAO-167069,taobao_5131730,taobao,用户3374,f,53,深圳,2025-06-20,14569012444,user3596@example.com,普通会员
U-TAOBAO-168240,taobao_9063431,taobao,用户8268,f,52,杭州,2025-02-03,17267490733,user8348@example.com,钻石会员
U-TAOBAO-168421,taobao_8287434,taobao,用户6166,f,56,上海,2026-06-21,17272934229,user3517@example.com,银卡会员
U-TAOBAO-168995,taobao_6441376,taobao,用户7930,m,27,杭州,2026-07-10,15793932531,user3796@example.com,钻石会员
U-TAOBAO-169634,taobao_8035215,taobao,用户2754,m,49,深圳,2025-05-24,18790948741,user3562@example.com,银卡会员
U-TAOBAO-170526,taobao_7959906,taobao,用户1252,f,29,上海,2025-09-19,19894611085,user6924@example.com,钻石会员
U-TAOBAO-170834,taobao_6385554,taobao,用户2847,f,49,武汉,2025-12-11,17524978561,user5223@example.com,普通会员
U-TAOBAO-171426,taobao_4095947,taobao,用户3358,f,46,杭州,2026-05-22,15709856518,user8929@example.com,银卡会员
U-TAOBAO-171431,taobao_6221879,taobao,用户4171,m,28,北京,2026-01-04,15804602994,user9681@example.com,银卡会员
U-TAOBAO-172679,taobao_8272465,taobao,用户7338,f,23,上海,2025-11-25,14785938344,user6575@example.com,金卡会员
U-TAOBAO-172971,taobao_5527007,taobao,用户8193,m,28,西安,2026-10-03,18316110733,user3129@example.com,钻石会员
U-TAOBAO-173705,taobao_2266754,taobao,用户8239,f,40,武汉,2026-07-23,19341028871,user7892@example.com,金卡会员
U-TAOBAO-174072,taobao_4465366,taobao,用户8177,f,44,上海,2026-09-08,16224834927,user7468@example.com,普通会员
U-TAOBAO-174152,taobao_4691422,taobao,用户7957,m,42,武汉,2026-10-11,18751303450,user9741@example.com,普通会员
U-TAOBAO-174204,taobao_8154378,taobao,用户6466,f,44,武汉,2026-01-14,14776624147,user5372@example.com,金卡会员
U-TAOBAO-174880,taobao_9805003,taobao,用户2012,f,50,北京,2025-08-02,17353276571,user9189@example.com,银卡会员
U-TAOBAO-175048,taobao_2142300,taobao,用户8678,m,34,武汉,2026-05-14,14859246636,user4500@example.com,银卡会员
U-TAOBAO-175481,taobao_4081190,taobao,用户1717,m,38,广州,2025-02-11,14955040344,user8662@example.com,金卡会员
U-TAOBAO-176433,taobao_8740242,taobao,用户9875,m,51,北京,2025-12-05,14807817680,user6619@example.com,金卡会员
U-TAOBAO-176831,taobao_1740235,taobao,用户2282,f,31,深圳,2025-12-13,13397411699,user2637@example.com,普通会员
U-TAOBAO-177289,taobao_9879791,taobao,用户3135,m,48,西安,2026-01-09,15240663962,user1087@example.com,银卡会员
U-TAOBAO-178376,taobao_5005520,taobao,用户2194,f,60,西安,2026-06-06,19133263083,user5847@example.com,金卡会员
U-TAOBAO-178519,taobao_4726259,taobao,用户1038,m,19,武汉,2026-06-23,14806100831,user5148@example.com,普通会员
U-TAOBAO-179324,taobao_1607617,taobao,用户4862,m,40,深圳,2025-04-28,18248972305,user8486@example.com,钻石会员
U-TAOBAO-179793,taobao_7917180,taobao,用户5259,m,47,成都,2025-11-07,18883933015,user1678@example.com,钻石会员
U-TAOBAO-180245,taobao_7989294,taobao,用户2430,m,51,武汉,2026-12-28,19849306639,user8448@example.com,钻石会员
U-TAOBAO-180506,taobao_6935402,taobao,用户6092,f,53,武汉,2025-11-24,15259195220,user6500@example.com,普通会员
U-TAOBAO-180570,taobao_9310693,taobao,用户6508,m,60,成都,2026-07-05,13217438041,user9829@example.com,金卡会员
U-TAOBAO-181038,taobao_1757265,taobao,用户7165,m,34,武汉,2025-10-12,14839364443,user5125@example.com,普通会员
U-TAOBAO-181743,taobao_1268596,taobao,用户8426,f,47,成都,2026-07-24,15480463421,user1982@example.com,钻石会员
U-TAOBAO-182528,taobao_6807816,taobao,用户2790,m,48,武汉,2025-09-25,17754210841,user7714@example.com,钻石会员
U-TAOBAO-183573,taobao_2826305,taobao,用户8639,m,53,武汉,2026-05-05,19856918984,user1026@example.com,金卡会员
U-TAOBAO-183719,taobao_5270148,taobao,用户3362,m,60,成都,2026-02-25,15696967748,user6994@example.com,金卡会员
U-TAOBAO-183949,taobao_9802801,taobao,用户5179,f,40,西安,2025-04-26,17654117670,user7894@example.com,银卡会员
U-TAOBAO-184316,taobao_8808696,taobao,用户7997,f,19,西安,2026-05-25,15901228001,user3487@example.com,普通会员
U-TAOBAO-184491,taobao_9013339,taobao,用户3824,m,48,武汉,2026-05-25,17861125991,user2973@example.com,金卡会员
U-TAOBAO-184934,taobao_9802534,taobao,用户3818,m,60,成都,2026-03-03,17645279705,user6895@example.com,金卡会员
U-TAOBAO-185085,taobao_3476719,taobao,用户1619,m,31,武汉,2025-03-20,16156608148,user2904@example.com,钻石会员
U-TAOBAO-186708,taobao_1753007,taobao,用户7484,f,29,重庆,2025-08-19,18146546129,user6607@example.com,金卡会员
U-TAOBAO-186935,taobao_7832265,taobao,用户7163,m,38,南京,2025-02-20,15310759765,user8651@example.com,普通会员
U-TAOBAO-186988,taobao_6761227,taobao,用户4878,f,47,上海,2026-02-09,18129368694,user6599@example.com,银卡会员
U-TAOBAO-187022,taobao_7729482,taobao,用户6991,f,45,深圳,2025-08-10,15723954121,user4873@example.com,银卡会员
U-TAOBAO-187871,taobao_2156994,taobao,用户9702,m,44,重庆,2025-06-12,15291946825,user2865@example.com,钻石会员
U-TAOBAO-187875,taobao_4866374,taobao,用户3463,m,25,杭州,2025-07-05,19678109417,user3619@example.com,普通会员
U-TAOBAO-188216,taobao_1893453,taobao,用户7394,f,48,武汉,2026-05-10,17338514889,user6489@example.com,银卡会员
U-TAOBAO-188514,taobao_3256172,taobao,用户1360,f,45,武汉,2025-07-01,16531234868,user6896@example.com,普通会员
U-TAOBAO-188800,taobao_9328125,taobao,用户7897,m,31,重庆,2025-09-27,13271228777,user6856@example.com,普通会员
U-TAOBAO-189133,taobao_1943065,taobao,用户9730,m,38,成都,2026-02-16,15141581615,user8980@example.com,普通会员
U-TAOBAO-189175,taobao_1320133,taobao,用户3271,m,19,广州,2026-08-11,19538316322,user1499@example.com,金卡会员
U-TAOBAO-190344,taobao_6593441,taobao,用户4114,m,21,广州,2026-01-26,17276226316,user8961@example.com,金卡会员
U-TAOBAO-190911,taobao_7227065,taobao,用户9948,f,21,南京,2026-02-03,16133728166,user5777@example.com,银卡会员
U-TAOBAO-192920,taobao_1145523,taobao,用户4702,f,57,广州,2025-10-17,15661279298,user6739@example.com,银卡会员
U-TAOBAO-192941,taobao_7335618,taobao,用户8819,f,38,北京,2026-07-21,19933246472,user1373@example.com,钻石会员
U-TAOBAO-193433,taobao_2368571,taobao,用户5027,m,32,北京,2025-12-24,17458533610,user1251@example.com,普通会员
U-TAOBAO-193484,taobao_3311058,taobao,用户1577,f,42,武汉,2025-04-11,17175944187,user7707@example.com,金卡会员
U-TAOBAO-194624,taobao_4365528,taobao,用户8405,m,53,杭州,2025-09-03,13183921491,user8857@example.com,钻石会员
U-TAOBAO-195135,taobao_1212792,taobao,用户7829,m,35,广州,2025-04-12,17663569556,user1042@example.com,钻石会员
U-TAOBAO-195140,taobao_6789046,taobao,用户6884,f,38,重庆,2025-11-18,17160304946,user1533@example.com,普通会员
U-TAOBAO-196485,taobao_1417596,taobao,用户7509,m,49,深圳,2026-04-23,16873419752,user3666@example.com,银卡会员
U-TAOBAO-196538,taobao_5224540,taobao,用户2626,f,21,广州,2026-10-20,14839483368,user8716@example.com,钻石会员
U-TAOBAO-196565,taobao_4433484,taobao,用户4022,f,39,深圳,2026-02-04,15956715700,user6534@example.com,银卡会员
U-TAOBAO-196666,taobao_4379341,taobao,用户7851,f,32,北京,2025-09-10,15583915470,user2040@example.com,钻石会员
U-TAOBAO-197056,taobao_4209973,taobao,用户9199,m,34,北京,2025-03-10,15759348678,user4224@example.com,金卡会员
U-TAOBAO-197654,taobao_5526642,taobao,用户6416,m,19,北京,2026-07-01,16337700900,user1243@example.com,银卡会员
U-TAOBAO-197678,taobao_8072900,taobao,用户5180,f,25,广州,2025-09-08,19585214773,user4414@example.com,钻石会员
U-TAOBAO-199824,taobao_6121127,taobao,用户2135,f,42,深圳,2026-02-01,18515544901,user9500@example.com,普通会员
U-TAOBAO-199951,taobao_2647563,taobao,用户6938,f,52,武汉,2025-04-16,17303765423,user3660@example.com,银卡会员
U-TAOBAO-200254,taobao_3790358,taobao,用户5630,m,29,广州,2025-11-03,13801666588,user8521@example.com,金卡会员
U-TAOBAO-200490,taobao_8940156,taobao,用户5303,m,27,南京,2025-08-23,18175024046,user3904@example.com,银卡会员
U-TAOBAO-200493,taobao_3713620,taobao,用户4398,f,45,上海,2026-05-12,19645224155,user5213@example.com,银卡会员
U-TAOBAO-201969,taobao_4622223,taobao,用户7097,f,29,上海,2026-07-16,18294313714,user4146@example.com,钻石会员
U-TAOBAO-202068,taobao_5266735,taobao,用户7346,m,22,西安,2025-07-16,19427518113,user6006@example.com,普通会员
U-TAOBAO-203659,taobao_1675112,taobao,用户2011,f,42,广州,2026-02-09,13697026256,user7365@example.com,银卡会员
U-TAOBAO-205321,taobao_7454345,taobao,用户8281,f,33,南京,2026-11-26,19583891518,user2711@example.com,银卡会员
U-TAOBAO-205355,taobao_9087987,taobao,用户4478,m,31,武汉,2026-09-26,13206146915,user6734@example.com,普通会员
U-TAOBAO-206825,taobao_3809279,taobao,用户8310,f,42,南京,2025-06-05,14604905851,user1246@example.com,银卡会员
U-TAOBAO-206846,taobao_5446945,taobao,用户3059,f,28,北京,2025-05-14,17934696451,user3499@example.com,钻石会员
U-TAOBAO-206993,taobao_3737329,taobao,用户7519,m,21,上海,2025-05-16,18383418386,user4165@example.com,普通会员
U-TAOBAO-207006,taobao_9392996,taobao,用户4613,f,60,北京,2026-04-15,16246560947,user9181@example.com,钻石会员
U-TAOBAO-207823,taobao_8534541,taobao,用户9164,m,25,北京,2025-07-21,18209392763,user2249@example.com,普通会员
U-TAOBAO-207900,taobao_1848109,taobao,用户5885,m,40,北京,2026-05-09,13646448988,user7105@example.com,银卡会员
U-TAOBAO-208275,taobao_3326873,taobao,用户9293,f,59,成都,2026-09-22,18376587927,user2045@example.com,钻石会员
U-TAOBAO-208304,taobao_8481965,taobao,用户4001,m,33,重庆,2026-06-25,17198899059,user6633@example.com,钻石会员
U-TAOBAO-208904,taobao_1390650,taobao,用户4225,f,58,重庆,2025-09-12,13742025785,user5961@example.com,钻石会员
U-TAOBAO-209464,taobao_7396488,taobao,用户1780,m,40,杭州,2026-09-25,13146218190,user6324@example.com,银卡会员
U-TAOBAO-210620,taobao_1041285,taobao,用户4268,m,58,杭州,2026-12-13,14920549819,user4976@example.com,金卡会员
U-TAOBAO-211688,taobao_1706539,taobao,用户4404,f,34,北京,2026-08-17,15123723824,user7610@example.com,钻石会员
U-TAOBAO-211737,taobao_8127549,taobao,用户6426,f,43,成都,2026-06-22,16278536958,user3540@example.com,金卡会员
U-TAOBAO-212499,taobao_1512463,taobao,用户2989,m,57,广州,2026-12-26,19546540868,user5235@example.com,银卡会员
U-TAOBAO-213375,taobao_9949205,taobao,用户6083,f,41,武汉,2025-04-03,17235388378,user5959@example.com,银卡会员
U-TAOBAO-213693,taobao_9817096,taobao,用户2886,f,33,杭州,2025-12-14,15619386424,user5719@example.com,普通会员
U-TAOBAO-213976,taobao_3034077,taobao,用户7282,f,50,西安,2025-09-24,13953225119,user6329@example.com,金卡会员
U-TAOBAO-214265,taobao_6056283,taobao,用户8816,m,29,北京,2026-11-03,18564294687,user5445@example.com,钻石会员
U-TAOBAO-214405,taobao_5796859,taobao,用户1102,f,46,南京,2025-04-04,19149941514,user3420@example.com,钻石会员
U-TAOBAO-215028,taobao_3813647,taobao,用户1117,m,57,南京,2025-07-27,13825938994,user7362@example.com,普通会员
U-TAOBAO-217307,taobao_3191290,taobao,用户2213,f,19,成都,2025-12-14,19712569058,user4880@example.com,金卡会员
U-TAOBAO-217947,taobao_2364800,taobao,用户4156,m,20,重庆,2026-12-27,13569431697,user9772@example.com,银卡会员
U-TAOBAO-217991,taobao_2014241,taobao,用户9714,f,24,上海,2025-05-15,14850468160,user2829@example.com,金卡会员
U-TAOBAO-219037,taobao_6872425,taobao,用户8326,f,21,北京,2025-05-15,13633660299,user1472@example.com,金卡会员
U-TAOBAO-219415,taobao_7188452,taobao,用户2773,f,22,西安,2026-08-16,17671318896,user4856@example.com,银卡会员
U-TAOBAO-219778,taobao_9803848,taobao,用户3461,m,60,西安,2026-12-16,15584483458,user5052@example.com,银卡会员
U-TAOBAO-220323,taobao_4548259,taobao,用户9135,f,54,上海,2025-02-21,14594251293,user7697@example.com,银卡会员
U-TAOBAO-220412,taobao_4908927,taobao,用户2072,f,54,杭州,2026-06-20,15355348648,user2599@example.com,钻石会员
U-TAOBAO-220833,taobao_6700633,taobao,用户5427,m,38,上海,2026-02-15,13871894109,user5162@example.com,金卡会员
U-TAOBAO-221776,taobao_2306274,taobao,用户7345,f,33,深圳,2026-08-02,17295385938,user6047@example.com,金卡会员
U-TAOBAO-223374,taobao_4059549,taobao,用户3968,m,47,深圳,2025-04-09,13223637833,user1470@example.com,银卡会员
U-TAOBAO-224281,taobao_2604024,taobao,用户3754,f,45,上海,2025-04-14,13622428823,user8092@example.com,金卡会员
U-TAOBAO-225210,taobao_9281556,taobao,用户1663,m,20,杭州,2025-03-08,19949919857,user3193@example.com,普通会员
U-TAOBAO-225544,taobao_4507001,taobao,用户8103,f,26,重庆,2026-08-13,14498727421,user1136@example.com,金卡会员
U-TAOBAO-226677,taobao_8005824,taobao,用户4768,m,34,北京,2026-02-23,18406346338,user6650@example.com,银卡会员
U-TAOBAO-227194,taobao_9676207,taobao,用户7981,m,41,武汉,2026-10-05,14649982002,user7367@example.com,钻石会员
U-TAOBAO-227785,taobao_5308753,taobao,用户9399,m,46,重庆,2026-12-21,15684719906,user2774@example.com,金卡会员
U-TAOBAO-228668,taobao_7523926,taobao,用户2072,f,50,南京,2026-03-27,19539851120,user9523@example.com,钻石会员
U-TAOBAO-228791,taobao_3090471,taobao,用户9733,m,57,武汉,2025-06-18,18184586127,user3680@example.com,银卡会员
U-TAOBAO-228978,taobao_9957645,taobao,用户3751,m,28,南京,2025-04-22,16406093268,user1740@example.com,银卡会员
U-TAOBAO-230130,taobao_3590753,taobao,用户1292,m,57,广州,2025-11-03,15763549035,user6787@example.com,金卡会员
U-TAOBAO-230730,taobao_8370800,taobao,用户1741,f,40,深圳,2025-06-10,13467947805,user2597@example.com,普通会员
U-TAOBAO-230832,taobao_4746515,taobao,用户4330,m,46,西安,2025-12-22,19993070408,user4627@example.com,银卡会员
U-TAOBAO-231284,taobao_3231530,taobao,用户7295,m,49,南京,2025-09-06,18473932800,user7381@example.com,钻石会员
U-TAOBAO-231351,taobao_2052478,taobao,用户2339,m,33,上海,2025-06-12,18738715067,user2734@example.com,金卡会员
U-TAOBAO-231422,taobao_9434156,taobao,用户6203,m,26,成都,2025-10-17,13675805923,user5820@example.com,银卡会员
U-TAOBAO-231587,taobao_9615906,taobao,用户3253,f,50,重庆,2025-03-26,15733416134,user7437@example.com,钻石会员
U-TAOBAO-231816,taobao_6204281,taobao,用户4947,f,31,南京,2025-06-11,16558695441,user4969@example.com,普通会员
U-TAOBAO-232267,taobao_8953478,taobao,用户2742,m,56,成都,2025-04-10,17536232841,user9685@example.com,金卡会员
U-TAOBAO-232414,taobao_2304759,taobao,用户3734,m,30,南京,2026-11-24,15462807564,user4930@example.com,钻石会员
U-TAOBAO-232607,taobao_4248890,taobao,用户4434,m,41,重庆,2025-12-06,17948670226,user7137@example.com,银卡会员
U-TAOBAO-233463,taobao_6436325,taobao,用户6615,m,29,武汉,2026-06-24,13715677017,user1755@example.com,金卡会员
U-TAOBAO-234030,taobao_3563282,taobao,用户5455,f,36,杭州,2026-01-07,14425334710,user7179@example.com,金卡会员
U-TAOBAO-234327,taobao_5051501,taobao,用户5776,f,25,上海,2026-12-17,16234341103,user8672@example.com,银卡会员
U-TAOBAO-236085,taobao_1754598,taobao,用户7510,m,24,成都,2026-02-09,15708264084,user2427@example.com,银卡会员
U-TAOBAO-236447,taobao_6109878,taobao,用户9069,m,45,西安,2025-06-13,15599006555,user5137@example.com,金卡会员
U-TAOBAO-237432,taobao_9479471,taobao,用户9477,m,46,广州,2025-06-07,18709308030,user2801@example.com,银卡会员
U-TAOBAO-239006,taobao_8522584,taobao,用户8538,f,34,深圳,2026-01-04,15220934298,user1207@example.com,金卡会员
U-TAOBAO-239364,taobao_1733357,taobao,用户2452,f,24,重庆,2026-11-01,19511590934,user7665@example.com,银卡会员
U-TAOBAO-239412,taobao_2216765,taobao,用户3191,f,35,南京,2026-06-12,13753357350,user2603@example.com,金卡会员
U-TAOBAO-241842,taobao_1197037,taobao,用户1416,m,38,上海,2026-09-09,14893290653,user8607@example.com,普通会员
U-TAOBAO-242413,taobao_1567869,taobao,用户4728,f,26,南京,2025-03-06,19345462463,user9646@example.com,普通会员
U-TAOBAO-242776,taobao_5404364,taobao,用户4652,m,38,上海,2026-08-21,18211548948,user6313@example.com,金卡会员
U-TAOBAO-244152,taobao_8525874,taobao,用户6376,f,24,深圳,2026-09-20,18391529208,user7342@example.com,普通会员
U-TAOBAO-245446,taobao_7990876,taobao,用户8894,m,30,重庆,2026-06-03,15442372431,user8515@example.com,银卡会员
U-TAOBAO-246326,taobao_2718422,taobao,用户6474,f,57,广州,2025-03-10,18668569795,user5342@example.com,银卡会员
U-TAOBAO-246535,taobao_1437347,taobao,用户8203,f,37,南京,2026-01-23,17255447580,user6587@example.com,钻石会员
U-TAOBAO-246737,taobao_2884609,taobao,用户6754,m,31,深圳,2025-10-14,18646073030,user4711@example.com,金卡会员
U-TAOBAO-247091,taobao_8416472,taobao,用户3826,f,31,深圳,2026-04-24,17409624422,user1785@example.com,金卡会员
U-TAOBAO-248615,taobao_2880090,taobao,用户9530,m,42,杭州,2026-12-27,19858140389,user8990@example.com,金卡会员
U-TAOBAO-248744,taobao_2418544,taobao,用户6696,f,22,重庆,2025-09-20,13885549680,user4329@example.com,银卡会员
U-TAOBAO-248784,taobao_4345037,taobao,用户2682,m,57,成都,2025-09-09,14805628912,user2100@example.com,普通会员
U-TAOBAO-248992,taobao_3440528,taobao,用户7202,f,23,广州,2025-06-20,15653249066,user4203@example.com,金卡会员
U-TAOBAO-249401,taobao_9724616,taobao,用户2589,f,54,南京,2026-11-09,17304451956,user2409@example.com,银卡会员
U-TAOBAO-249856,taobao_9222027,taobao,用户2334,f,28,重庆,2025-02-11,15239951226,user1249@example.com,银卡会员
U-TAOBAO-249930,taobao_6270579,taobao,用户8234,m,22,成都,2026-03-23,14356675116,user9413@example.com,普通会员
U-TAOBAO-250177,taobao_9428207,taobao,用户5839,f,56,杭州,2026-09-20,19557185360,user1495@example.com,钻石会员
U-TAOBAO-250402,taobao_9763301,taobao,用户5320,f,41,成都,2026-10-26,18938451944,user6272@example.com,金卡会员
U-TAOBAO-251555,taobao_1023388,taobao,用户2630,m,35,深圳,2026-06-04,18141541376,user4991@example.com,金卡会员
U-TAOBAO-251915,taobao_8517537,taobao,用户3647,f,39,重庆,2025-12-05,17527079470,user5234@example.com,金卡会员
U-TAOBAO-252641,taobao_3650096,taobao,用户6855,f,47,北京,2026-07-09,17651855097,user1846@example.com,银卡会员
U-TAOBAO-252700,taobao_4383738,taobao,用户8112,f,19,北京,2026-05-26,13689822511,user5318@example.com,钻石会员
U-TAOBAO-255077,taobao_6908892,taobao,用户9517,f,54,北京,2026-03-19,14741647885,user4022@example.com,钻石会员
U-TAOBAO-255976,taobao_8021910,taobao,用户9279,m,43,北京,2025-02-20,13952354186,user5164@example.com,普通会员
U-TAOBAO-256500,taobao_1114897,taobao,用户2075,f,24,重庆,2025-09-11,14915898602,user6664@example.com,钻石会员
U-TAOBAO-259467,taobao_2797262,taobao,用户1519,f,29,杭州,2025-01-19,15915055927,user8228@example.com,银卡会员
U-TAOBAO-260350,taobao_8593684,taobao,用户6048,m,53,西安,2025-11-27,15833054068,user8410@example.com,普通会员
U-TAOBAO-260453,taobao_6873325,taobao,用户2024,m,49,西安,2025-08-13,16608066069,user9898@example.com,金卡会员
U-TAOBAO-260782,taobao_9709133,taobao,用户6764,f,32,重庆,2025-12-03,18156107857,user1475@example.com,普通会员
U-TAOBAO-261055,taobao_1751270,taobao,用户7475,f,42,杭州,2026-12-07,16789735357,user3694@example.com,银卡会员
U-TAOBAO-261185,taobao_8071673,taobao,用户6293,f,25,南京,2025-11-23,16804159297,user7084@example.com,普通会员
U-TAOBAO-261512,taobao_6340384,taobao,用户9054,f,49,广州,2026-05-02,18162577158,user3065@example.com,银卡会员
U-TAOBAO-262412,taobao_9787162,taobao,用户8541,f,30,上海,2026-09-02,13416605882,user1161@example.com,银卡会员
U-TAOBAO-262529,taobao_3903029,taobao,用户5227,f,44,西安,2025-12-06,19393804939,user3276@example.com,银卡会员
U-TAOBAO-263465,taobao_7602595,taobao,用户6761,f,22,重庆,2026-08-15,13812683626,user7352@example.com,银卡会员
U-TAOBAO-263650,taobao_4129308,taobao,用户2361,f,45,西安,2026-03-05,19963265544,user5185@example.com,金卡会员
U-TAOBAO-264143,taobao_5445669,taobao,用户3712,f,54,杭州,2025-03-04,19863470769,user9007@example.com,金卡会员
U-TAOBAO-264269,taobao_5320916,taobao,用户9237,f,36,上海,2025-09-14,17520365211,user9594@example.com,金卡会员
U-TAOBAO-265440,taobao_1995895,taobao,用户1176,f,47,重庆,2025-08-15,18734663568,user5308@example.com,普通会员
U-TAOBAO-266951,taobao_6282922,taobao,用户5094,f,37,南京,2026-09-13,17840841394,user1566@example.com,普通会员
U-TAOBAO-268042,taobao_5010809,taobao,用户9184,f,26,上海,2025-05-25,19646926793,user6822@example.com,普通会员
U-TAOBAO-268692,taobao_3015807,taobao,用户2190,m,19,西安,2025-02-21,18793948397,user4726@example.com,银卡会员
U-TAOBAO-269561,taobao_9471244,taobao,用户3908,f,51,上海,2026-06-28,16807635102,user9136@example.com,钻石会员
U-TAOBAO-270913,taobao_5335759,taobao,用户7916,m,28,上海,2026-07-13,16903784307,user3837@example.com,普通会员
U-TAOBAO-271301,taobao_4622433,taobao,用户7006,f,41,广州,2026-09-20,16584931902,user6162@example.com,钻石会员
U-TAOBAO-272202,taobao_5845854,taobao,用户2131,m,41,重庆,2026-07-08,13854404750,user6593@example.com,银卡会员
U-TAOBAO-272817,taobao_6539710,taobao,用户2717,f,34,广州,2025-06-02,18928500786,user4752@example.com,钻石会员
U-TAOBAO-272885,taobao_5409862,taobao,用户8564,f,45,广州,2026-01-12,19828711981,user2385@example.com,普通会员
U-TAOBAO-273000,taobao_3160140,taobao,用户5244,m,27,杭州,2026-06-08,13321966096,user3265@example.com,钻石会员
U-TAOBAO-273063,taobao_6815396,taobao,用户1621,f,59,上海,2025-08-17,13988005773,user7558@example.com,钻石会员
U-TAOBAO-273933,taobao_3855779,taobao,用户1326,f,29,成都,2025-05-25,15486943800,user8770@example.com,普通会员
U-TAOBAO-274658,taobao_7749431,taobao,用户3495,m,29,上海,2026-04-27,18624354121,user9623@example.com,银卡会员
U-TAOBAO-275771,taobao_1530764,taobao,用户3750,m,53,上海,2026-10-02,14305541892,user6317@example.com,钻石会员
U-TAOBAO-276364,taobao_2220416,taobao,用户1879,f,22,重庆,2025-01-23,18530424821,user8892@example.com,钻石会员
U-TAOBAO-277508,taobao_4695014,taobao,用户8216,f,39,成都,2025-10-08,19329333096,user5789@example.com,钻石会员
U-TAOBAO-278082,taobao_9242656,taobao,用户7055,f,35,南京,2025-03-01,15235693593,user5627@example.com,银卡会员
U-TAOBAO-278370,taobao_8163148,taobao,用户9322,m,55,南京,2025-02-23,19661395309,user4494@example.com,银卡会员
U-TAOBAO-278547,taobao_1811889,taobao,用户3228,f,21,武汉,2026-03-15,18768004903,user9603@example.com,钻石会员
U-TAOBAO-281385,taobao_4039757,taobao,用户8088,m,25,成都,2025-08-17,14473144992,user3416@example.com,钻石会员
U-TAOBAO-281990,taobao_8534645,taobao,用户7272,f,23,重庆,2025-08-06,17614482367,user4970@example.com,钻石会员
U-TAOBAO-283177,taobao_9828677,taobao,用户7886,f,59,南京,2025-07-26,18355346141,user1384@example.com,银卡会员
U-TAOBAO-283240,taobao_2339309,taobao,用户8769,f,58,杭州,2026-03-24,14859857955,user6367@example.com,钻石会员
U-TAOBAO-283766,taobao_1159915,taobao,用户5606,f,42,北京,2026-04-15,18265316510,user7587@example.com,普通会员
U-TAOBAO-283865,taobao_6232686,taobao,用户4381,f,32,广州,2026-07-28,16854956364,user5625@example.com,金卡会员
U-TAOBAO-284378,taobao_9223846,taobao,用户6631,m,19,南京,2025-12-12,18878231134,user2051@example.com,钻石会员
U-TAOBAO-285707,taobao_1697756,taobao,用户5360,f,28,重庆,2026-03-08,17959976019,user5858@example.com,普通会员
U-TAOBAO-285721,taobao_2130996,taobao,用户4342,f,44,西安,2026-10-24,19705700475,user3306@example.com,金卡会员
U-TAOBAO-286310,taobao_5650769,taobao,用户6351,f,60,重庆,2025-08-25,17112860729,user3656@example.com,钻石会员
U-TAOBAO-287885,taobao_8845805,taobao,用户8449,m,20,成都,2026-10-01,13741103922,user3187@example.com,普通会员
U-TAOBAO-288355,taobao_1719433,taobao,用户9800,m,29,北京,2026-02-14,14963961676,user3709@example.com,普通会员
U-TAOBAO-290160,taobao_9479482,taobao,用户1355,m,23,深圳,2025-07-22,15154925653,user6170@example.com,金卡会员
U-TAOBAO-290702,taobao_2790947,taobao,用户1148,m,37,杭州,2026-12-22,18924675935,user3153@example.com,钻石会员
U-TAOBAO-291118,taobao_8814214,taobao,用户4231,m,34,成都,2026-08-23,19175692450,user1265@example.com,钻石会员
U-TAOBAO-291333,taobao_2362813,taobao,用户2400,f,54,北京,2026-05-18,13634235140,user7148@example.com,银卡会员
U-TAOBAO-291669,taobao_5057235,taobao,用户8510,m,26,重庆,2025-08-06,18151567545,user2604@example.com,银卡会员
U-TAOBAO-292066,taobao_4779784,taobao,用户2642,f,60,成都,2025-07-21,19203393526,user7072@example.com,金卡会员
U-TAOBAO-292183,taobao_5353381,taobao,用户5327,m,31,深圳,2026-04-08,15437081713,user2931@example.com,银卡会员
U-TAOBAO-292196,taobao_8277832,taobao,用户2371,m,60,武汉,2025-06-11,13494757461,user6454@example.com,金卡会员
U-TAOBAO-293121,taobao_6274142,taobao,用户5611,m,39,成都,2026-10-18,15559972118,user1425@example.com,普通会员
U-TAOBAO-293366,taobao_2090208,taobao,用户7705,m,18,南京,2025-10-08,18725345580,user3622@example.com,金卡会员
U-TAOBAO-295214,taobao_7220297,taobao,用户7445,m,55,广州,2025-12-22,17425652657,user5811@example.com,钻石会员
U-TAOBAO-295323,taobao_4643030,taobao,用户7140,m,46,武汉,2026-09-10,14299547863,user6196@example.com,金卡会员
U-TAOBAO-297761,taobao_9045447,taobao,用户5502,f,48,上海,2025-01-05,15605785007,user9844@example.com,钻石会员
U-TAOBAO-298918,taobao_6103643,taobao,用户2376,m,32,深圳,2026-08-18,17173453747,user9484@example.com,银卡会员
U-TAOBAO-298956,taobao_1913039,taobao,用户9413,m,51,杭州,2025-06-26,15665819053,user1134@example.com,银卡会员
U-TAOBAO-298998,taobao_6221820,taobao,用户4983,f,30,成都,2025-05-24,17842539057,user6016@example.com,金卡会员
U-TAOBAO-299118,taobao_8100761,taobao,用户4344,f,19,南京,2025-04-11,17592599970,user9288@example.com,钻石会员
U-TAOBAO-299543,taobao_2421995,taobao,用户3332,f,23,南京,2025-06-03,17158280477,user3247@example.com,钻石会员
U-TAOBAO-299955,taobao_2688829,taobao,用户6914,m,54,北京,2025-01-25,16254216097,user7804@example.com,普通会员
U-TAOBAO-300263,taobao_2015226,taobao,用户4533,f,23,上海,2025-08-26,15839943157,user7310@example.com,钻石会员
U-TAOBAO-301229,taobao_5234333,taobao,用户4103,f,38,广州,2026-11-13,15478229014,user1391@example.com,钻石会员
U-TAOBAO-301326,taobao_4159037,taobao,用户6468,f,27,重庆,2025-07-14,19816560050,user7161@example.com,银卡会员
U-TAOBAO-302410,taobao_6266978,taobao,用户7385,f,32,西安,2025-04-01,13756523294,user8811@example.com,金卡会员
U-TAOBAO-302959,taobao_3871337,taobao,用户8440,f,22,北京,2025-08-18,14353835253,user3299@example.com,银卡会员
U-TAOBAO-303292,taobao_3444873,taobao,用户1191,f,27,北京,2026-08-15,16890218025,user3659@example.com,金卡会员
U-TAOBAO-305117,taobao_2050944,taobao,用户1721,m,52,重庆,2026-10-16,14593739400,user6006@example.com,钻石会员
U-TAOBAO-306029,taobao_8632970,taobao,用户5302,m,51,武汉,2026-05-07,16300062308,user7278@example.com,金卡会员
U-TAOBAO-306524,taobao_9500111,taobao,用户9676,m,36,广州,2025-10-13,19362288935,user3952@example.com,普通会员
U-TAOBAO-306697,taobao_7958749,taobao,用户2071,f,26,北京,2026-02-28,13237838808,user5301@example.com,普通会员
U-TAOBAO-306862,taobao_9560999,taobao,用户9878,f,24,广州,2025-11-16,19839450345,user5834@example.com,普通会员
U-TAOBAO-307619,taobao_5829204,taobao,用户2163,f,37,杭州,2026-10-08,13399706968,user4570@example.com,银卡会员
U-TAOBAO-308706,taobao_6149396,taobao,用户4857,m,56,西安,2025-01-23,19959120726,user7004@example.com,金卡会员
U-TAOBAO-310512,taobao_3810041,taobao,用户9996,f,25,北京,2026-11-19,19948849253,user6573@example.com,金卡会员
U-TAOBAO-310563,taobao_8655299,taobao,用户3502,f,18,杭州,2026-01-10,15586459475,user1075@example.com,银卡会员
U-TAOBAO-312478,taobao_6280444,taobao,用户4145,m,33,广州,2026-05-08,15766948136,user9502@example.com,银卡会员
U-TAOBAO-312558,taobao_9602955,taobao,用户8117,m,36,西安,2026-09-13,14820039715,user8817@example.com,金卡会员
U-TAOBAO-313194,taobao_4492096,taobao,用户5386,m,46,成都,2025-09-25,13528974356,user3639@example.com,银卡会员
U-TAOBAO-313525,taobao_3586247,taobao,用户6287,m,35,上海,2026-02-27,13107751601,user8312@example.com,普通会员
U-TAOBAO-313617,taobao_6033074,taobao,用户2529,m,57,深圳,2026-07-27,16378907744,user5291@example.com,钻石会员
U-TAOBAO-315760,taobao_8866424,taobao,用户1719,f,50,上海,2025-12-13,14790189300,user9851@example.com,普通会员
U-TAOBAO-316737,taobao_9306923,taobao,用户1625,m,55,广州,2025-06-21,16846074833,user8886@example.com,金卡会员
U-TAOBAO-316968,taobao_1799398,taobao,用户2256,m,24,南京,2026-12-04,18575716800,user8174@example.com,钻石会员
U-TAOBAO-317591,taobao_1464765,taobao,用户9309,m,22,成都,2026-02-26,13668662241,user7612@example.com,普通会员
U-TAOBAO-319470,taobao_3595434,taobao,用户4027,m,40,深圳,2026-04-05,18447348762,user8700@example.com,钻石会员
U-TAOBAO-319852,taobao_1071603,taobao,用户8948,m,35,南京,2025-03-15,15239143221,user7820@example.com,钻石会员
U-TAOBAO-320634,taobao_5179936,taobao,用户4341,f,27,南京,2026-08-17,17499055192,user8832@example.com,普通会员
U-TAOBAO-321119,taobao_9162832,taobao,用户2714,m,47,深圳,2026-12-24,16966759726,user6069@example.com,普通会员
U-TAOBAO-321124,taobao_5781438,taobao,用户3911,f,46,广州,2025-08-12,19828995495,user2573@example.com,银卡会员
U-TAOBAO-321257,taobao_5395974,taobao,用户1962,f,22,北京,2025-12-27,19978444534,user1773@example.com,银卡会员
U-TAOBAO-321690,taobao_6025038,taobao,用户8190,m,38,南京,2026-10-06,14675894283,user9657@example.com,普通会员
U-TAOBAO-321965,taobao_1787984,taobao,用户8493,m,25,重庆,2025-06-18,16960090483,user6897@example.com,钻石会员
U-TAOBAO-323428,taobao_6183779,taobao,用户8009,m,41,北京,2026-04-28,17186101556,user1293@example.com,金卡会员
U-TAOBAO-323642,taobao_2957079,taobao,用户2806,m,45,深圳,2026-03-02,13161212422,user2355@example.com,银卡会员
U-TAOBAO-323661,taobao_5169914,taobao,用户9640,m,47,深圳,2026-10-21,19466290579,user3090@example.com,金卡会员
U-TAOBAO-323768,taobao_1957245,taobao,用户9309,f,38,广州,2025-05-03,15927601694,user7447@example.com,普通会员
U-TAOBAO-324287,taobao_2690355,taobao,用户5349,f,46,广州,2025-12-18,14879848677,user6171@example.com,普通会员
U-TAOBAO-326566,taobao_9793753,taobao,用户1653,f,53,上海,2025-09-18,16172619980,user7265@example.com,银卡会员
U-TAOBAO-327283,taobao_1842363,taobao,用户7553,f,44,北京,2025-10-01,14194876983,user7676@example.com,金卡会员
U-TAOBAO-329104,taobao_1323246,taobao,用户1062,m,53,杭州,2026-06-23,19771555910,user9147@example.com,普通会员
U-TAOBAO-329186,taobao_6197325,taobao,用户9706,m,57,西安,2025-12-18,17512006043,user5554@example.com,银卡会员
U-TAOBAO-329989,taobao_8729654,taobao,用户2949,m,29,北京,2026-12-06,19578236276,user1470@example.com,普通会员
U-TAOBAO-330049,taobao_3404062,taobao,用户6052,f,48,广州,2026-04-14,19912013502,user1734@example.com,钻石会员
U-TAOBAO-330266,taobao_7804932,taobao,用户1481,f,44,广州,2026-03-09,13749025697,user7994@example.com,金卡会员
U-TAOBAO-332435,taobao_5831119,taobao,用户3844,m,33,西安,2025-03-23,15816672387,user7310@example.com,普通会员
U-TAOBAO-332509,taobao_5296789,taobao,用户7218,m,48,北京,2026-01-17,14887438965,user4932@example.com,金卡会员
U-TAOBAO-333184,taobao_8311070,taobao,用户6661,f,37,杭州,2025-12-14,15972841962,user1121@example.com,银卡会员
U-TAOBAO-333219,taobao_1869092,taobao,用户5370,f,54,北京,2025-01-23,16261231158,user7905@example.com,银卡会员
U-TAOBAO-334904,taobao_8231202,taobao,用户9319,m,57,北京,2026-09-10,15871256672,user2343@example.com,普通会员
U-TAOBAO-335535,taobao_1414763,taobao,用户8002,f,31,成都,2026-09-18,15376706771,user3612@example.com,普通会员
U-TAOBAO-335680,taobao_6363715,taobao,用户7705,m,35,南京,2025-06-20,13972971823,user9982@example.com,金卡会员
U-TAOBAO-336424,taobao_5259263,taobao,用户9137,f,24,北京,2025-06-20,17619274600,user3677@example.com,银卡会员
U-TAOBAO-336977,taobao_6946335,taobao,用户6350,m,59,北京,2025-06-10,18142292644,user7228@example.com,钻石会员
U-TAOBAO-337220,taobao_5893359,taobao,用户1752,f,25,广州,2026-01-21,15786045644,user9696@example.com,钻石会员
U-TAOBAO-337674,taobao_2843207,taobao,用户2220,m,23,成都,2026-06-18,17407639105,user5672@example.com,钻石会员
U-TAOBAO-338374,taobao_9882096,taobao,用户9337,m,45,深圳,2026-05-20,13488079671,user9723@example.com,普通会员
U-TAOBAO-338558,taobao_2674192,taobao,用户3624,m,29,上海,2026-11-23,15888633568,user6451@example.com,钻石会员
U-TAOBAO-339479,taobao_5657604,taobao,用户9257,m,19,西安,2025-02-07,18978197604,user3840@example.com,金卡会员
U-TAOBAO-340125,taobao_7024999,taobao,用户7891,f,18,北京,2025-06-07,13156774770,user1605@example.com,钻石会员
U-TAOBAO-341193,taobao_3085718,taobao,用户1979,f,37,成都,2026-09-03,14919658923,user7814@example.com,普通会员
U-TAOBAO-341859,taobao_4151820,taobao,用户4285,f,47,西安,2025-04-03,16244492669,user6377@example.com,普通会员
U-TAOBAO-342907,taobao_5115298,taobao,用户3133,f,19,西安,2025-12-04,15586497782,user1738@example.com,金卡会员
U-TAOBAO-343352,taobao_5797874,taobao,用户1212,m,32,上海,2026-07-04,16337699232,user5739@example.com,普通会员
U-TAOBAO-343392,taobao_6535967,taobao,用户2152,f,59,杭州,2026-04-04,17534349845,user3837@example.com,钻石会员
U-TAOBAO-343603,taobao_5730240,taobao,用户9219,m,22,上海,2025-01-04,14983173541,user5872@example.com,银卡会员
U-TAOBAO-344266,taobao_5546149,taobao,用户5866,m,40,广州,2026-04-26,16805165437,user7132@example.com,银卡会员
U-TAOBAO-344627,taobao_3107972,taobao,用户7574,f,43,西安,2025-07-06,15977478052,user9240@example.com,普通会员
U-TAOBAO-346273,taobao_9489968,taobao,用户9649,m,57,深圳,2025-12-17,17846714529,user7574@example.com,金卡会员
U-TAOBAO-346657,taobao_3947834,taobao,用户5996,f,29,重庆,2026-09-13,14554812853,user2086@example.com,银卡会员
U-TAOBAO-346832,taobao_9917015,taobao,用户9403,f,43,深圳,2026-11-11,16614667024,user2082@example.com,普通会员
U-TAOBAO-347131,taobao_5222146,taobao,用户7208,m,43,重庆,2025-11-19,16892882841,user7961@example.com,普通会员
U-TAOBAO-347428,taobao_5337047,taobao,用户9671,f,45,杭州,2026-12-25,17415936416,user5070@example.com,普通会员
U-TAOBAO-347452,taobao_1746805,taobao,用户6412,f,54,上海,2026-03-17,17302570671,user5102@example.com,银卡会员
U-TAOBAO-347893,taobao_9911682,taobao,用户1312,f,24,广州,2026-09-16,17379787153,user6108@example.com,金卡会员
U-TAOBAO-349239,taobao_4876462,taobao,用户1466,m,40,杭州,2025-09-06,13127902983,user1097@example.com,普通会员
U-TAOBAO-349287,taobao_1564845,taobao,用户6398,f,36,广州,2026-03-06,19494861494,user6430@example.com,普通会员
U-TAOBAO-349351,taobao_6871252,taobao,用户9933,m,41,广州,2026-01-09,13729311014,user1501@example.com,金卡会员
U-TAOBAO-349736,taobao_3233047,taobao,用户1028,f,28,西安,2025-07-06,14101816347,user7478@example.com,金卡会员
U-TAOBAO-350572,taobao_6027390,taobao,用户7722,m,33,北京,2025-05-07,14437736123,user7457@example.com,银卡会员
U-TAOBAO-350806,taobao_2521046,taobao,用户7576,f,34,重庆,2026-11-01,14445148159,user6331@example.com,金卡会员
U-TAOBAO-351674,taobao_1749683,taobao,用户4687,m,47,西安,2025-04-20,16445702110,user6365@example.com,金卡会员
U-TAOBAO-352269,taobao_2654902,taobao,用户9765,m,25,武汉,2026-05-08,15576174699,user1441@example.com,金卡会员
U-TAOBAO-352615,taobao_2640688,taobao,用户5894,m,21,重庆,2026-04-07,15322435739,user9138@example.com,金卡会员
U-TAOBAO-353102,taobao_1690947,taobao,用户4145,m,23,北京,2025-04-28,18631183799,user8224@example.com,银卡会员
U-TAOBAO-353107,taobao_9354225,taobao,用户9863,f,42,深圳,2025-07-01,19528062788,user6052@example.com,银卡会员
U-TAOBAO-353196,taobao_7900396,taobao,用户7621,f,39,南京,2025-10-11,16532636707,user2994@example.com,金卡会员
U-TAOBAO-353249,taobao_3286096,taobao,用户3402,m,19,南京,2025-08-26,19689855379,user2681@example.com,银卡会员
U-TAOBAO-353418,taobao_6587440,taobao,用户4314,f,47,南京,2026-11-25,19878978195,user1855@example.com,金卡会员
U-TAOBAO-355004,taobao_8563453,taobao,用户6321,f,37,北京,2026-12-13,19888235806,user7996@example.com,金卡会员
U-TAOBAO-355861,taobao_3709638,taobao,用户1310,f,52,重庆,2026-04-26,17351765459,user5291@example.com,银卡会员
U-TAOBAO-356181,taobao_9335808,taobao,用户2268,f,26,武汉,2025-12-28,16851047692,user7089@example.com,金卡会员
U-TAOBAO-356378,taobao_3027984,taobao,用户8232,f,41,深圳,2026-12-20,14969843903,user4799@example.com,金卡会员
U-TAOBAO-357857,taobao_8493707,taobao,用户6621,f,35,西安,2025-09-20,18336918497,user2802@example.com,普通会员
U-TAOBAO-358154,taobao_1885140,taobao,用户6289,f,35,武汉,2025-06-01,19671120440,user6689@example.com,普通会员
U-TAOBAO-358514,taobao_5650501,taobao,用户6442,f,33,上海,2026-09-20,16640364262,user9026@example.com,普通会员
U-TAOBAO-358674,taobao_5783226,taobao,用户8346,f,56,深圳,2026-01-28,16355953834,user7905@example.com,钻石会员
U-TAOBAO-358902,taobao_5994410,taobao,用户5726,f,31,南京,2025-12-14,14231988559,user4925@example.com,银卡会员
U-TAOBAO-360007,taobao_1301232,taobao,用户9105,m,42,深圳,2026-06-27,14128685054,user4098@example.com,普通会员
U-TAOBAO-360101,taobao_5006911,taobao,用户2417,f,25,成都,2026-04-05,15394819212,user8350@example.com,金卡会员
U-TAOBAO-360870,taobao_6819035,taobao,用户9986,f,26,武汉,2025-08-07,14188708914,user6046@example.com,金卡会员
U-TAOBAO-361099,taobao_8316189,taobao,用户1156,m,54,西安,2025-09-04,16909140376,user3895@example.com,普通会员
U-TAOBAO-362705,taobao_5195766,taobao,用户6909,m,54,深圳,2026-10-19,17990448490,user9254@example.com,银卡会员
U-TAOBAO-364087,taobao_4797370,taobao,用户5316,m,32,上海,2025-04-16,16693289854,user8709@example.com,银卡会员
U-TAOBAO-364831,taobao_3363696,taobao,用户4053,m,38,杭州,2025-07-06,13797950855,user2622@example.com,普通会员
U-TAOBAO-365806,taobao_1413037,taobao,用户6440,f,22,武汉,2026-05-02,14238277650,user7192@example.com,银卡会员
U-TAOBAO-366654,taobao_2925950,taobao,用户5831,f,55,广州,2026-03-20,16477510943,user6965@example.com,普通会员
U-TAOBAO-366706,taobao_4542657,taobao,用户3839,f,44,杭州,2026-05-13,13635078186,user7889@example.com,钻石会员
U-TAOBAO-366827,taobao_6462931,taobao,用户6682,f,33,北京,2025-11-23,17197719652,user1148@example.com,银卡会员
U-TAOBAO-366838,taobao_8572799,taobao,用户1998,f,50,南京,2025-08-06,17481550598,user1265@example.com,银卡会员
U-TAOBAO-367339,taobao_4816461,taobao,用户1018,f,45,武汉,2026-12-28,16663108359,user2700@example.com,普通会员
U-TAOBAO-368188,taobao_7200562,taobao,用户2791,f,52,武汉,2025-07-17,13304707713,user3955@example.com,金卡会员
U-TAOBAO-368336,taobao_7808191,taobao,用户9097,f,20,深圳,2025-01-02,19911118397,user9496@example.com,钻石会员
U-TAOBAO-368370,taobao_2201681,taobao,用户9544,m,25,西安,2025-02-05,17815066346,user2966@example.com,金卡会员
U-TAOBAO-369144,taobao_9493699,taobao,用户1563,m,60,重庆,2026-01-18,13444850625,user8106@example.com,银卡会员
U-TAOBAO-369553,taobao_4957036,taobao,用户6947,m,20,北京,2026-06-24,14902553936,user9822@example.com,银卡会员
U-TAOBAO-369637,taobao_8386360,taobao,用户2128,m,58,武汉,2026-07-27,14529468281,user9355@example.com,钻石会员
U-TAOBAO-369832,taobao_2474687,taobao,用户3290,m,33,北京,2025-07-25,15334023952,user1592@example.com,钻石会员
U-TAOBAO-370435,taobao_5875790,taobao,用户5062,m,37,武汉,2026-08-17,16976028208,user5887@example.com,普通会员
U-TAOBAO-370584,taobao_5776347,taobao,用户6260,f,33,广州,2026-09-08,14940332702,user6056@example.com,金卡会员
U-TAOBAO-371060,taobao_6643014,taobao,用户6573,m,20,杭州,2025-08-07,14727209306,user8160@example.com,钻石会员
U-TAOBAO-372723,taobao_1707598,taobao,用户5432,f,58,西安,2025-04-01,17837984947,user6541@example.com,普通会员
U-TAOBAO-373536,taobao_5989043,taobao,用户5270,m,43,广州,2025-06-11,18422719074,user6092@example.com,银卡会员
U-TAOBAO-373765,taobao_5390844,taobao,用户8328,m,52,成都,2026-04-11,17396546107,user9805@example.com,金卡会员
U-TAOBAO-373907,taobao_8516108,taobao,用户8616,m,42,广州,2025-12-15,15965122890,user2985@example.com,金卡会员
U-TAOBAO-374154,taobao_9172436,taobao,用户7326,f,40,广州,2026-08-17,13846880722,user4756@example.com,银卡会员
U-TAOBAO-374744,taobao_2434848,taobao,用户5363,f,27,杭州,2026-11-26,17805131117,user6830@example.com,钻石会员
U-TAOBAO-375186,taobao_1895089,taobao,用户4290,m,25,上海,2026-03-26,18127731086,user3619@example.com,钻石会员
U-TAOBAO-375631,taobao_1668792,taobao,用户2674,f,40,重庆,2025-03-27,13564460037,user7482@example.com,银卡会员
U-TAOBAO-375633,taobao_7450786,taobao,用户2562,m,57,武汉,2025-06-16,16956845684,user8452@example.com,钻石会员
U-TAOBAO-375861,taobao_9195405,taobao,用户9050,m,47,武汉,2026-02-18,16230224664,user3746@example.com,金卡会员
U-TAOBAO-378310,taobao_4505899,taobao,用户5254,m,52,重庆,2025-03-28,17158047544,user2192@example.com,银卡会员
U-TAOBAO-378482,taobao_6235779,taobao,用户9467,f,47,广州,2026-08-21,13103436122,user1022@example.com,银卡会员
U-TAOBAO-378499,taobao_3977155,taobao,用户4775,f,44,西安,2026-04-25,16990063810,user5530@example.com,普通会员
U-TAOBAO-379454,taobao_4317972,taobao,用户5372,f,42,武汉,2026-05-18,15925143280,user1316@example.com,银卡会员
U-TAOBAO-380325,taobao_7723016,taobao,用户6009,f,21,上海,2025-09-09,17738785084,user8652@example.com,银卡会员
U-TAOBAO-381430,taobao_8018360,taobao,用户6592,m,33,重庆,2026-04-08,13272574585,user9624@example.com,钻石会员
U-TAOBAO-381656,taobao_8452208,taobao,用户5924,f,57,北京,2026-04-24,16281587566,user3577@example.com,金卡会员
U-TAOBAO-381840,taobao_6781581,taobao,用户1535,m,51,重庆,2026-07-12,19909490813,user1184@example.com,银卡会员
U-TAOBAO-382808,taobao_5190597,taobao,用户3230,f,58,成都,2025-06-15,19931874066,user6903@example.com,普通会员
U-TAOBAO-382928,taobao_2381713,taobao,用户2270,f,54,杭州,2026-12-01,13815797681,user7382@example.com,银卡会员
U-TAOBAO-385015,taobao_4464187,taobao,用户4556,f,44,西安,2026-11-17,14522858009,user6673@example.com,银卡会员
U-TAOBAO-385099,taobao_9865639,taobao,用户4998,m,30,北京,2025-03-14,15368548156,user4505@example.com,金卡会员
U-TAOBAO-385615,taobao_2341016,taobao,用户7175,m,53,西安,2026-08-03,16983665282,user7687@example.com,银卡会员
U-TAOBAO-385998,taobao_5923258,taobao,用户8214,f,26,重庆,2026-03-04,19532167930,user1093@example.com,钻石会员
U-TAOBAO-386104,taobao_2681071,taobao,用户2887,f,42,广州,2026-01-08,16441190602,user4245@example.com,钻石会员
U-TAOBAO-387329,taobao_6942998,taobao,用户2287,m,60,北京,2026-07-16,15543103419,user1332@example.com,普通会员
U-TAOBAO-387382,taobao_2174393,taobao,用户7189,f,44,重庆,2025-05-08,19693194148,user1042@example.com,钻石会员
U-TAOBAO-388349,taobao_1894252,taobao,用户8376,f,41,北京,2025-12-03,15501342285,user1893@example.com,钻石会员
U-TAOBAO-388367,taobao_7854653,taobao,用户2135,m,22,深圳,2025-09-20,16763262406,user2567@example.com,钻石会员
U-TAOBAO-389050,taobao_6500176,taobao,用户8876,f,53,南京,2025-01-21,19110265086,user8282@example.com,金卡会员
U-TAOBAO-389199,taobao_3844095,taobao,用户2372,m,29,武汉,2025-10-13,16437363077,user3639@example.com,金卡会员
U-TAOBAO-389909,taobao_7876472,taobao,用户1755,m,32,南京,2026-06-21,14658325256,user4183@example.com,普通会员
U-TAOBAO-389925,taobao_2073933,taobao,用户3187,m,29,上海,2026-02-25,18110399666,user4354@example.com,金卡会员
U-TAOBAO-390318,taobao_9348580,taobao,用户4976,f,32,广州,2025-01-21,15113449345,user7740@example.com,银卡会员
U-TAOBAO-391163,taobao_9865428,taobao,用户4394,m,22,成都,2025-12-05,18288437215,user2182@example.com,银卡会员
U-TAOBAO-392757,taobao_1510011,taobao,用户5625,f,41,南京,2025-03-06,14632114788,user4428@example.com,金卡会员
U-TAOBAO-393786,taobao_3267644,taobao,用户8687,m,41,杭州,2025-06-08,18551518916,user9144@example.com,钻石会员
U-TAOBAO-393837,taobao_1215765,taobao,用户1180,f,46,北京,2025-04-08,13501731855,user6851@example.com,银卡会员
U-TAOBAO-393972,taobao_4812705,taobao,用户7697,f,34,成都,2025-03-26,13894346754,user1334@example.com,钻石会员
U-TAOBAO-394297,taobao_4922801,taobao,用户3781,f,36,广州,2025-01-08,16640835201,user3461@example.com,钻石会员
U-TAOBAO-396644,taobao_5852020,taobao,用户1225,f,43,武汉,2026-05-17,18631288088,user4854@example.com,普通会员
U-TAOBAO-397641,taobao_5434730,taobao,用户3078,m,54,西安,2025-03-28,13179986440,user1450@example.com,普通会员
U-TAOBAO-399154,taobao_1579018,taobao,用户3003,f,41,重庆,2025-01-20,19192124786,user1987@example.com,银卡会员
U-TAOBAO-400443,taobao_9529225,taobao,用户1409,f,53,深圳,2025-04-01,16363923779,user4346@example.com,金卡会员
U-TAOBAO-401017,taobao_2267482,taobao,用户1136,f,29,广州,2025-01-05,16274415503,user6607@example.com,钻石会员
U-TAOBAO-402163,taobao_8683229,taobao,用户5648,f,36,南京,2026-10-13,17564095539,user7685@example.com,钻石会员
U-TAOBAO-402372,taobao_1754862,taobao,用户4019,m,39,上海,2025-04-18,13417910417,user4954@example.com,普通会员
U-TAOBAO-403262,taobao_6156384,taobao,用户4094,m,19,成都,2025-07-16,18515475379,user1258@example.com,普通会员
U-TAOBAO-404418,taobao_6239339,taobao,用户1817,f,41,上海,2025-03-14,13625215960,user9207@example.com,银卡会员
U-TAOBAO-404888,taobao_2519547,taobao,用户2637,m,56,西安,2026-05-26,19179443266,user4568@example.com,银卡会员
U-TAOBAO-405776,taobao_8874883,taobao,用户8226,m,57,西安,2025-12-19,18592383045,user8649@example.com,银卡会员
U-TAOBAO-406135,taobao_3583753,taobao,用户7577,m,55,成都,2026-07-05,18169465047,user9369@example.com,金卡会员
U-TAOBAO-406401,taobao_5100354,taobao,用户7615,f,56,杭州,2025-11-07,15341388323,user3315@example.com,金卡会员
U-TAOBAO-407413,taobao_7967731,taobao,用户6354,f,43,南京,2026-03-08,15300099322,user4087@example.com,银卡会员
U-TAOBAO-407654,taobao_3087584,taobao,用户7622,f,58,上海,2025-07-28,18237899354,user9131@example.com,银卡会员
U-TAOBAO-407772,taobao_7335766,taobao,用户6335,m,23,成都,2026-09-22,13672063809,user8558@example.com,钻石会员
U-TAOBAO-408091,taobao_6613813,taobao,用户8871,f,60,成都,2025-02-08,19342619350,user4100@example.com,银卡会员
U-TAOBAO-408115,taobao_6254408,taobao,用户1967,f,23,深圳,2026-02-13,19387740446,user1718@example.com,金卡会员
U-TAOBAO-408898,taobao_8920159,taobao,用户5174,m,48,广州,2026-05-02,18729495084,user4780@example.com,银卡会员
U-TAOBAO-408985,taobao_1810121,taobao,用户5524,f,50,成都,2025-01-16,15735659447,user7042@example.com,金卡会员
U-TAOBAO-409223,taobao_7508559,taobao,用户9727,f,33,杭州,2026-03-01,15988537218,user2119@example.com,金卡会员
U-TAOBAO-409575,taobao_3712693,taobao,用户3861,m,26,上海,2025-01-05,15332456059,user5213@example.com,银卡会员
U-TAOBAO-410537,taobao_5608848,taobao,用户2900,m,18,南京,2026-07-26,13680790458,user9105@example.com,银卡会员
U-TAOBAO-410714,taobao_3506714,taobao,用户4691,f,57,上海,2025-06-26,14179825723,user8850@example.com,普通会员
U-TAOBAO-411239,taobao_7973452,taobao,用户7096,f,50,广州,2026-02-22,13991922927,user5186@example.com,银卡会员
U-TAOBAO-412164,taobao_2762347,taobao,用户3096,m,29,杭州,2026-01-18,16391512681,user7855@example.com,银卡会员
U-TAOBAO-413008,taobao_5023012,taobao,用户2858,f,51,成都,2025-05-12,19884944517,user3423@example.com,银卡会员
U-TAOBAO-413168,taobao_8069291,taobao,用户9351,m,56,广州,2026-03-04,15904766479,user7248@example.com,金卡会员
U-TAOBAO-414016,taobao_2277139,taobao,用户5203,f,29,南京,2026-12-22,14181813996,user3658@example.com,钻石会员
U-TAOBAO-414364,taobao_8617893,taobao,用户4744,f,23,成都,2026-03-27,17455495258,user1690@example.com,金卡会员
U-TAOBAO-415224,taobao_5012721,taobao,用户5448,f,34,成都,2026-08-04,15684238035,user1704@example.com,钻石会员
U-TAOBAO-415957,taobao_6553747,taobao,用户9592,m,38,成都,2025-12-03,15964521355,user2543@example.com,银卡会员
U-TAOBAO-417666,taobao_1136267,taobao,用户8480,m,44,杭州,2026-04-03,15517922718,user5768@example.com,金卡会员
U-TAOBAO-418680,taobao_8948852,taobao,用户4164,m,56,广州,2025-05-01,17443947064,user4883@example.com,钻石会员
U-TAOBAO-419173,taobao_3150899,taobao,用户2938,m,46,西安,2025-05-26,15829761419,user8412@example.com,金卡会员
U-TAOBAO-419227,taobao_4383025,taobao,用户8206,m,60,西安,2025-01-13,14433679228,user7249@example.com,普通会员
U-TAOBAO-419697,taobao_1497464,taobao,用户6491,f,44,西安,2026-03-14,16794052687,user4518@example.com,金卡会员
U-TAOBAO-419995,taobao_9562998,taobao,用户6156,f,22,深圳,2026-10-12,15841558365,user9053@example.com,钻石会员
U-TAOBAO-420468,taobao_4801267,taobao,用户9786,f,37,杭州,2025-06-24,17650638001,user3858@example.com,金卡会员
U-TAOBAO-420530,taobao_7509658,taobao,用户3855,m,52,上海,2025-07-16,13455030220,user9030@example.com,金卡会员
U-TAOBAO-420874,taobao_5409617,taobao,用户2947,f,29,上海,2025-12-23,14393567111,user1864@example.com,钻石会员
U-TAOBAO-421453,taobao_4507829,taobao,用户1879,m,29,深圳,2026-11-23,17140017496,user4243@example.com,普通会员
U-TAOBAO-421728,taobao_4075094,taobao,用户9012,f,53,上海,2025-04-23,15396627228,user4581@example.com,普通会员
U-TAOBAO-424771,taobao_7717289,taobao,用户4012,f,35,上海,2025-12-17,18546441303,user2078@example.com,银卡会员
U-TAOBAO-427037,taobao_4131599,taobao,用户8896,f,38,广州,2025-10-27,15763050648,user5159@example.com,钻石会员
U-TAOBAO-427311,taobao_4033111,taobao,用户8023,m,22,武汉,2025-06-19,17631863929,user6082@example.com,银卡会员
U-TAOBAO-427510,taobao_7938162,taobao,用户5917,m,33,北京,2025-12-24,18830048541,user7779@example.com,普通会员
U-TAOBAO-428106,taobao_6685744,taobao,用户7347,m,42,南京,2026-03-25,19289682421,user1084@example.com,银卡会员
U-TAOBAO-428110,taobao_3420347,taobao,用户5493,m,54,深圳,2026-12-11,17432824874,user6961@example.com,钻石会员
U-TAOBAO-429117,taobao_9102843,taobao,用户7200,f,56,重庆,2026-07-12,18178120792,user5522@example.com,普通会员
U-TAOBAO-429329,taobao_6459265,taobao,用户5813,f,24,武汉,2026-05-19,15680604845,user4575@example.com,金卡会员
U-TAOBAO-429392,taobao_2436700,taobao,用户7432,m,41,广州,2025-05-24,16800941720,user6205@example.com,银卡会员
U-TAOBAO-429580,taobao_5065244,taobao,用户8058,m,18,西安,2025-10-06,15786388776,user7985@example.com,金卡会员
U-TAOBAO-430074,taobao_3776727,taobao,用户6221,f,22,上海,2026-02-25,13370742800,user8885@example.com,钻石会员
U-TAOBAO-430556,taobao_5526988,taobao,用户3983,m,38,西安,2025-06-11,18581757615,user2221@example.com,普通会员
U-TAOBAO-430829,taobao_3462489,taobao,用户9095,f,47,成都,2026-05-26,17446846590,user4092@example.com,普通会员
U-TAOBAO-431402,taobao_4039002,taobao,用户5974,m,55,西安,2026-05-20,18636665056,user4615@example.com,银卡会员
U-TAOBAO-432342,taobao_3216607,taobao,用户2307,f,42,南京,2026-06-18,18279535872,user3184@example.com,银卡会员
U-TAOBAO-432682,taobao_4064500,taobao,用户5962,m,55,深圳,2026-02-16,18428502904,user1817@example.com,银卡会员
U-TAOBAO-433012,taobao_9972442,taobao,用户2566,m,46,武汉,2026-07-19,15630248733,user6954@example.com,银卡会员
U-TAOBAO-433055,taobao_2176219,taobao,用户1264,f,56,上海,2025-01-11,13712889863,user3912@example.com,金卡会员
U-TAOBAO-435513,taobao_8069704,taobao,用户1677,m,21,杭州,2026-03-23,16112583624,user5962@example.com,普通会员
U-TAOBAO-435602,taobao_2022620,taobao,用户2238,f,55,广州,2025-02-22,18930189907,user7268@example.com,普通会员
U-TAOBAO-437963,taobao_8171819,taobao,用户9527,f,48,深圳,2025-03-24,17560140190,user4397@example.com,普通会员
U-TAOBAO-438988,taobao_5683592,taobao,用户1608,m,48,深圳,2025-12-11,15949012293,user8277@example.com,普通会员
U-TAOBAO-439130,taobao_2128154,taobao,用户1117,f,48,西安,2026-09-01,18776582097,user2529@example.com,钻石会员
U-TAOBAO-440138,taobao_4692689,taobao,用户1286,m,24,南京,2026-03-06,18945889899,user8418@example.com,金卡会员
U-TAOBAO-443136,taobao_5708077,taobao,用户5677,m,34,广州,2026-11-19,13356654646,user2679@example.com,银卡会员
U-TAOBAO-443340,taobao_4414118,taobao,用户9983,f,55,西安,2026-04-01,15380078734,user3475@example.com,金卡会员
U-TAOBAO-443385,taobao_2593114,taobao,用户2122,f,55,重庆,2025-12-12,14408351070,user4882@example.com,银卡会员
U-TAOBAO-443817,taobao_9538794,taobao,用户3475,m,47,上海,2026-09-19,19869159927,user1981@example.com,银卡会员
U-TAOBAO-444039,taobao_9161650,taobao,用户3495,f,54,广州,2026-09-05,13564394620,user1620@example.com,钻石会员
U-TAOBAO-446007,taobao_6720878,taobao,用户6638,f,39,广州,2026-08-17,17168169022,user1968@example.com,金卡会员
U-TAOBAO-446772,taobao_6200228,taobao,用户6882,f,58,西安,2026-05-12,19866055552,user9004@example.com,金卡会员
U-TAOBAO-446802,taobao_7239284,taobao,用户3573,m,40,重庆,2026-03-21,14969175268,user9600@example.com,钻石会员
U-TAOBAO-448171,taobao_2168019,taobao,用户3928,f,38,成都,2026-08-15,14670948602,user7268@example.com,普通会员
U-TAOBAO-448400,taobao_5035080,taobao,用户8194,f,24,北京,2026-02-22,13498492000,user6144@example.com,普通会员
U-TAOBAO-448529,taobao_9067291,taobao,用户7949,m,41,南京,2025-10-04,17257828110,user7946@example.com,普通会员
U-TAOBAO-449146,taobao_6185336,taobao,用户9853,f,53,成都,2025-02-14,14771283281,user3637@example.com,普通会员
U-TAOBAO-449466,taobao_6837657,taobao,用户5910,m,44,深圳,2025-06-10,17952184472,user5215@example.com,普通会员
U-TAOBAO-449600,taobao_8634319,taobao,用户7512,f,44,南京,2025-08-04,16572288777,user7844@example.com,金卡会员
U-TAOBAO-449778,taobao_4434144,taobao,用户7315,m,55,北京,2025-10-04,19649819177,user9363@example.com,钻石会员
U-TAOBAO-451191,taobao_5675688,taobao,用户5121,f,48,广州,2026-02-06,17397012519,user3628@example.com,普通会员
U-TAOBAO-451446,taobao_6729687,taobao,用户2534,m,26,北京,2025-06-13,16932913899,user7552@example.com,金卡会员
U-TAOBAO-453127,taobao_6833198,taobao,用户5390,m,56,武汉,2026-08-05,17132458423,user2638@example.com,金卡会员
U-TAOBAO-453146,taobao_8598963,taobao,用户9856,f,28,西安,2026-11-25,16892538781,user7212@example.com,钻石会员
U-TAOBAO-453314,taobao_3570614,taobao,用户5522,m,52,广州,2026-06-20,15428876827,user2086@example.com,普通会员
U-TAOBAO-454078,taobao_3716886,taobao,用户2238,f,24,杭州,2026-03-24,13724027975,user2013@example.com,普通会员
U-TAOBAO-455893,taobao_6024945,taobao,用户8952,m,60,重庆,2025-09-25,13138436123,user2700@example.com,普通会员
U-TAOBAO-460608,taobao_5319303,taobao,用户7692,m,41,西安,2025-05-10,18344308784,user9581@example.com,普通会员
U-TAOBAO-461356,taobao_7938757,taobao,用户8890,m,22,重庆,2025-02-02,16647111380,user2566@example.com,钻石会员
U-TAOBAO-462199,taobao_5676149,taobao,用户4466,m,32,深圳,2026-04-25,17626598666,user1594@example.com,钻石会员
U-TAOBAO-462443,taobao_5923327,taobao,用户9667,f,37,北京,2025-01-25,13108076006,user9007@example.com,钻石会员
U-TAOBAO-462812,taobao_7309386,taobao,用户8838,f,60,杭州,2025-07-23,15491906408,user8619@example.com,钻石会员
U-TAOBAO-463742,taobao_7074718,taobao,用户1755,m,30,杭州,2026-09-23,15180908211,user8711@example.com,普通会员
U-TAOBAO-463980,taobao_6475357,taobao,用户2620,m,48,上海,2026-02-01,14311015267,user9951@example.com,金卡会员
U-TAOBAO-464205,taobao_2436973,taobao,用户9820,f,53,上海,2025-05-28,17603672486,user7449@example.com,普通会员
U-TAOBAO-465338,taobao_5620022,taobao,用户2343,f,47,杭州,2026-06-02,15464143664,user6300@example.com,金卡会员
U-TAOBAO-465896,taobao_7782097,taobao,用户4518,m,26,南京,2026-02-27,14133574134,user3823@example.com,普通会员
U-TAOBAO-465973,taobao_5470188,taobao,用户9820,f,35,西安,2026-02-10,19802789480,user7416@example.com,银卡会员
U-TAOBAO-466099,taobao_4961112,taobao,用户6203,f,36,广州,2025-05-06,16214609342,user9040@example.com,普通会员
U-TAOBAO-466465,taobao_8312819,taobao,用户9077,m,32,成都,2025-11-18,15800755568,user2429@example.com,银卡会员
U-TAOBAO-470243,taobao_2944488,taobao,用户2135,m,21,成都,2025-07-28,13723780609,user7023@example.com,银卡会员
U-TAOBAO-470713,taobao_5023493,taobao,用户4455,f,38,重庆,2025-11-05,14558248792,user8249@example.com,银卡会员
U-TAOBAO-471147,taobao_9753174,taobao,用户8516,f,55,广州,2026-01-22,18798549616,user6417@example.com,金卡会员
U-TAOBAO-471579,taobao_7050350,taobao,用户2413,f,40,北京,2025-03-27,18764734403,user3569@example.com,钻石会员
U-TAOBAO-471797,taobao_1653226,taobao,用户1352,f,22,杭州,2026-07-19,17560764829,user9604@example.com,普通会员
U-TAOBAO-472406,taobao_4875731,taobao,用户5065,m,19,上海,2026-10-06,15611125954,user6947@example.com,普通会员
U-TAOBAO-472560,taobao_8664670,taobao,用户4153,m,53,成都,2025-03-27,15177173241,user6183@example.com,普通会员
U-TAOBAO-472723,taobao_3068673,taobao,用户5367,f,28,西安,2025-04-10,18548748227,user5775@example.com,金卡会员
U-TAOBAO-473632,taobao_7285885,taobao,用户7619,f,53,北京,2025-06-28,16146694323,user9290@example.com,钻石会员
U-TAOBAO-474055,taobao_7561312,taobao,用户4717,m,41,深圳,2025-04-27,15939395758,user2028@example.com,钻石会员
U-TAOBAO-475697,taobao_9267717,taobao,用户1177,f,31,深圳,2025-08-08,18354454389,user9350@example.com,银卡会员
U-TAOBAO-476030,taobao_6628730,taobao,用户7418,m,59,成都,2026-10-02,19408430716,user3442@example.com,普通会员
U-TAOBAO-477215,taobao_7000815,taobao,用户9925,f,37,成都,2025-02-11,13844527509,user6167@example.com,银卡会员
U-TAOBAO-477382,taobao_4294342,taobao,用户1110,f,39,北京,2026-02-17,18236703424,user8661@example.com,钻石会员
U-TAOBAO-477939,taobao_2402195,taobao,用户3625,f,59,成都,2026-06-14,16291902647,user2063@example.com,银卡会员
U-TAOBAO-478049,taobao_3970511,taobao,用户7235,m,41,重庆,2026-11-11,14960571523,user5407@example.com,钻石会员
U-TAOBAO-479047,taobao_7233489,taobao,用户5798,m,25,杭州,2026-10-03,16412955520,user9895@example.com,钻石会员
U-TAOBAO-480910,taobao_4160651,taobao,用户9242,m,51,杭州,2026-03-24,13416813069,user2566@example.com,银卡会员
U-TAOBAO-481007,taobao_5769436,taobao,用户4934,m,52,重庆,2026-08-16,14733069136,user9177@example.com,钻石会员
U-TAOBAO-481387,taobao_4468784,taobao,用户9199,f,39,广州,2025-10-06,15168655717,user8135@example.com,金卡会员
U-TAOBAO-481748,taobao_4830448,taobao,用户4768,m,19,南京,2025-05-20,16354501594,user1278@example.com,金卡会员
U-TAOBAO-482284,taobao_3619507,taobao,用户8056,m,47,深圳,2025-10-06,14145524782,user5743@example.com,钻石会员
U-TAOBAO-482381,taobao_9794425,taobao,用户1547,m,29,成都,2026-09-28,16883829785,user3414@example.com,普通会员
U-TAOBAO-482809,taobao_8374790,taobao,用户9218,m,32,南京,2025-05-13,17875369396,user5122@example.com,普通会员
U-TAOBAO-483614,taobao_2968970,taobao,用户3472,m,21,广州,2025-08-24,15988921159,user3717@example.com,银卡会员
U-TAOBAO-483621,taobao_6406564,taobao,用户3278,m,51,北京,2025-12-16,14570126072,user4036@example.com,普通会员
U-TAOBAO-484269,taobao_9550960,taobao,用户5006,f,55,深圳,2026-02-27,19278621775,user3616@example.com,金卡会员
U-TAOBAO-484699,taobao_2732677,taobao,用户8096,m,51,南京,2026-01-11,17118748757,user7224@example.com,钻石会员
U-TAOBAO-487108,taobao_7033162,taobao,用户1557,m,55,成都,2025-02-15,17568733012,user5217@example.com,银卡会员
U-TAOBAO-487168,taobao_3641209,taobao,用户8618,m,39,西安,2026-02-22,13224865376,user3306@example.com,银卡会员
U-TAOBAO-487183,taobao_5148472,taobao,用户2337,f,35,北京,2025-07-06,19512798011,user3921@example.com,普通会员
U-TAOBAO-487921,taobao_9892931,taobao,用户9899,f,35,重庆,2026-12-15,17769500453,user3677@example.com,钻石会员
U-TAOBAO-488628,taobao_3732384,taobao,用户2756,f,36,武汉,2025-12-02,15724879619,user6860@example.com,金卡会员
U-TAOBAO-488738,taobao_6110102,taobao,用户6830,m,52,杭州,2026-02-16,18959018982,user9944@example.com,普通会员
U-TAOBAO-491512,taobao_1057212,taobao,用户5685,f,54,深圳,2026-08-27,13919881449,user7768@example.com,钻石会员
U-TAOBAO-491520,taobao_7541859,taobao,用户1167,m,25,西安,2025-01-05,13322281867,user1115@example.com,普通会员
U-TAOBAO-491719,taobao_2530337,taobao,用户1849,m,22,南京,2025-03-20,19770904694,user8290@example.com,普通会员
U-TAOBAO-491991,taobao_7717865,taobao,用户3076,m,36,深圳,2026-01-05,13812523700,user2842@example.com,普通会员
U-TAOBAO-493700,taobao_4356295,taobao,用户6019,m,43,成都,2025-06-08,19321263553,user3097@example.com,普通会员
U-TAOBAO-495081,taobao_1408029,taobao,用户5215,m,45,上海,2026-06-27,17473756654,user7317@example.com,银卡会员
U-TAOBAO-496805,taobao_2986456,taobao,用户6515,m,45,杭州,2026-06-25,13794955183,user1486@example.com,银卡会员
U-TAOBAO-497506,taobao_6638967,taobao,用户7380,f,59,上海,2026-03-12,15804820549,user8997@example.com,金卡会员
U-TAOBAO-498309,taobao_5780380,taobao,用户3102,m,27,成都,2025-12-28,18107550881,user7691@example.com,金卡会员
U-TAOBAO-499413,taobao_3170640,taobao,用户3159,f,20,成都,2026-01-22,13494227124,user7590@example.com,普通会员
U-TAOBAO-499954,taobao_1284115,taobao,用户1232,m,47,武汉,2025-10-07,13120681278,user7610@example.com,钻石会员
U-TAOBAO-500535,taobao_5653174,taobao,用户6505,f,34,深圳,2026-02-19,13411566162,user8243@example.com,普通会员
U-TAOBAO-501969,taobao_2107879,taobao,用户2964,m,19,南京,2026-12-22,13869056649,user1088@example.com,银卡会员
U-TAOBAO-502369,taobao_4099876,taobao,用户4584,m,39,武汉,2026-07-08,19936143219,user4941@example.com,钻石会员
U-TAOBAO-503222,taobao_3912065,taobao,用户2746,f,47,南京,2025-03-24,13699503889,user1746@example.com,银卡会员
U-TAOBAO-503709,taobao_5902276,taobao,用户5948,m,52,杭州,2025-11-26,19442455553,user7010@example.com,钻石会员
U-TAOBAO-503887,taobao_8914972,taobao,用户2647,f,60,成都,2026-06-16,14365752932,user1745@example.com,普通会员
U-TAOBAO-503988,taobao_8925011,taobao,用户3992,f,53,广州,2025-06-20,16898487820,user6362@example.com,普通会员
U-TAOBAO-504536,taobao_2336605,taobao,用户9557,m,47,杭州,2025-03-16,17533005651,user6087@example.com,普通会员
U-TAOBAO-504595,taobao_6579543,taobao,用户6369,f,50,武汉,2026-10-27,16744531720,user1721@example.com,钻石会员
U-TAOBAO-505699,taobao_3368282,taobao,用户6130,m,34,上海,2025-10-13,14151739917,user7734@example.com,银卡会员
U-TAOBAO-505942,taobao_2192903,taobao,用户6053,m,52,西安,2026-08-06,16784015485,user8583@example.com,金卡会员
U-TAOBAO-506328,taobao_3384357,taobao,用户8615,m,49,武汉,2025-12-19,13528521717,user4141@example.com,钻石会员
U-TAOBAO-506371,taobao_3745060,taobao,用户2466,f,32,广州,2025-12-18,16151599467,user1011@example.com,钻石会员
U-TAOBAO-507168,taobao_4078104,taobao,用户1161,f,55,重庆,2026-04-01,14142162101,user1617@example.com,钻石会员
U-TAOBAO-507489,taobao_5435263,taobao,用户6832,f,33,武汉,2025-09-27,13411118111,user1550@example.com,普通会员
U-TAOBAO-508726,taobao_3612737,taobao,用户5691,f,19,上海,2025-04-23,18662060224,user9470@example.com,金卡会员
U-TAOBAO-509048,taobao_9018025,taobao,用户1949,m,49,上海,2026-01-27,18919352728,user1432@example.com,钻石会员
U-TAOBAO-509267,taobao_4110920,taobao,用户3467,f,29,杭州,2025-12-06,17113055237,user2629@example.com,钻石会员
U-TAOBAO-509421,taobao_3711882,taobao,用户2669,f,41,北京,2025-09-05,14534252455,user2874@example.com,钻石会员
U-TAOBAO-510784,taobao_1034555,taobao,用户2709,m,26,重庆,2026-10-25,13285588190,user3955@example.com,钻石会员
U-TAOBAO-511189,taobao_3276123,taobao,用户8151,m,27,深圳,2026-06-21,13214859369,user6273@example.com,钻石会员
U-TAOBAO-511249,taobao_6008588,taobao,用户9783,f,55,南京,2025-03-18,13165548156,user6478@example.com,银卡会员
U-TAOBAO-511390,taobao_1762002,taobao,用户9109,m,36,重庆,2025-06-06,17467380660,user1819@example.com,金卡会员
U-TAOBAO-511500,taobao_4672911,taobao,用户9082,f,22,重庆,2026-07-17,13789092270,user2842@example.com,银卡会员
U-TAOBAO-511813,taobao_7124635,taobao,用户5949,f,58,上海,2026-05-11,14719862330,user1492@example.com,普通会员
U-TAOBAO-513493,taobao_4025213,taobao,用户7786,f,37,深圳,2025-05-19,16715443074,user7783@example.com,普通会员
U-TAOBAO-513839,taobao_6802547,taobao,用户7061,f,46,北京,2025-02-16,19478949824,user9434@example.com,钻石会员
U-TAOBAO-514185,taobao_9635669,taobao,用户7644,f,41,北京,2025-09-19,13380044657,user1109@example.com,金卡会员
U-TAOBAO-515210,taobao_2912987,taobao,用户3278,f,32,广州,2025-09-22,16605607304,user5783@example.com,钻石会员
U-TAOBAO-516000,taobao_5491432,taobao,用户5212,m,34,上海,2026-05-13,14105047293,user7597@example.com,银卡会员
U-TAOBAO-516365,taobao_3601751,taobao,用户3473,f,39,北京,2025-05-23,17553401353,user7882@example.com,金卡会员
U-TAOBAO-516378,taobao_3160210,taobao,用户4955,f,55,广州,2026-09-02,13977264701,user6365@example.com,普通会员
U-TAOBAO-516489,taobao_7937284,taobao,用户9334,m,42,重庆,2026-01-06,14117865181,user5891@example.com,钻石会员
U-TAOBAO-516667,taobao_1539047,taobao,用户8354,m,45,上海,2026-02-26,18197978633,user2591@example.com,金卡会员
U-TAOBAO-517235,taobao_5795399,taobao,用户8122,f,58,广州,2025-08-23,18984324956,user5251@example.com,金卡会员
U-TAOBAO-517259,taobao_6302198,taobao,用户7567,m,19,上海,2025-09-16,17983575073,user8771@example.com,普通会员
U-TAOBAO-517977,taobao_8290144,taobao,用户8755,m,42,杭州,2026-09-11,15837404835,user1392@example.com,金卡会员
U-TAOBAO-518562,taobao_9633827,taobao,用户6010,m,40,南京,2025-05-03,19518241151,user3986@example.com,钻石会员
U-TAOBAO-518776,taobao_9332120,taobao,用户7095,m,47,广州,2025-04-17,19573955475,user8541@example.com,银卡会员
U-TAOBAO-518897,taobao_6188836,taobao,用户8677,m,55,南京,2025-06-28,18356154565,user1560@example.com,钻石会员
U-TAOBAO-519446,taobao_9554097,taobao,用户6279,m,34,杭州,2026-03-01,18441995512,user1022@example.com,金卡会员
U-TAOBAO-519564,taobao_2126478,taobao,用户5417,m,59,杭州,2026-05-04,16892274985,user6353@example.com,普通会员
U-TAOBAO-519697,taobao_5528787,taobao,用户4475,f,31,重庆,2026-09-19,15370737789,user9200@example.com,钻石会员
U-TAOBAO-521324,taobao_9191450,taobao,用户2333,f,37,广州,2025-06-09,19841526941,user4015@example.com,银卡会员
U-TAOBAO-521833,taobao_3079656,taobao,用户7391,f,56,深圳,2025-07-07,18649265899,user1435@example.com,金卡会员
U-TAOBAO-524192,taobao_9163778,taobao,用户4705,m,18,重庆,2025-06-13,13720354243,user2205@example.com,普通会员
U-TAOBAO-524241,taobao_4621211,taobao,用户5749,m,58,杭州,2025-11-01,13384533997,user3677@example.com,钻石会员
U-TAOBAO-524777,taobao_6239701,taobao,用户1246,m,59,杭州,2025-11-19,14850172386,user8989@example.com,普通会员
U-TAOBAO-526019,taobao_6347737,taobao,用户4049,m,49,武汉,2026-05-06,17291135393,user6800@example.com,银卡会员
U-TAOBAO-526144,taobao_6496167,taobao,用户6013,m,25,杭州,2026-11-13,14968954134,user1190@example.com,金卡会员
U-TAOBAO-526295,taobao_3418748,taobao,用户1303,m,44,武汉,2026-06-28,14951059253,user5028@example.com,钻石会员
U-TAOBAO-526975,taobao_4815866,taobao,用户6941,f,39,重庆,2025-10-27,15123578520,user9799@example.com,普通会员
U-TAOBAO-527095,taobao_5426388,taobao,用户7400,m,56,武汉,2025-03-06,14641862470,user2067@example.com,普通会员
U-TAOBAO-527113,taobao_6389504,taobao,用户7833,m,42,北京,2025-07-01,13595448036,user2983@example.com,普通会员
U-TAOBAO-527212,taobao_9485158,taobao,用户4105,f,29,成都,2025-11-07,19931067304,user7080@example.com,银卡会员
U-TAOBAO-527316,taobao_4245018,taobao,用户9408,f,50,深圳,2025-07-12,16195317299,user4395@example.com,普通会员
U-TAOBAO-527774,taobao_4292421,taobao,用户4606,m,24,杭州,2025-06-17,15272049815,user8010@example.com,普通会员
U-TAOBAO-527993,taobao_4671659,taobao,用户1879,m,46,深圳,2025-10-20,16638061787,user6355@example.com,钻石会员
U-TAOBAO-528217,taobao_5620787,taobao,用户6003,f,58,成都,2025-06-24,19954046662,user7024@example.com,银卡会员
U-TAOBAO-528474,taobao_5875756,taobao,用户3913,m,40,北京,2025-11-23,13148081398,user2838@example.com,钻石会员
U-TAOBAO-528699,taobao_5093017,taobao,用户2647,m,28,南京,2025-04-15,17457528546,user5912@example.com,普通会员
U-TAOBAO-528751,taobao_1096230,taobao,用户9944,m,38,北京,2025-05-12,18104932407,user5797@example.com,金卡会员
U-TAOBAO-529463,taobao_6303825,taobao,用户7910,f,53,西安,2026-05-09,14740890780,user1456@example.com,金卡会员
U-TAOBAO-530725,taobao_7923791,taobao,用户5219,f,55,杭州,2026-06-11,18941130945,user7090@example.com,银卡会员
U-TAOBAO-530784,taobao_4623267,taobao,用户4745,f,32,广州,2025-09-07,16362735000,user4644@example.com,金卡会员
U-TAOBAO-530828,taobao_4344671,taobao,用户5332,m,46,西安,2026-09-03,15473027100,user3484@example.com,银卡会员
U-TAOBAO-531413,taobao_5684833,taobao,用户8842,f,37,南京,2026-09-20,13867232309,user3060@example.com,银卡会员
U-TAOBAO-531668,taobao_5820962,taobao,用户2992,f,27,广州,2026-06-17,13239434247,user6769@example.com,钻石会员
U-TAOBAO-531889,taobao_7610748,taobao,用户2899,m,35,重庆,2026-12-09,19145545669,user8562@example.com,金卡会员
U-TAOBAO-532305,taobao_4151827,taobao,用户3757,m,50,南京,2025-05-25,13923716708,user2091@example.com,普通会员
U-TAOBAO-532987,taobao_3797257,taobao,用户3525,f,47,西安,2025-01-05,13578285250,user4273@example.com,普通会员
U-TAOBAO-533460,taobao_7357002,taobao,用户1127,f,33,重庆,2026-05-11,17480156664,user3908@example.com,金卡会员
U-TAOBAO-535146,taobao_9625209,taobao,用户7228,m,38,重庆,2025-06-12,16158012414,user3075@example.com,银卡会员
U-TAOBAO-535229,taobao_5358785,taobao,用户9735,m,37,深圳,2026-07-23,13581703215,user8844@example.com,普通会员
U-TAOBAO-535258,taobao_2023542,taobao,用户9002,f,35,上海,2026-03-21,18234050033,user9013@example.com,金卡会员
U-TAOBAO-535524,taobao_3006773,taobao,用户1235,f,31,上海,2025-11-21,16100325255,user2089@example.com,金卡会员
U-TAOBAO-536477,taobao_5379394,taobao,用户7630,m,25,杭州,2026-06-13,17373345098,user7645@example.com,普通会员
U-TAOBAO-537014,taobao_6921241,taobao,用户2144,m,24,北京,2025-01-15,15190894253,user5292@example.com,金卡会员
U-TAOBAO-537800,taobao_1774690,taobao,用户7412,m,35,成都,2025-10-19,19191077533,user2372@example.com,银卡会员
U-TAOBAO-538433,taobao_4096729,taobao,用户6794,f,33,深圳,2025-12-19,17839372400,user4329@example.com,银卡会员
U-TAOBAO-538619,taobao_9138014,taobao,用户2606,f,59,北京,2025-02-10,14590976823,user8730@example.com,钻石会员
U-TAOBAO-539735,taobao_3691213,taobao,用户4976,f,23,武汉,2025-11-23,19353169696,user2767@example.com,金卡会员
U-TAOBAO-540260,taobao_5492650,taobao,用户2503,m,18,武汉,2025-01-27,15276485721,user1873@example.com,钻石会员
U-TAOBAO-541011,taobao_2261358,taobao,用户4032,f,26,深圳,2026-09-26,19633144911,user1944@example.com,普通会员
U-TAOBAO-541895,taobao_7943643,taobao,用户7694,m,57,成都,2025-04-04,13969496929,user5827@example.com,银卡会员
U-TAOBAO-542773,taobao_4757610,taobao,用户1936,m,51,深圳,2026-05-24,15964243749,user8460@example.com,金卡会员
U-TAOBAO-543115,taobao_2406032,taobao,用户4606,m,37,成都,2026-09-01,18355250411,user2043@example.com,银卡会员
U-TAOBAO-543512,taobao_8304827,taobao,用户6535,m,42,北京,2026-01-02,15454990331,user3358@example.com,金卡会员
U-TAOBAO-544440,taobao_3838932,taobao,用户7915,f,29,广州,2025-10-02,14346612572,user9390@example.com,银卡会员
U-TAOBAO-544578,taobao_7339842,taobao,用户1382,f,28,上海,2026-08-03,16321346292,user5403@example.com,银卡会员
U-TAOBAO-546349,taobao_9546213,taobao,用户7493,f,49,上海,2025-08-27,16295590453,user4849@example.com,普通会员
U-TAOBAO-546565,taobao_3202927,taobao,用户1446,m,25,上海,2026-07-10,16137799963,user8192@example.com,钻石会员
U-TAOBAO-546636,taobao_1875242,taobao,用户4672,m,36,西安,2025-11-09,16693139240,user8252@example.com,银卡会员
U-TAOBAO-546998,taobao_8211963,taobao,用户9526,f,30,广州,2026-04-04,15183616030,user9255@example.com,普通会员
U-TAOBAO-547245,taobao_3714300,taobao,用户8200,m,36,西安,2026-11-07,14719093478,user7161@example.com,钻石会员
U-TAOBAO-547413,taobao_8224385,taobao,用户8339,f,27,深圳,2026-04-12,15706916411,user4209@example.com,银卡会员
U-TAOBAO-547606,taobao_8751716,taobao,用户4689,m,21,深圳,2025-03-16,17932842995,user9137@example.com,金卡会员
U-TAOBAO-548941,taobao_7461205,taobao,用户6114,m,50,上海,2026-01-07,13207381122,user6796@example.com,银卡会员
U-TAOBAO-549569,taobao_1332323,taobao,用户5104,m,46,上海,2025-08-22,18665172194,user7197@example.com,银卡会员
U-TAOBAO-551061,taobao_7963624,taobao,用户2191,f,49,北京,2025-02-02,13721873481,user1562@example.com,钻石会员
U-TAOBAO-551821,taobao_9004247,taobao,用户8633,m,23,南京,2026-06-07,15208091923,user3202@example.com,普通会员
U-TAOBAO-552082,taobao_1666074,taobao,用户7159,f,22,北京,2026-04-10,17805746518,user4194@example.com,金卡会员
U-TAOBAO-553286,taobao_8499448,taobao,用户8176,m,55,上海,2026-08-13,16605467025,user9801@example.com,钻石会员
U-TAOBAO-554708,taobao_4774889,taobao,用户6310,m,51,北京,2025-12-12,18836046669,user9364@example.com,金卡会员
U-TAOBAO-556270,taobao_6816745,taobao,用户8030,f,37,武汉,2026-09-27,18724666694,user8363@example.com,普通会员
U-TAOBAO-557004,taobao_9111407,taobao,用户5103,m,18,广州,2025-10-18,18417163543,user3745@example.com,普通会员
U-TAOBAO-558320,taobao_6602322,taobao,用户7902,f,35,北京,2025-08-27,16461249969,user3803@example.com,金卡会员
U-TAOBAO-558424,taobao_1168183,taobao,用户5070,f,50,深圳,2026-10-11,19933586556,user8912@example.com,银卡会员
U-TAOBAO-558852,taobao_4836593,taobao,用户3252,m,21,武汉,2026-05-12,13293363014,user7442@example.com,银卡会员
U-TAOBAO-559139,taobao_5755053,taobao,用户2194,f,30,上海,2026-04-22,17960373947,user6977@example.com,普通会员
U-TAOBAO-559821,taobao_7090850,taobao,用户2391,f,23,广州,2025-07-18,19732145000,user6682@example.com,金卡会员
U-TAOBAO-561271,taobao_1765761,taobao,用户3160,f,33,杭州,2026-12-21,15165465166,user3022@example.com,钻石会员
U-TAOBAO-561673,taobao_7146042,taobao,用户2745,f,30,上海,2025-11-18,19315333982,user7543@example.com,金卡会员
U-TAOBAO-562284,taobao_5590102,taobao,用户2884,m,56,成都,2025-05-04,16528026181,user4778@example.com,普通会员
U-TAOBAO-562432,taobao_9286072,taobao,用户9870,m,52,重庆,2026-02-17,19245614676,user5673@example.com,金卡会员
U-TAOBAO-563622,taobao_8607838,taobao,用户4616,f,56,上海,2026-10-01,14123068652,user2730@example.com,钻石会员
U-TAOBAO-564082,taobao_2655553,taobao,用户5003,m,54,南京,2025-07-07,15967557209,user2788@example.com,金卡会员
U-TAOBAO-564611,taobao_1027823,taobao,用户7706,f,25,广州,2025-02-06,16756088194,user5729@example.com,钻石会员
U-TAOBAO-565436,taobao_8422898,taobao,用户7788,m,50,南京,2025-08-01,14658883992,user8898@example.com,钻石会员
U-TAOBAO-565748,taobao_7524882,taobao,用户7585,f,37,西安,2026-03-18,17568621316,user1521@example.com,钻石会员
U-TAOBAO-565881,taobao_8681679,taobao,用户5542,f,29,北京,2026-11-19,15106729624,user6399@example.com,金卡会员
U-TAOBAO-566592,taobao_3509064,taobao,用户5242,f,43,西安,2026-03-08,13424186314,user1828@example.com,普通会员
U-TAOBAO-568199,taobao_8412969,taobao,用户5866,f,43,北京,2026-03-14,16897415957,user3508@example.com,普通会员
U-TAOBAO-568548,taobao_7436431,taobao,用户5467,f,35,杭州,2025-02-17,16580214540,user3163@example.com,金卡会员
U-TAOBAO-570547,taobao_1421427,taobao,用户8767,m,26,武汉,2026-05-26,14421327771,user9323@example.com,银卡会员
U-TAOBAO-570931,taobao_7596243,taobao,用户9034,m,19,武汉,2025-02-14,17222902632,user2660@example.com,普通会员
U-TAOBAO-571020,taobao_4292760,taobao,用户5386,m,31,南京,2025-09-27,13606216480,user6693@example.com,银卡会员
U-TAOBAO-572173,taobao_5561672,taobao,用户7965,m,27,西安,2026-07-06,19803136300,user6361@example.com,钻石会员
U-TAOBAO-573830,taobao_4337235,taobao,用户4878,m,24,深圳,2026-02-24,19657691030,user8123@example.com,金卡会员
U-TAOBAO-574607,taobao_2802128,taobao,用户4358,f,34,成都,2025-03-21,18781538237,user4765@example.com,钻石会员
U-TAOBAO-574622,taobao_7436684,taobao,用户2183,f,34,西安,2025-02-23,18650366497,user9300@example.com,普通会员
U-TAOBAO-575467,taobao_5843120,taobao,用户6345,m,33,杭州,2025-10-22,13812987940,user4935@example.com,普通会员
U-TAOBAO-576580,taobao_8286147,taobao,用户4879,f,49,武汉,2025-03-03,15191769468,user8624@example.com,金卡会员
U-TAOBAO-576877,taobao_3773862,taobao,用户1986,f,37,上海,2026-02-23,18445497780,user2125@example.com,普通会员
U-TAOBAO-576981,taobao_2347670,taobao,用户3168,f,45,武汉,2025-02-02,13707355693,user9919@example.com,普通会员
U-TAOBAO-577034,taobao_4501464,taobao,用户9048,m,44,成都,2025-08-25,19718790558,user9481@example.com,银卡会员
U-TAOBAO-577062,taobao_3989893,taobao,用户5266,f,51,成都,2026-05-04,15164288303,user1286@example.com,银卡会员
U-TAOBAO-577893,taobao_6197668,taobao,用户9491,f,42,重庆,2025-06-12,16965693476,user7420@example.com,钻石会员
U-TAOBAO-578767,taobao_4732442,taobao,用户6264,f,18,重庆,2026-12-22,19901149040,user5848@example.com,普通会员
U-TAOBAO-579282,taobao_4241202,taobao,用户7675,f,25,成都,2025-09-25,16737847418,user1519@example.com,银卡会员
U-TAOBAO-581303,taobao_4550235,taobao,用户4890,f,32,成都,2026-11-11,15560648004,user2084@example.com,金卡会员
U-TAOBAO-582119,taobao_1852363,taobao,用户3479,f,40,广州,2026-07-22,15822801584,user6758@example.com,金卡会员
U-TAOBAO-582140,taobao_2907290,taobao,用户4479,m,53,南京,2026-05-18,13975842508,user4943@example.com,银卡会员
U-TAOBAO-582352,taobao_3579136,taobao,用户8596,m,37,上海,2025-04-25,13158619777,user3149@example.com,银卡会员
U-TAOBAO-582593,taobao_3083869,taobao,用户7888,m,47,深圳,2026-08-23,13646573991,user9206@example.com,银卡会员
U-TAOBAO-582698,taobao_7591309,taobao,用户2952,m,35,西安,2025-07-23,15989398417,user5597@example.com,钻石会员
U-TAOBAO-584032,taobao_2829080,taobao,用户4028,m,56,重庆,2025-06-11,18761479500,user4611@example.com,金卡会员
U-TAOBAO-585807,taobao_6546197,taobao,用户7345,f,53,西安,2026-09-26,17207067745,user4424@example.com,钻石会员
U-TAOBAO-586445,taobao_4330505,taobao,用户3562,m,36,北京,2026-01-25,18174293518,user8173@example.com,钻石会员
U-TAOBAO-586858,taobao_9411780,taobao,用户4994,f,54,武汉,2026-06-16,13525130839,user8372@example.com,普通会员
U-TAOBAO-586944,taobao_7438094,taobao,用户3979,f,40,深圳,2026-11-14,16824264103,user7620@example.com,钻石会员
U-TAOBAO-587417,taobao_6939279,taobao,用户2822,m,40,西安,2026-07-09,13295090748,user6382@example.com,钻石会员
U-TAOBAO-588396,taobao_1452853,taobao,用户6559,m,53,上海,2026-06-08,14862367607,user7640@example.com,银卡会员
U-TAOBAO-589044,taobao_1855153,taobao,用户8009,f,37,深圳,2025-07-19,19198774671,user3359@example.com,银卡会员
U-TAOBAO-589637,taobao_2932893,taobao,用户2591,f,45,上海,2025-12-14,17418786013,user1150@example.com,金卡会员
U-TAOBAO-589902,taobao_9331782,taobao,用户6063,f,49,杭州,2026-07-28,13709209177,user3164@example.com,钻石会员
U-TAOBAO-590243,taobao_9451430,taobao,用户2895,m,23,成都,2026-02-09,16993331819,user9774@example.com,金卡会员
U-TAOBAO-590687,taobao_3661453,taobao,用户5988,f,60,杭州,2025-07-21,16443230934,user6256@example.com,银卡会员
U-TAOBAO-592903,taobao_2129528,taobao,用户7044,m,37,重庆,2025-01-07,19273987853,user7561@example.com,金卡会员
U-TAOBAO-593272,taobao_6180254,taobao,用户6932,m,41,西安,2026-01-24,18361217423,user1857@example.com,金卡会员
U-TAOBAO-593915,taobao_1809856,taobao,用户9145,m,48,北京,2025-10-03,15334647934,user6013@example.com,钻石会员
U-TAOBAO-595391,taobao_6177734,taobao,用户7895,m,47,南京,2026-10-18,17522968686,user9591@example.com,钻石会员
U-TAOBAO-595455,taobao_3353206,taobao,用户7059,f,34,重庆,2025-10-18,16842653148,user4716@example.com,钻石会员
U-TAOBAO-595960,taobao_7633970,taobao,用户2465,f,26,成都,2026-12-15,17314691466,user6458@example.com,金卡会员
U-TAOBAO-597207,taobao_5426219,taobao,用户7828,f,26,广州,2025-02-02,16839961012,user2993@example.com,银卡会员
U-TAOBAO-597723,taobao_1186163,taobao,用户4942,f,41,上海,2026-10-03,16395807276,user9241@example.com,金卡会员
U-TAOBAO-598055,taobao_8841057,taobao,用户9450,f,35,北京,2025-02-11,14984522818,user1033@example.com,银卡会员
U-TAOBAO-598958,taobao_4637973,taobao,用户2992,f,40,成都,2026-04-22,15134283785,user3617@example.com,银卡会员
U-TAOBAO-600267,taobao_4739594,taobao,用户7658,f,41,西安,2026-10-14,18828399723,user2086@example.com,普通会员
U-TAOBAO-601246,taobao_3404391,taobao,用户2150,f,38,深圳,2025-11-13,16962563476,user8918@example.com,金卡会员
U-TAOBAO-601406,taobao_3940510,taobao,用户6142,f,31,杭州,2026-06-13,18193047518,user5503@example.com,银卡会员
U-TAOBAO-601859,taobao_6814097,taobao,用户3864,f,39,成都,2026-09-22,17557967087,user2429@example.com,金卡会员
U-TAOBAO-601940,taobao_8826479,taobao,用户5045,m,48,广州,2026-02-20,19584910311,user6310@example.com,钻石会员
U-TAOBAO-602685,taobao_9811626,taobao,用户1856,f,53,杭州,2025-01-04,17131269327,user8139@example.com,银卡会员
U-TAOBAO-602753,taobao_2799590,taobao,用户5562,f,51,重庆,2026-02-08,14726339547,user1185@example.com,金卡会员
U-TAOBAO-603160,taobao_8365446,taobao,用户9984,m,30,广州,2025-03-06,19829835963,user9949@example.com,金卡会员
U-TAOBAO-603247,taobao_1714651,taobao,用户1456,f,51,广州,2025-11-12,14609043416,user4731@example.com,普通会员
U-TAOBAO-603510,taobao_1997007,taobao,用户5274,m,53,成都,2026-10-17,15863085419,user5043@example.com,钻石会员
U-TAOBAO-604654,taobao_8645794,taobao,用户2493,m,36,西安,2026-12-18,17234880032,user7763@example.com,钻石会员
U-TAOBAO-604879,taobao_5894882,taobao,用户8105,m,29,深圳,2026-11-02,19879045032,user9817@example.com,普通会员
U-TAOBAO-606792,taobao_5820819,taobao,用户8196,f,49,杭州,2025-04-07,16618225959,user4971@example.com,普通会员
U-TAOBAO-607604,taobao_4320452,taobao,用户7074,f,34,北京,2026-12-17,19277304650,user4867@example.com,银卡会员
U-TAOBAO-608267,taobao_2692353,taobao,用户3793,m,42,重庆,2025-07-08,15405557675,user1438@example.com,钻石会员
U-TAOBAO-608388,taobao_7224358,taobao,用户8698,f,58,深圳,2026-10-11,13402363677,user5019@example.com,金卡会员
U-TAOBAO-608800,taobao_6364155,taobao,用户3236,f,19,北京,2025-12-16,16779428810,user9917@example.com,银卡会员
U-TAOBAO-609819,taobao_9455195,taobao,用户9189,f,53,北京,2025-06-24,15361560858,user8661@example.com,银卡会员
U-TAOBAO-609948,taobao_9502121,taobao,用户1595,f,30,南京,2026-01-16,16295671093,user6228@example.com,银卡会员
U-TAOBAO-610609,taobao_4776154,taobao,用户5447,f,43,重庆,2026-02-13,16517620535,user4977@example.com,普通会员
U-TAOBAO-612152,taobao_8787118,taobao,用户1752,f,32,北京,2026-09-14,19860493659,user9844@example.com,钻石会员
U-TAOBAO-612504,taobao_9976386,taobao,用户9920,m,60,广州,2025-07-07,14706110920,user1100@example.com,银卡会员
U-TAOBAO-613432,taobao_4763241,taobao,用户5860,f,59,成都,2025-01-14,13394136124,user3713@example.com,普通会员
U-TAOBAO-614652,taobao_6180531,taobao,用户5111,m,60,武汉,2025-09-17,14296855128,user5577@example.com,金卡会员
U-TAOBAO-614774,taobao_7334834,taobao,用户2314,f,53,南京,2026-06-20,16944550003,user7556@example.com,金卡会员
U-TAOBAO-615391,taobao_1190202,taobao,用户6674,m,52,深圳,2026-02-01,18478955862,user2959@example.com,钻石会员
U-TAOBAO-615990,taobao_1558576,taobao,用户5841,f,44,北京,2026-06-20,16865492583,user5234@example.com,普通会员
U-TAOBAO-617206,taobao_4317762,taobao,用户2867,m,29,深圳,2025-07-17,19179769350,user8142@example.com,银卡会员
U-TAOBAO-617370,taobao_9508475,taobao,用户8200,m,30,深圳,2025-01-05,13892141071,user9803@example.com,普通会员
U-TAOBAO-617649,taobao_6588295,taobao,用户1031,m,52,成都,2025-09-20,18913483971,user8017@example.com,金卡会员
U-TAOBAO-618510,taobao_7035348,taobao,用户4905,m,50,杭州,2025-05-20,17433903974,user4067@example.com,钻石会员
U-TAOBAO-618656,taobao_2619224,taobao,用户2904,m,24,西安,2025-03-24,16248686584,user9641@example.com,普通会员
U-TAOBAO-618798,taobao_6662045,taobao,用户4450,m,43,杭州,2026-05-03,13147475693,user7425@example.com,金卡会员
U-TAOBAO-618892,taobao_8329258,taobao,用户2945,f,41,上海,2025-06-25,19883535375,user9303@example.com,钻石会员
U-TAOBAO-619160,taobao_2992751,taobao,用户9486,m,43,杭州,2026-01-28,16570371477,user3812@example.com,银卡会员
U-TAOBAO-620089,taobao_7898190,taobao,用户1800,m,58,深圳,2026-01-04,16801986694,user8751@example.com,钻石会员
U-TAOBAO-620280,taobao_7525273,taobao,用户3989,f,51,成都,2026-08-25,14410986414,user9128@example.com,金卡会员
U-TAOBAO-620483,taobao_7258327,taobao,用户6475,m,60,重庆,2026-05-13,16877583846,user5429@example.com,金卡会员
U-TAOBAO-620725,taobao_4677743,taobao,用户6853,m,26,深圳,2025-11-07,13721990518,user4228@example.com,金卡会员
U-TAOBAO-621252,taobao_1452967,taobao,用户3977,f,31,重庆,2026-05-02,16266863347,user5845@example.com,金卡会员
U-TAOBAO-621497,taobao_6568895,taobao,用户8495,f,33,北京,2025-07-22,17935568365,user1482@example.com,金卡会员
U-TAOBAO-622046,taobao_2631931,taobao,用户8790,f,51,杭州,2025-12-15,17475729946,user6964@example.com,金卡会员
U-TAOBAO-622320,taobao_1859143,taobao,用户1093,f,60,广州,2025-05-07,19878540153,user1881@example.com,钻石会员
U-TAOBAO-622522,taobao_1672343,taobao,用户9162,f,19,北京,2025-02-15,16212557183,user9184@example.com,普通会员
U-TAOBAO-622767,taobao_4779537,taobao,用户7675,f,38,成都,2025-12-23,16302452468,user8599@example.com,钻石会员
U-TAOBAO-624161,taobao_5452561,taobao,用户2538,f,56,杭州,2025-02-17,15806592732,user3045@example.com,银卡会员
U-TAOBAO-624279,taobao_3796081,taobao,用户1616,m,28,上海,2025-12-05,16861227946,user8370@example.com,钻石会员
U-TAOBAO-624500,taobao_9014098,taobao,用户3917,f,22,西安,2026-10-05,13496309616,user9683@example.com,普通会员
U-TAOBAO-624959,taobao_7796901,taobao,用户5505,f,60,深圳,2025-09-05,18222361642,user9820@example.com,银卡会员
U-TAOBAO-625071,taobao_8673252,taobao,用户1714,f,56,南京,2026-06-25,14664514138,user7421@example.com,普通会员
U-TAOBAO-625114,taobao_6516051,taobao,用户5002,f,23,广州,2025-02-05,15773955261,user8920@example.com,银卡会员
U-TAOBAO-627240,taobao_4576773,taobao,用户9918,m,26,广州,2025-07-10,14733849413,user8115@example.com,钻石会员
U-TAOBAO-627523,taobao_3727090,taobao,用户7237,m,53,成都,2026-05-11,19885328841,user4244@example.com,金卡会员
U-TAOBAO-627691,taobao_4112543,taobao,用户6641,m,19,西安,2025-12-07,16646091045,user2801@example.com,普通会员
U-TAOBAO-628723,taobao_8730512,taobao,用户7861,m,54,南京,2025-06-08,17968388439,user4904@example.com,普通会员
U-TAOBAO-628785,taobao_2066322,taobao,用户2818,f,57,杭州,2025-01-19,17942185896,user6451@example.com,金卡会员
U-TAOBAO-628879,taobao_9581905,taobao,用户2464,f,53,西安,2025-10-23,13611620359,user8704@example.com,金卡会员
U-TAOBAO-629072,taobao_7918341,taobao,用户6053,m,41,北京,2026-05-06,16478521389,user6017@example.com,金卡会员
U-TAOBAO-630336,taobao_7172199,taobao,用户9127,m,34,成都,2026-05-04,17368574863,user3336@example.com,银卡会员
U-TAOBAO-630338,taobao_3342002,taobao,用户1063,m,42,上海,2025-01-14,17953302122,user1853@example.com,银卡会员
U-TAOBAO-631413,taobao_2243768,taobao,用户9992,f,20,广州,2025-05-06,18514781334,user1295@example.com,钻石会员
U-TAOBAO-631953,taobao_7702815,taobao,用户4779,m,56,成都,2026-11-18,17855065000,user7378@example.com,普通会员
U-TAOBAO-632066,taobao_7193648,taobao,用户5714,m,18,广州,2026-06-07,19753165351,user8140@example.com,金卡会员
U-TAOBAO-632195,taobao_8599875,taobao,用户5746,m,41,重庆,2026-08-25,18357888274,user4551@example.com,银卡会员
U-TAOBAO-634037,taobao_7608784,taobao,用户9201,m,19,西安,2026-06-05,13751368441,user4466@example.com,金卡会员
U-TAOBAO-634312,taobao_8460372,taobao,用户8073,f,26,杭州,2025-05-07,15877694595,user4241@example.com,银卡会员
U-TAOBAO-634638,taobao_7831317,taobao,用户1947,f,53,北京,2025-02-25,19364620433,user7869@example.com,金卡会员
U-TAOBAO-634796,taobao_5758359,taobao,用户8550,m,38,上海,2025-06-01,17363307243,user1282@example.com,普通会员
U-TAOBAO-634887,taobao_6190659,taobao,用户1871,m,59,重庆,2026-04-20,14754396813,user8417@example.com,金卡会员
U-TAOBAO-635312,taobao_5614094,taobao,用户8794,f,34,成都,2025-08-22,18660831856,user1460@example.com,普通会员
U-TAOBAO-635797,taobao_7946500,taobao,用户3453,m,53,南京,2025-10-18,16577488262,user5342@example.com,金卡会员
U-TAOBAO-636486,taobao_4221266,taobao,用户4388,f,35,武汉,2025-03-28,17101997591,user1426@example.com,普通会员
U-TAOBAO-636526,taobao_5700164,taobao,用户9908,f,60,西安,2026-02-20,13689907717,user6475@example.com,普通会员
U-TAOBAO-637621,taobao_6130112,taobao,用户6706,f,36,广州,2026-07-21,15881259428,user1841@example.com,金卡会员
U-TAOBAO-638617,taobao_2461081,taobao,用户2639,m,31,南京,2025-01-21,18711047115,user8616@example.com,银卡会员
U-TAOBAO-639158,taobao_4449377,taobao,用户8125,m,48,深圳,2026-02-23,17488109624,user3851@example.com,普通会员
U-TAOBAO-640172,taobao_6392079,taobao,用户3294,f,43,西安,2025-04-10,16832217398,user8512@example.com,银卡会员
U-TAOBAO-640574,taobao_9229785,taobao,用户5270,m,20,北京,2026-06-14,13277881349,user5176@example.com,银卡会员
U-TAOBAO-642006,taobao_1828639,taobao,用户5943,m,36,西安,2026-01-03,15624599830,user7599@example.com,钻石会员
U-TAOBAO-643466,taobao_1733035,taobao,用户8446,m,44,重庆,2026-07-23,18461545654,user7896@example.com,银卡会员
U-TAOBAO-643698,taobao_1602322,taobao,用户3882,f,39,深圳,2026-02-11,19831084332,user2928@example.com,金卡会员
U-TAOBAO-644102,taobao_6785046,taobao,用户9758,f,60,西安,2026-10-07,17654533537,user3696@example.com,金卡会员
U-TAOBAO-644228,taobao_2516345,taobao,用户2115,m,48,重庆,2026-10-08,19779549956,user9908@example.com,钻石会员
U-TAOBAO-644848,taobao_9481014,taobao,用户2636,m,58,北京,2026-12-22,15684934442,user2661@example.com,普通会员
U-TAOBAO-644985,taobao_9404781,taobao,用户6214,m,29,深圳,2025-07-03,15778844502,user4396@example.com,钻石会员
U-TAOBAO-645447,taobao_2192359,taobao,用户3896,f,19,深圳,2025-01-16,18804722902,user9296@example.com,钻石会员
U-TAOBAO-645680,taobao_8929746,taobao,用户9767,f,36,杭州,2025-01-02,19624764548,user8369@example.com,银卡会员
U-TAOBAO-645802,taobao_5073360,taobao,用户7414,m,43,杭州,2025-03-07,17715913385,user1570@example.com,银卡会员
U-TAOBAO-646740,taobao_3205247,taobao,用户9454,m,51,上海,2026-02-01,14236982471,user2976@example.com,普通会员
U-TAOBAO-646757,taobao_4432033,taobao,用户4055,f,39,西安,2026-09-26,17166740549,user6941@example.com,金卡会员
U-TAOBAO-647324,taobao_6089560,taobao,用户5379,f,49,南京,2026-11-03,16388322435,user5477@example.com,金卡会员
U-TAOBAO-647816,taobao_7096947,taobao,用户3158,m,20,广州,2026-02-24,18207641681,user4115@example.com,银卡会员
U-TAOBAO-647910,taobao_5957718,taobao,用户5831,f,47,成都,2025-03-09,18324754063,user8489@example.com,银卡会员
U-TAOBAO-648114,taobao_2836317,taobao,用户2052,m,58,北京,2026-11-24,18708470353,user2216@example.com,银卡会员
U-TAOBAO-648590,taobao_7879009,taobao,用户3187,f,60,重庆,2026-09-26,16280134724,user2725@example.com,金卡会员
U-TAOBAO-648832,taobao_9204255,taobao,用户2397,m,47,上海,2026-11-05,19976356395,user9327@example.com,金卡会员
U-TAOBAO-649544,taobao_8534441,taobao,用户8546,f,46,上海,2026-12-01,13168514430,user5310@example.com,银卡会员
U-TAOBAO-649792,taobao_9622460,taobao,用户7434,m,26,成都,2026-05-18,17577809636,user7446@example.com,钻石会员
U-TAOBAO-650957,taobao_5649016,taobao,用户1485,m,53,北京,2026-03-28,18194708854,user5055@example.com,金卡会员
U-TAOBAO-652141,taobao_9046493,taobao,用户1757,m,18,广州,2025-11-24,19935506196,user6528@example.com,金卡会员
U-TAOBAO-652585,taobao_5573124,taobao,用户6037,m,35,深圳,2025-04-23,16795753850,user2046@example.com,银卡会员
U-TAOBAO-653417,taobao_1348604,taobao,用户7245,m,32,重庆,2025-01-02,13409954937,user1398@example.com,金卡会员
U-TAOBAO-654003,taobao_9388596,taobao,用户5526,m,25,重庆,2026-12-13,14112755188,user8775@example.com,普通会员
U-TAOBAO-654578,taobao_5286610,taobao,用户8248,f,58,成都,2026-01-17,14135544902,user1796@example.com,钻石会员
U-TAOBAO-655570,taobao_3127284,taobao,用户5538,m,30,重庆,2026-11-02,14123981022,user2911@example.com,普通会员
U-TAOBAO-655739,taobao_2715101,taobao,用户7263,m,42,武汉,2025-01-24,14470374286,user6332@example.com,银卡会员
U-TAOBAO-657292,taobao_4674498,taobao,用户5469,f,59,重庆,2025-03-15,17397816367,user2921@example.com,银卡会员
U-TAOBAO-657754,taobao_6541506,taobao,用户6230,m,45,深圳,2025-06-07,16374851849,user2127@example.com,普通会员
U-TAOBAO-657785,taobao_7684080,taobao,用户5494,m,26,成都,2026-12-01,13368952386,user8180@example.com,普通会员
U-TAOBAO-658118,taobao_6735569,taobao,用户3423,f,52,广州,2025-12-12,13184060415,user7767@example.com,普通会员
U-TAOBAO-658192,taobao_8916727,taobao,用户6103,f,47,西安,2025-03-01,14547949835,user2107@example.com,钻石会员
U-TAOBAO-658777,taobao_2317166,taobao,用户9996,m,49,广州,2025-11-01,13464425173,user9624@example.com,普通会员
U-TAOBAO-659763,taobao_6472480,taobao,用户5511,m,19,广州,2025-09-06,18702347195,user6202@example.com,银卡会员
U-TAOBAO-660132,taobao_5122859,taobao,用户6855,f,37,上海,2026-08-12,15595414089,user3015@example.com,银卡会员
U-TAOBAO-660251,taobao_6460249,taobao,用户6648,m,23,成都,2025-06-13,15761389538,user7344@example.com,钻石会员
U-TAOBAO-661104,taobao_8128379,taobao,用户6445,f,40,成都,2025-09-08,19785175499,user1786@example.com,银卡会员
U-TAOBAO-661713,taobao_1098541,taobao,用户7670,f,26,成都,2026-09-22,14889261966,user7136@example.com,钻石会员
U-TAOBAO-662200,taobao_2723605,taobao,用户8620,m,54,广州,2026-05-19,19889125058,user1830@example.com,银卡会员
U-TAOBAO-664374,taobao_6240878,taobao,用户4739,f,56,上海,2025-10-23,16878964874,user4093@example.com,银卡会员
U-TAOBAO-664382,taobao_2999034,taobao,用户9172,m,58,重庆,2025-11-20,14484047855,user5636@example.com,银卡会员
U-TAOBAO-664491,taobao_8103833,taobao,用户4194,f,34,深圳,2025-10-22,19330100633,user6237@example.com,钻石会员
U-TAOBAO-664913,taobao_2397333,taobao,用户4376,f,32,成都,2026-03-22,18701338843,user1768@example.com,金卡会员
U-TAOBAO-666125,taobao_1761198,taobao,用户4197,m,42,武汉,2026-08-09,15181763702,user4655@example.com,钻石会员
U-TAOBAO-667516,taobao_5103622,taobao,用户9231,f,44,杭州,2026-05-11,13798418365,user7689@example.com,银卡会员
U-TAOBAO-667913,taobao_1405581,taobao,用户5673,f,49,重庆,2026-02-01,17620161031,user9169@example.com,银卡会员
U-TAOBAO-667981,taobao_4004647,taobao,用户4203,f,33,杭州,2025-09-06,19519860317,user6899@example.com,普通会员
U-TAOBAO-668868,taobao_4898662,taobao,用户1730,m,51,南京,2026-01-23,15724130599,user7490@example.com,普通会员
U-TAOBAO-668979,taobao_1778656,taobao,用户4224,m,27,武汉,2026-05-20,16545303115,user5440@example.com,普通会员
U-TAOBAO-669609,taobao_7010492,taobao,用户2086,m,38,北京,2025-08-26,17218894701,user7672@example.com,普通会员
U-TAOBAO-669810,taobao_2989272,taobao,用户1963,f,47,西安,2026-01-11,17660403522,user4726@example.com,金卡会员
U-TAOBAO-669955,taobao_8914839,taobao,用户2705,m,27,广州,2025-05-06,15323796518,user9430@example.com,银卡会员
U-TAOBAO-670324,taobao_3794908,taobao,用户3614,m,27,北京,2026-02-02,15228156964,user9960@example.com,普通会员
U-TAOBAO-670971,taobao_4015004,taobao,用户4401,m,34,武汉,2025-01-06,17867088492,user7793@example.com,银卡会员
U-TAOBAO-671485,taobao_3554624,taobao,用户9992,m,23,广州,2026-07-06,17673337891,user4391@example.com,普通会员
U-TAOBAO-672040,taobao_3072627,taobao,用户7208,m,56,西安,2026-04-08,18610543567,user3601@example.com,银卡会员
U-TAOBAO-673790,taobao_3793777,taobao,用户9068,m,29,武汉,2025-04-23,15842156552,user6556@example.com,银卡会员
U-TAOBAO-674443,taobao_1341591,taobao,用户3235,m,22,杭州,2026-10-11,17116878771,user7132@example.com,银卡会员
U-TAOBAO-675098,taobao_9158648,taobao,用户4890,f,42,上海,2026-08-12,14833569556,user9783@example.com,金卡会员
U-TAOBAO-675287,taobao_3821818,taobao,用户6352,m,60,武汉,2026-08-13,14397520035,user7848@example.com,普通会员
U-TAOBAO-675549,taobao_5776868,taobao,用户6503,f,53,广州,2026-07-04,16701070962,user7465@example.com,金卡会员
U-TAOBAO-675882,taobao_3016257,taobao,用户2100,m,55,深圳,2026-11-26,17144668388,user2398@example.com,钻石会员
U-TAOBAO-676116,taobao_7629526,taobao,用户2758,m,47,重庆,2026-08-15,17922217591,user2198@example.com,钻石会员
U-TAOBAO-676267,taobao_9608309,taobao,用户4733,f,34,武汉,2026-01-15,18388642876,user2774@example.com,钻石会员
U-TAOBAO-676628,taobao_5303355,taobao,用户8166,f,28,北京,2026-07-06,17833511581,user5539@example.com,金卡会员
U-TAOBAO-678370,taobao_1256018,taobao,用户8573,m,47,西安,2025-11-25,16535432365,user5469@example.com,普通会员
U-TAOBAO-679181,taobao_8575259,taobao,用户3453,f,18,成都,2026-02-17,17149737803,user3679@example.com,钻石会员
U-TAOBAO-679383,taobao_3469001,taobao,用户4844,m,50,深圳,2026-02-15,16227349855,user4240@example.com,金卡会员
U-TAOBAO-679586,taobao_3522529,taobao,用户9012,f,38,广州,2026-05-04,16745927232,user8392@example.com,银卡会员
U-TAOBAO-679937,taobao_8278147,taobao,用户3906,f,23,西安,2026-07-24,15470252317,user3427@example.com,金卡会员
U-TAOBAO-680462,taobao_2025132,taobao,用户1272,f,45,杭州,2026-05-27,19732434521,user5425@example.com,金卡会员
U-TAOBAO-682000,taobao_7789344,taobao,用户8611,f,25,广州,2026-06-20,17899936027,user9621@example.com,钻石会员
U-TAOBAO-682114,taobao_3474966,taobao,用户2423,f,18,西安,2026-10-06,14394566899,user4666@example.com,银卡会员
U-TAOBAO-683569,taobao_8108349,taobao,用户5271,f,43,武汉,2025-06-27,16279463654,user8309@example.com,钻石会员
U-TAOBAO-685227,taobao_4287196,taobao,用户3125,m,50,西安,2025-10-01,17339389146,user3377@example.com,金卡会员
U-TAOBAO-685430,taobao_9475981,taobao,用户8908,f,20,上海,2025-07-27,19433718779,user2229@example.com,普通会员
U-TAOBAO-685920,taobao_9918974,taobao,用户8701,m,32,武汉,2026-07-08,16199296441,user3392@example.com,银卡会员
U-TAOBAO-686024,taobao_8914714,taobao,用户3549,f,20,深圳,2026-10-03,18946775916,user1370@example.com,普通会员
U-TAOBAO-686163,taobao_2896747,taobao,用户6154,m,33,重庆,2025-08-14,19177768254,user2704@example.com,普通会员
U-TAOBAO-686301,taobao_8754958,taobao,用户9882,m,45,南京,2026-03-17,14499854619,user6940@example.com,银卡会员
U-TAOBAO-686818,taobao_7620540,taobao,用户2398,f,27,西安,2026-10-04,18859347424,user2279@example.com,银卡会员
U-TAOBAO-687196,taobao_9039920,taobao,用户7274,f,53,广州,2026-05-15,18104302168,user3774@example.com,银卡会员
U-TAOBAO-687500,taobao_1607652,taobao,用户8802,m,55,武汉,2026-09-16,13558641821,user9959@example.com,普通会员
U-TAOBAO-687877,taobao_4795397,taobao,用户7651,m,24,深圳,2026-12-13,19944061770,user7847@example.com,钻石会员
U-TAOBAO-688440,taobao_1908078,taobao,用户2119,f,49,南京,2025-06-09,14758789765,user5854@example.com,钻石会员
U-TAOBAO-689007,taobao_8662106,taobao,用户1998,f,56,武汉,2026-09-09,16378275342,user7643@example.com,普通会员
U-TAOBAO-690022,taobao_8908697,taobao,用户5063,f,23,成都,2026-10-17,17270157265,user9679@example.com,银卡会员
U-TAOBAO-690023,taobao_1539886,taobao,用户8453,f,23,武汉,2026-05-02,19691177544,user8169@example.com,普通会员
U-TAOBAO-690201,taobao_4017506,taobao,用户5211,f,36,上海,2026-08-01,18158969880,user3791@example.com,普通会员
U-TAOBAO-690878,taobao_6381026,taobao,用户3551,f,18,广州,2026-01-04,14151550182,user7948@example.com,金卡会员
U-TAOBAO-691684,taobao_7787954,taobao,用户6538,m,35,上海,2026-04-08,14434766113,user7821@example.com,金卡会员
U-TAOBAO-692729,taobao_9114465,taobao,用户3615,f,20,西安,2026-08-24,19397919264,user8853@example.com,普通会员
U-TAOBAO-694353,taobao_7093257,taobao,用户8066,f,52,重庆,2025-02-14,18437324178,user4422@example.com,普通会员
U-TAOBAO-695056,taobao_8747936,taobao,用户7945,m,29,杭州,2025-08-03,19764682947,user3125@example.com,银卡会员
U-TAOBAO-695279,taobao_8843516,taobao,用户7973,m,33,成都,2026-11-18,14796260012,user1488@example.com,银卡会员
U-TAOBAO-696599,taobao_6033123,taobao,用户5574,f,39,西安,2025-07-22,18712239488,user9428@example.com,银卡会员
U-TAOBAO-697294,taobao_1151006,taobao,用户7756,m,46,杭州,2025-12-04,18783414123,user3051@example.com,钻石会员
U-TAOBAO-697366,taobao_9462604,taobao,用户9487,f,25,上海,2025-08-23,18882145549,user4475@example.com,银卡会员
U-TAOBAO-697892,taobao_4840761,taobao,用户7698,f,55,上海,2026-11-01,19146161349,user9126@example.com,银卡会员
U-TAOBAO-698466,taobao_5489255,taobao,用户7221,m,33,重庆,2026-05-06,13395946317,user7675@example.com,普通会员
U-TAOBAO-698586,taobao_3279858,taobao,用户8698,m,19,西安,2025-10-03,15779139231,user9598@example.com,普通会员
U-TAOBAO-702448,taobao_4375099,taobao,用户2583,m,46,重庆,2025-06-02,17505117126,user6216@example.com,钻石会员
U-TAOBAO-703101,taobao_7188848,taobao,用户8536,m,48,武汉,2025-12-16,16250666070,user8663@example.com,普通会员
U-TAOBAO-703478,taobao_6271303,taobao,用户3415,f,50,深圳,2025-03-23,18924866092,user1480@example.com,金卡会员
U-TAOBAO-705835,taobao_6813179,taobao,用户1103,m,32,上海,2026-04-26,18441288006,user6178@example.com,普通会员
U-TAOBAO-706011,taobao_8613524,taobao,用户9121,f,39,南京,2025-08-03,17343764472,user6182@example.com,普通会员
U-TAOBAO-706066,taobao_8540051,taobao,用户5222,f,47,上海,2025-07-04,15793574224,user9175@example.com,金卡会员
U-TAOBAO-707001,taobao_5408928,taobao,用户4012,f,25,南京,2026-01-21,15657678787,user1966@example.com,普通会员
U-TAOBAO-707107,taobao_5176449,taobao,用户7731,m,54,武汉,2025-10-21,15512270483,user1139@example.com,钻石会员
U-TAOBAO-707539,taobao_7755979,taobao,用户1599,f,20,西安,2026-08-25,18540122218,user4311@example.com,普通会员
U-TAOBAO-708027,taobao_1061760,taobao,用户4784,f,48,重庆,2026-01-25,18385933343,user3785@example.com,钻石会员
U-TAOBAO-709254,taobao_3665705,taobao,用户6145,f,37,南京,2026-07-05,14104444259,user3767@example.com,银卡会员
U-TAOBAO-710054,taobao_9644148,taobao,用户6322,f,52,广州,2026-03-08,14327385665,user9007@example.com,银卡会员
U-TAOBAO-710323,taobao_7939547,taobao,用户7164,f,20,广州,2026-07-04,19401806758,user4404@example.com,钻石会员
U-TAOBAO-710355,taobao_6997812,taobao,用户1833,m,27,武汉,2025-02-01,18743326143,user1988@example.com,普通会员
U-TAOBAO-710827,taobao_9993481,taobao,用户1534,f,40,广州,2026-03-24,14222304952,user1337@example.com,金卡会员
U-TAOBAO-710965,taobao_5801016,taobao,用户5561,f,49,重庆,2025-01-16,14982010655,user3670@example.com,银卡会员
U-TAOBAO-711795,taobao_3763023,taobao,用户7486,m,31,广州,2026-04-20,14962642812,user9578@example.com,银卡会员
U-TAOBAO-713446,taobao_8233567,taobao,用户2113,m,59,深圳,2025-05-03,13864705821,user7404@example.com,银卡会员
U-TAOBAO-713600,taobao_8515204,taobao,用户2710,m,38,重庆,2025-04-25,15397781511,user4401@example.com,钻石会员
U-TAOBAO-713645,taobao_8792451,taobao,用户2039,m,20,武汉,2025-09-19,15672553554,user1178@example.com,普通会员
U-TAOBAO-713963,taobao_1716893,taobao,用户4725,m,48,北京,2026-10-25,13489599308,user4463@example.com,普通会员
U-TAOBAO-714627,taobao_6697404,taobao,用户2617,m,19,武汉,2026-07-11,19117631049,user7976@example.com,金卡会员
U-TAOBAO-715383,taobao_6266095,taobao,用户9849,f,59,重庆,2025-09-14,13248561301,user1894@example.com,普通会员
U-TAOBAO-715769,taobao_2897677,taobao,用户8715,f,46,北京,2025-10-03,17183388929,user6514@example.com,普通会员
U-TAOBAO-716190,taobao_5816941,taobao,用户2267,m,56,西安,2026-07-10,16695451075,user4420@example.com,银卡会员
U-TAOBAO-717332,taobao_1506476,taobao,用户6050,f,30,重庆,2026-07-13,19481755553,user9837@example.com,钻石会员
U-TAOBAO-718503,taobao_8570660,taobao,用户2087,m,27,广州,2025-02-16,14730346388,user3942@example.com,普通会员
U-TAOBAO-720165,taobao_3580700,taobao,用户1272,f,56,武汉,2026-04-13,14110391126,user6377@example.com,银卡会员
U-TAOBAO-721876,taobao_1688812,taobao,用户2179,f,59,深圳,2025-04-19,15662313227,user5900@example.com,金卡会员
U-TAOBAO-722729,taobao_2060943,taobao,用户5045,m,24,杭州,2026-10-22,15480617483,user9371@example.com,钻石会员
U-TAOBAO-723389,taobao_3721340,taobao,用户9864,m,42,武汉,2026-08-04,18113200936,user1742@example.com,普通会员
U-TAOBAO-723401,taobao_8024762,taobao,用户4212,f,46,上海,2025-09-28,14381238335,user6106@example.com,银卡会员
U-TAOBAO-723530,taobao_1166457,taobao,用户8408,f,57,西安,2026-06-15,14803723722,user9631@example.com,钻石会员
U-TAOBAO-724309,taobao_3614490,taobao,用户3617,m,42,广州,2025-07-07,19488842584,user8770@example.com,钻石会员
U-TAOBAO-725772,taobao_2428193,taobao,用户7641,m,48,杭州,2026-06-11,14131258392,user9715@example.com,普通会员
U-TAOBAO-726325,taobao_4906945,taobao,用户5998,m,41,广州,2025-06-02,16354215083,user2803@example.com,金卡会员
U-TAOBAO-727172,taobao_6428312,taobao,用户3946,f,21,南京,2026-06-15,13231224315,user9123@example.com,钻石会员
U-TAOBAO-728250,taobao_1095032,taobao,用户8356,m,50,成都,2026-05-07,18941621684,user5199@example.com,普通会员
U-TAOBAO-728506,taobao_4758415,taobao,用户3245,f,35,南京,2026-12-18,18802978025,user3456@example.com,普通会员
U-TAOBAO-729392,taobao_4632358,taobao,用户4648,m,18,武汉,2026-10-03,13489098083,user7629@example.com,普通会员
U-TAOBAO-731455,taobao_6745533,taobao,用户2304,m,50,杭州,2025-09-09,17816899276,user6061@example.com,银卡会员
U-TAOBAO-731976,taobao_3077832,taobao,用户2689,m,25,北京,2026-06-27,17321026178,user2123@example.com,金卡会员
U-TAOBAO-732212,taobao_7033838,taobao,用户8142,m,31,西安,2025-09-03,18269063881,user4371@example.com,普通会员
U-TAOBAO-734979,taobao_1346927,taobao,用户3136,m,44,西安,2025-07-19,19829953193,user5439@example.com,普通会员
U-TAOBAO-735486,taobao_5363159,taobao,用户4170,m,28,上海,2026-09-01,18959971583,user7692@example.com,普通会员
U-TAOBAO-737127,taobao_7668388,taobao,用户3763,f,55,西安,2025-07-24,15669503288,user1669@example.com,钻石会员
U-TAOBAO-737159,taobao_4968908,taobao,用户1093,f,46,深圳,2025-04-13,14196519852,user4498@example.com,金卡会员
U-TAOBAO-738031,taobao_2199568,taobao,用户6964,m,30,上海,2025-12-09,15209478209,user7110@example.com,金卡会员
U-TAOBAO-739417,taobao_2196501,taobao,用户1544,m,39,上海,2026-09-25,16246342624,user4295@example.com,银卡会员
U-TAOBAO-739435,taobao_2844473,taobao,用户3822,m,44,杭州,2026-10-03,16927560854,user8044@example.com,钻石会员
U-TAOBAO-741717,taobao_8685071,taobao,用户2606,m,48,深圳,2026-07-13,17397150741,user3293@example.com,金卡会员
U-TAOBAO-741896,taobao_8289182,taobao,用户3250,m,33,深圳,2026-04-28,13372824975,user9585@example.com,普通会员
U-TAOBAO-742678,taobao_4426265,taobao,用户7390,m,35,武汉,2025-05-05,19547050427,user9092@example.com,金卡会员
U-TAOBAO-743447,taobao_7986404,taobao,用户1424,m,50,南京,2025-08-06,13635348666,user9137@example.com,金卡会员
U-TAOBAO-744287,taobao_8968500,taobao,用户1054,m,28,成都,2025-02-18,15349740658,user5192@example.com,金卡会员
U-TAOBAO-744654,taobao_8681556,taobao,用户5305,f,24,重庆,2025-09-15,15212591770,user5964@example.com,普通会员
U-TAOBAO-745501,taobao_9100114,taobao,用户3341,m,30,上海,2026-06-08,13585786317,user3058@example.com,金卡会员
U-TAOBAO-745711,taobao_4097400,taobao,用户8044,m,59,广州,2025-09-27,15606386381,user9371@example.com,银卡会员
U-TAOBAO-746976,taobao_2205925,taobao,用户7672,m,50,广州,2026-01-10,14171980114,user1846@example.com,银卡会员
U-TAOBAO-748368,taobao_5088788,taobao,用户2873,f,41,北京,2026-11-20,19867059499,user2466@example.com,金卡会员
U-TAOBAO-748750,taobao_2624563,taobao,用户9839,m,36,武汉,2026-03-21,17579929726,user1603@example.com,普通会员
U-TAOBAO-748924,taobao_2982063,taobao,用户1314,m,21,重庆,2026-04-22,17274530489,user9675@example.com,银卡会员
U-TAOBAO-749036,taobao_1293299,taobao,用户3095,f,37,成都,2025-02-03,16985276088,user8441@example.com,普通会员
U-TAOBAO-750273,taobao_1008543,taobao,用户6391,m,55,广州,2026-06-13,17188110927,user8102@example.com,银卡会员
U-TAOBAO-750852,taobao_2933850,taobao,用户9529,m,57,重庆,2025-09-09,15237246631,user7739@example.com,普通会员
U-TAOBAO-751978,taobao_4802048,taobao,用户8475,f,60,上海,2026-09-05,18102243750,user9762@example.com,金卡会员
U-TAOBAO-752915,taobao_7218404,taobao,用户6083,f,44,广州,2026-08-23,13580834832,user6278@example.com,普通会员
U-TAOBAO-753671,taobao_1576807,taobao,用户9409,m,57,西安,2025-01-26,18575835020,user9280@example.com,普通会员
U-TAOBAO-753788,taobao_1136420,taobao,用户6680,f,20,杭州,2026-03-14,19882363614,user4944@example.com,金卡会员
U-TAOBAO-754325,taobao_9458233,taobao,用户8989,f,46,广州,2026-01-01,18246846874,user3483@example.com,钻石会员
U-TAOBAO-754543,taobao_7624334,taobao,用户6259,m,25,成都,2026-06-06,14484646268,user5348@example.com,金卡会员
U-TAOBAO-754776,taobao_9778994,taobao,用户3259,m,22,深圳,2025-07-19,19691549802,user2344@example.com,金卡会员
U-TAOBAO-755383,taobao_7852177,taobao,用户7352,m,39,北京,2026-08-18,14513638805,user7624@example.com,金卡会员
U-TAOBAO-755727,taobao_5817453,taobao,用户8486,f,25,武汉,2026-10-03,14654759959,user7767@example.com,钻石会员
U-TAOBAO-756556,taobao_1785765,taobao,用户8375,f,33,上海,2025-02-26,18853911605,user5760@example.com,钻石会员
U-TAOBAO-756805,taobao_8230259,taobao,用户7021,f,34,北京,2025-02-03,18137989344,user3991@example.com,金卡会员
U-TAOBAO-757790,taobao_2839596,taobao,用户1410,m,29,广州,2026-12-28,19202690963,user8594@example.com,金卡会员
U-TAOBAO-757798,taobao_4723377,taobao,用户3215,f,19,成都,2026-05-13,15678759959,user2046@example.com,钻石会员
U-TAOBAO-757865,taobao_7793102,taobao,用户1676,f,47,南京,2026-01-22,16669560068,user6088@example.com,银卡会员
U-TAOBAO-758031,taobao_1411755,taobao,用户6005,f,36,武汉,2025-05-18,18412440953,user9968@example.com,银卡会员
U-TAOBAO-760771,taobao_1428721,taobao,用户5610,m,34,重庆,2026-09-26,14710388224,user6622@example.com,普通会员
U-TAOBAO-760836,taobao_7552975,taobao,用户9398,m,30,南京,2026-01-21,15270627470,user4976@example.com,普通会员
U-TAOBAO-761342,taobao_6269040,taobao,用户6658,f,41,重庆,2025-09-16,14897256605,user6657@example.com,银卡会员
U-TAOBAO-761774,taobao_3784445,taobao,用户3907,f,49,杭州,2025-04-27,14846593621,user5231@example.com,普通会员
U-TAOBAO-762352,taobao_9611737,taobao,用户3451,m,39,重庆,2025-07-08,14115394785,user6544@example.com,钻石会员
U-TAOBAO-764132,taobao_2940349,taobao,用户2884,f,55,杭州,2026-11-26,17750159903,user4271@example.com,普通会员
U-TAOBAO-764430,taobao_8964721,taobao,用户5734,f,34,广州,2025-03-27,15881690739,user6457@example.com,金卡会员
U-TAOBAO-764560,taobao_6744180,taobao,用户9102,m,52,重庆,2025-02-27,15226450149,user8189@example.com,普通会员
U-TAOBAO-765732,taobao_3146893,taobao,用户2431,f,56,深圳,2026-03-16,17853050942,user1724@example.com,银卡会员
U-TAOBAO-767875,taobao_6555773,taobao,用户7540,f,18,成都,2026-03-09,15591375357,user9727@example.com,金卡会员
U-TAOBAO-768274,taobao_6170517,taobao,用户3289,m,42,西安,2026-12-22,13975805258,user3776@example.com,金卡会员
U-TAOBAO-770440,taobao_2567932,taobao,用户4730,f,26,武汉,2025-11-05,13786159844,user4659@example.com,钻石会员
U-TAOBAO-770867,taobao_1761075,taobao,用户9568,f,21,上海,2025-08-20,13872197938,user3363@example.com,银卡会员
U-TAOBAO-770892,taobao_8990115,taobao,用户6270,f,23,武汉,2025-04-06,16101043156,user5248@example.com,银卡会员
U-TAOBAO-771732,taobao_3336947,taobao,用户1683,m,50,广州,2026-05-03,17461484175,user6567@example.com,普通会员
U-TAOBAO-771783,taobao_2495882,taobao,用户8995,f,20,深圳,2026-03-06,14116383927,user5230@example.com,钻石会员
U-TAOBAO-772712,taobao_4509751,taobao,用户6832,m,42,北京,2026-03-25,17562758066,user1956@example.com,钻石会员
U-TAOBAO-773729,taobao_4356020,taobao,用户9134,f,56,深圳,2025-07-10,19713230000,user4515@example.com,钻石会员
U-TAOBAO-774410,taobao_7216709,taobao,用户1359,m,56,广州,2025-03-15,18721860896,user2305@example.com,钻石会员
U-TAOBAO-774421,taobao_8836456,taobao,用户8794,m,38,成都,2026-12-04,17589368829,user3455@example.com,钻石会员
U-TAOBAO-774429,taobao_4724251,taobao,用户3852,m,59,成都,2026-08-09,13554987987,user3672@example.com,普通会员
U-TAOBAO-774658,taobao_6710856,taobao,用户6576,f,38,深圳,2025-02-20,15812234037,user2496@example.com,普通会员
U-TAOBAO-775734,taobao_4632606,taobao,用户8007,f,43,成都,2025-05-24,15353065257,user4843@example.com,普通会员
U-TAOBAO-775854,taobao_3420382,taobao,用户2775,m,47,南京,2026-06-18,16909382998,user8636@example.com,金卡会员
U-TAOBAO-775962,taobao_1615633,taobao,用户3223,f,36,北京,2025-07-05,14408584856,user2840@example.com,银卡会员
U-TAOBAO-776119,taobao_4680254,taobao,用户6703,m,25,西安,2026-08-18,17228967427,user2257@example.com,银卡会员
U-TAOBAO-776138,taobao_1583100,taobao,用户7254,m,51,南京,2025-09-10,17197324388,user3974@example.com,银卡会员
U-TAOBAO-776190,taobao_1890007,taobao,用户7043,f,39,广州,2026-05-10,18296009535,user4339@example.com,普通会员
U-TAOBAO-776887,taobao_6818304,taobao,用户2773,f,24,成都,2025-06-23,19124343759,user7817@example.com,普通会员
U-TAOBAO-777584,taobao_8467870,taobao,用户3043,m,57,成都,2025-01-15,13280582424,user5487@example.com,金卡会员
U-TAOBAO-777671,taobao_7014700,taobao,用户8518,m,36,北京,2025-05-24,13800643222,user5545@example.com,钻石会员
U-TAOBAO-778039,taobao_8144136,taobao,用户3937,f,54,广州,2026-05-10,17778451916,user5584@example.com,普通会员
U-TAOBAO-778544,taobao_8556970,taobao,用户9572,f,38,西安,2025-03-03,15668307483,user9584@example.com,普通会员
U-TAOBAO-780350,taobao_7554223,taobao,用户8972,f,38,深圳,2026-02-20,13394869648,user9663@example.com,银卡会员
U-TAOBAO-780754,taobao_7934183,taobao,用户5496,f,53,广州,2025-02-07,16685833362,user5851@example.com,普通会员
U-TAOBAO-783696,taobao_3891882,taobao,用户3895,f,43,成都,2025-12-08,18754842896,user6329@example.com,银卡会员
U-TAOBAO-785852,taobao_4062081,taobao,用户1660,m,23,杭州,2025-02-20,13944614329,user7454@example.com,普通会员
U-TAOBAO-787430,taobao_6366784,taobao,用户4475,f,30,北京,2026-10-17,18180302821,user4160@example.com,普通会员
U-TAOBAO-787508,taobao_4663510,taobao,用户4783,f,34,重庆,2025-07-01,17696057317,user8241@example.com,金卡会员
U-TAOBAO-787911,taobao_7460776,taobao,用户8330,m,39,北京,2026-05-19,16789738346,user8466@example.com,金卡会员
U-TAOBAO-788985,taobao_2329215,taobao,用户8909,m,60,杭州,2026-09-14,15181867037,user2227@example.com,金卡会员
U-TAOBAO-789082,taobao_7240187,taobao,用户8326,m,38,重庆,2025-03-23,13653240387,user1240@example.com,普通会员
U-TAOBAO-789939,taobao_4008698,taobao,用户6791,f,25,深圳,2025-06-03,15635566092,user6119@example.com,银卡会员
U-TAOBAO-790230,taobao_2331920,taobao,用户2311,m,46,深圳,2026-06-04,17267140860,user8898@example.com,普通会员
U-TAOBAO-790427,taobao_1386899,taobao,用户2368,f,57,杭州,2026-11-11,18144673341,user8766@example.com,银卡会员
U-TAOBAO-791078,taobao_6087098,taobao,用户5276,m,27,南京,2025-04-26,17128247795,user4601@example.com,普通会员
U-TAOBAO-791198,taobao_9826670,taobao,用户7975,f,35,广州,2025-12-26,19958349726,user8668@example.com,钻石会员
U-TAOBAO-791245,taobao_3808268,taobao,用户4824,f,36,成都,2025-04-01,13704465016,user9294@example.com,银卡会员
U-TAOBAO-792108,taobao_3608795,taobao,用户4454,m,42,南京,2025-09-02,16764390757,user6458@example.com,银卡会员
U-TAOBAO-792346,taobao_1375863,taobao,用户1915,m,53,广州,2025-03-08,14529694801,user1374@example.com,银卡会员
U-TAOBAO-792895,taobao_5836089,taobao,用户4966,f,28,上海,2026-03-27,17905584078,user2438@example.com,金卡会员
U-TAOBAO-793802,taobao_3381074,taobao,用户1086,m,50,北京,2026-02-09,17414294564,user7923@example.com,普通会员
U-TAOBAO-796684,taobao_7084044,taobao,用户3458,f,60,成都,2026-11-20,19575043255,user3321@example.com,金卡会员
U-TAOBAO-797280,taobao_4203095,taobao,用户9009,m,48,南京,2025-10-09,14718436335,user9042@example.com,钻石会员
U-TAOBAO-799394,taobao_3620475,taobao,用户1627,f,42,广州,2025-03-15,15382443037,user6911@example.com,普通会员
U-TAOBAO-799548,taobao_8737082,taobao,用户6319,m,49,北京,2025-03-28,17973656842,user9145@example.com,金卡会员
U-TAOBAO-800380,taobao_4773600,taobao,用户4812,m,50,北京,2026-08-04,13628663131,user4644@example.com,金卡会员
U-TAOBAO-801843,taobao_1467667,taobao,用户9367,f,49,西安,2025-11-07,14513661588,user4945@example.com,普通会员
U-TAOBAO-803420,taobao_8598103,taobao,用户5390,m,46,广州,2026-07-23,13645700065,user4171@example.com,银卡会员
U-TAOBAO-803529,taobao_7046015,taobao,用户7206,m,56,成都,2026-04-21,13254569990,user3724@example.com,钻石会员
U-TAOBAO-803941,taobao_8190113,taobao,用户2779,f,52,南京,2025-08-23,17748744045,user6458@example.com,钻石会员
U-TAOBAO-804119,taobao_2122775,taobao,用户9319,f,21,武汉,2026-08-23,18321535327,user8425@example.com,银卡会员
U-TAOBAO-804584,taobao_3859233,taobao,用户7353,f,54,成都,2025-06-18,14259545021,user6554@example.com,银卡会员
U-TAOBAO-804823,taobao_1814377,taobao,用户3338,f,24,深圳,2026-07-22,18849904913,user9689@example.com,普通会员
U-TAOBAO-805479,taobao_8030274,taobao,用户4164,f,38,西安,2025-10-23,18134228231,user1935@example.com,钻石会员
U-TAOBAO-805556,taobao_7956048,taobao,用户5855,f,25,重庆,2025-09-20,15932113002,user9285@example.com,普通会员
U-TAOBAO-805581,taobao_2290719,taobao,用户3137,m,55,成都,2026-12-27,14931844456,user1447@example.com,普通会员
U-TAOBAO-806411,taobao_3347778,taobao,用户6756,m,46,上海,2026-03-04,19579902089,user2312@example.com,钻石会员
U-TAOBAO-808211,taobao_8512735,taobao,用户9800,f,44,南京,2025-02-28,15195825711,user8016@example.com,银卡会员
U-TAOBAO-808318,taobao_5566535,taobao,用户1411,f,46,上海,2026-05-06,14488051162,user4720@example.com,金卡会员
U-TAOBAO-808589,taobao_3202516,taobao,用户4104,f,56,杭州,2026-07-11,13372915986,user7892@example.com,钻石会员
U-TAOBAO-809405,taobao_4201627,taobao,用户8366,f,55,广州,2025-03-20,18357082737,user7709@example.com,普通会员
U-TAOBAO-809676,taobao_6602741,taobao,用户7536,f,38,武汉,2025-08-15,17624435193,user8166@example.com,钻石会员
U-TAOBAO-810161,taobao_3390894,taobao,用户3598,m,48,武汉,2025-06-21,14594571429,user8757@example.com,普通会员
U-TAOBAO-810424,taobao_5017739,taobao,用户4192,m,43,北京,2025-09-13,14899146189,user2414@example.com,钻石会员
U-TAOBAO-810664,taobao_7514232,taobao,用户4769,f,53,南京,2025-11-10,17839339352,user7088@example.com,银卡会员
U-TAOBAO-811126,taobao_6736721,taobao,用户2752,m,50,西安,2026-03-09,13187843257,user9671@example.com,金卡会员
U-TAOBAO-811413,taobao_9966077,taobao,用户9334,m,26,北京,2025-06-16,13671429826,user4537@example.com,钻石会员
U-TAOBAO-812401,taobao_7566220,taobao,用户5606,f,40,重庆,2026-05-25,19512129596,user3762@example.com,金卡会员
U-TAOBAO-812675,taobao_1364364,taobao,用户8437,f,37,西安,2025-01-24,14885847522,user7041@example.com,普通会员
U-TAOBAO-812998,taobao_7888600,taobao,用户2224,m,21,北京,2025-11-20,13947853285,user9882@example.com,普通会员
U-TAOBAO-813884,taobao_7104359,taobao,用户4744,f,35,武汉,2026-09-17,17467850219,user7515@example.com,钻石会员
U-TAOBAO-814007,taobao_2697389,taobao,用户7829,f,51,上海,2026-02-04,19698503833,user3694@example.com,金卡会员
U-TAOBAO-814253,taobao_4557274,taobao,用户1570,f,26,深圳,2026-07-01,14551195744,user8904@example.com,银卡会员
U-TAOBAO-815285,taobao_4831433,taobao,用户8035,m,28,杭州,2025-08-19,17489211067,user8296@example.com,金卡会员
U-TAOBAO-815308,taobao_2288851,taobao,用户2418,f,41,成都,2026-05-23,14507709605,user4106@example.com,金卡会员
U-TAOBAO-816625,taobao_3641104,taobao,用户7907,f,25,成都,2026-05-07,19278731807,user4716@example.com,普通会员
U-TAOBAO-817844,taobao_3016269,taobao,用户6501,f,39,重庆,2025-09-08,16129640146,user5603@example.com,普通会员
U-TAOBAO-818200,taobao_9338822,taobao,用户6461,f,43,上海,2025-07-06,14398454059,user1436@example.com,银卡会员
U-TAOBAO-819707,taobao_2650118,taobao,用户7874,f,41,西安,2026-06-20,15827946163,user8404@example.com,金卡会员
U-TAOBAO-820745,taobao_9954984,taobao,用户9256,m,53,上海,2026-11-16,19107029445,user4954@example.com,金卡会员
U-TAOBAO-820937,taobao_1129428,taobao,用户6605,m,30,成都,2026-06-04,14139640440,user7166@example.com,普通会员
U-TAOBAO-821347,taobao_3921103,taobao,用户7299,f,21,成都,2025-11-22,19230396454,user3863@example.com,银卡会员
U-TAOBAO-822062,taobao_7238622,taobao,用户6844,f,29,西安,2026-02-28,15364207806,user3285@example.com,银卡会员
U-TAOBAO-822159,taobao_3864293,taobao,用户2596,f,32,重庆,2026-08-10,13344519440,user9354@example.com,钻石会员
U-TAOBAO-822548,taobao_1397640,taobao,用户8839,m,28,北京,2025-04-28,18768069144,user4327@example.com,银卡会员
U-TAOBAO-822666,taobao_6785049,taobao,用户2303,m,22,深圳,2026-01-13,17857874068,user9510@example.com,银卡会员
U-TAOBAO-823192,taobao_3230217,taobao,用户2499,f,19,上海,2026-04-04,17539671898,user9676@example.com,银卡会员
U-TAOBAO-823790,taobao_6886858,taobao,用户3091,m,26,深圳,2025-02-24,16241403018,user1093@example.com,钻石会员
U-TAOBAO-826862,taobao_6910762,taobao,用户9619,m,26,武汉,2026-02-18,19143947000,user8938@example.com,金卡会员
U-TAOBAO-827013,taobao_2144740,taobao,用户8403,m,41,成都,2025-07-18,15588407669,user8037@example.com,普通会员
U-TAOBAO-827582,taobao_3112406,taobao,用户4896,f,29,杭州,2026-05-21,14833449704,user2232@example.com,普通会员
U-TAOBAO-829399,taobao_8232870,taobao,用户6730,f,33,南京,2026-01-03,19649204449,user7078@example.com,普通会员
U-TAOBAO-829629,taobao_5410768,taobao,用户8180,m,47,西安,2026-10-14,17844601354,user6242@example.com,钻石会员
U-TAOBAO-830305,taobao_8332010,taobao,用户6565,m,43,深圳,2026-08-25,17966766362,user1389@example.com,普通会员
U-TAOBAO-831081,taobao_8211783,taobao,用户3792,f,49,成都,2025-09-19,17747324394,user3443@example.com,普通会员
U-TAOBAO-832074,taobao_8384058,taobao,用户4620,m,20,南京,2025-08-08,17810313075,user7725@example.com,普通会员
U-TAOBAO-832473,taobao_1191789,taobao,用户9737,f,36,南京,2026-04-12,15120171542,user5705@example.com,钻石会员
U-TAOBAO-832932,taobao_6884469,taobao,用户1046,f,43,北京,2025-01-12,16336632987,user3788@example.com,银卡会员
U-TAOBAO-834368,taobao_5218574,taobao,用户9780,f,35,武汉,2026-08-22,14545054761,user3744@example.com,普通会员
U-TAOBAO-834949,taobao_3690759,taobao,用户8567,m,22,武汉,2025-04-28,19153947614,user3518@example.com,银卡会员
U-TAOBAO-835422,taobao_8396585,taobao,用户9244,f,26,广州,2026-11-22,15439531640,user1959@example.com,银卡会员
U-TAOBAO-836374,taobao_1148753,taobao,用户6245,f,19,北京,2026-11-20,17373058856,user3613@example.com,钻石会员
U-TAOBAO-836380,taobao_8997644,taobao,用户8658,f,24,西安,2025-10-18,14605388757,user6477@example.com,钻石会员
U-TAOBAO-836789,taobao_6555076,taobao,用户8754,f,25,广州,2026-01-11,15730391072,user2727@example.com,银卡会员
U-TAOBAO-837153,taobao_2379996,taobao,用户1359,f,42,西安,2026-09-17,14199080574,user6265@example.com,金卡会员
U-TAOBAO-837602,taobao_2237474,taobao,用户6080,m,47,北京,2026-06-08,18268586394,user3944@example.com,普通会员
U-TAOBAO-838507,taobao_6039473,taobao,用户8243,m,41,上海,2026-08-08,18241602187,user7978@example.com,普通会员
U-TAOBAO-838733,taobao_7109514,taobao,用户9780,f,22,西安,2025-12-23,16182068669,user2454@example.com,银卡会员
U-TAOBAO-838913,taobao_5019803,taobao,用户7810,m,44,北京,2026-01-09,14403067990,user4750@example.com,金卡会员
U-TAOBAO-839003,taobao_2675487,taobao,用户6772,f,37,北京,2026-07-10,17305959109,user2024@example.com,普通会员
U-TAOBAO-839011,taobao_3494910,taobao,用户6546,f,56,重庆,2026-03-22,13165798927,user3291@example.com,金卡会员
U-TAOBAO-839499,taobao_6715056,taobao,用户5214,m,36,深圳,2025-06-24,16319013228,user5800@example.com,钻石会员
U-TAOBAO-839920,taobao_4756505,taobao,用户9607,f,56,深圳,2025-07-25,15784744363,user6168@example.com,钻石会员
U-TAOBAO-840848,taobao_9533913,taobao,用户8136,m,58,武汉,2026-10-09,18612356840,user3563@example.com,金卡会员
U-TAOBAO-842255,taobao_7783477,taobao,用户6581,m,33,武汉,2025-03-11,13541669873,user3670@example.com,普通会员
U-TAOBAO-844360,taobao_9538981,taobao,用户7682,m,28,深圳,2026-02-13,15264663486,user7608@example.com,金卡会员
U-TAOBAO-844931,taobao_2135438,taobao,用户9503,f,48,南京,2026-07-06,17945659479,user5350@example.com,普通会员
U-TAOBAO-846274,taobao_7626086,taobao,用户3703,m,30,上海,2025-07-10,13873230321,user1442@example.com,普通会员
U-TAOBAO-846879,taobao_7582126,taobao,用户1571,f,55,重庆,2025-11-13,13857743669,user1126@example.com,金卡会员
U-TAOBAO-849032,taobao_2202500,taobao,用户5899,f,25,杭州,2025-03-04,13953578393,user7678@example.com,金卡会员
U-TAOBAO-849369,taobao_8980221,taobao,用户3637,f,30,重庆,2026-03-26,14960420208,user3997@example.com,金卡会员
U-TAOBAO-849394,taobao_2708281,taobao,用户3884,m,19,武汉,2025-12-07,14476331479,user3014@example.com,钻石会员
U-TAOBAO-850003,taobao_8823336,taobao,用户6326,f,32,北京,2026-07-27,18521671395,user9969@example.com,普通会员
U-TAOBAO-850022,taobao_2481344,taobao,用户7672,m,32,广州,2025-06-25,16661332507,user9018@example.com,银卡会员
U-TAOBAO-850063,taobao_6523688,taobao,用户4195,f,57,重庆,2026-05-04,18385027894,user3835@example.com,钻石会员
U-TAOBAO-851079,taobao_4183163,taobao,用户7417,f,32,杭州,2026-05-02,13858704921,user3576@example.com,金卡会员
U-TAOBAO-852796,taobao_9345374,taobao,用户2876,m,20,西安,2026-11-13,18572906321,user5934@example.com,普通会员
U-TAOBAO-852868,taobao_6191935,taobao,用户6044,f,24,西安,2026-12-10,13623042618,user9882@example.com,普通会员
U-TAOBAO-853683,taobao_4603888,taobao,用户2195,m,37,杭州,2026-11-02,17645594470,user6684@example.com,钻石会员
U-TAOBAO-854129,taobao_7226233,taobao,用户7187,f,21,广州,2025-10-21,16661941222,user3096@example.com,金卡会员
U-TAOBAO-854292,taobao_1660477,taobao,用户6913,f,52,成都,2026-06-24,13367331087,user6260@example.com,普通会员
U-TAOBAO-854906,taobao_1326306,taobao,用户6219,f,30,杭州,2025-10-14,17304343097,user8173@example.com,普通会员
U-TAOBAO-854918,taobao_6374381,taobao,用户8189,m,48,深圳,2025-03-07,18556106257,user4624@example.com,钻石会员
U-TAOBAO-855620,taobao_3020262,taobao,用户7375,m,39,南京,2026-04-13,17254207649,user3151@example.com,银卡会员
U-TAOBAO-856077,taobao_9102974,taobao,用户9668,f,50,西安,2025-06-11,13761593017,user1818@example.com,普通会员
U-TAOBAO-856079,taobao_1548260,taobao,用户8608,f,29,西安,2025-02-18,16946339008,user7632@example.com,金卡会员
U-TAOBAO-856190,taobao_8633278,taobao,用户5481,m,39,成都,2026-07-16,19386656845,user6526@example.com,普通会员
U-TAOBAO-856663,taobao_1817153,taobao,用户9795,f,52,西安,2025-05-14,13307152281,user4451@example.com,普通会员
U-TAOBAO-856847,taobao_8164332,taobao,用户3699,m,35,北京,2026-06-12,17435316434,user5714@example.com,普通会员
U-TAOBAO-857651,taobao_3560375,taobao,用户6231,f,48,深圳,2025-02-10,16659262141,user1874@example.com,金卡会员
U-TAOBAO-859057,taobao_7150675,taobao,用户8378,f,39,深圳,2025-07-22,18402485490,user9329@example.com,钻石会员
U-TAOBAO-859697,taobao_3005080,taobao,用户6630,m,31,上海,2026-02-02,17611684045,user2896@example.com,金卡会员
U-TAOBAO-859849,taobao_7222090,taobao,用户6066,f,29,成都,2026-05-07,13277245495,user3110@example.com,钻石会员
U-TAOBAO-860017,taobao_3946197,taobao,用户9786,f,55,杭州,2026-01-16,17470285111,user6377@example.com,普通会员
U-TAOBAO-860229,taobao_5705815,taobao,用户5130,m,60,成都,2025-07-28,17759844637,user8308@example.com,普通会员
U-TAOBAO-860339,taobao_7791712,taobao,用户5129,m,54,深圳,2026-01-01,13705615808,user3346@example.com,银卡会员
U-TAOBAO-860989,taobao_3342825,taobao,用户7462,f,53,杭州,2026-11-25,14700393151,user3642@example.com,钻石会员
U-TAOBAO-861365,taobao_2449073,taobao,用户7839,m,23,深圳,2026-03-25,16784769899,user8696@example.com,金卡会员
U-TAOBAO-861475,taobao_8574832,taobao,用户3551,f,54,南京,2025-03-07,16950436133,user7600@example.com,钻石会员
U-TAOBAO-861926,taobao_8574771,taobao,用户3800,m,24,北京,2026-11-16,13940932284,user4963@example.com,银卡会员
U-TAOBAO-862935,taobao_9385650,taobao,用户6749,m,58,武汉,2026-12-27,18655650438,user8690@example.com,金卡会员
U-TAOBAO-863299,taobao_6922151,taobao,用户9609,f,36,武汉,2025-11-08,16474321201,user3059@example.com,银卡会员
U-TAOBAO-863413,taobao_3696316,taobao,用户7873,f,59,深圳,2025-02-19,17301232092,user4893@example.com,普通会员
U-TAOBAO-864420,taobao_1048771,taobao,用户5209,m,25,北京,2025-01-10,15198404625,user2847@example.com,银卡会员
U-TAOBAO-864644,taobao_5578612,taobao,用户4703,m,26,上海,2026-07-05,16979993414,user1409@example.com,金卡会员
U-TAOBAO-864719,taobao_3501759,taobao,用户3863,f,35,深圳,2025-02-28,18972619387,user3571@example.com,金卡会员
U-TAOBAO-866657,taobao_9344410,taobao,用户9705,m,42,广州,2025-06-19,17904153492,user7669@example.com,钻石会员
U-TAOBAO-869122,taobao_7570273,taobao,用户2639,f,23,杭州,2026-01-23,19804289338,user5588@example.com,普通会员
U-TAOBAO-869397,taobao_2859790,taobao,用户3817,m,56,深圳,2026-07-14,18701916536,user9650@example.com,普通会员
U-TAOBAO-869900,taobao_8415731,taobao,用户3325,m,53,深圳,2026-12-10,18548061982,user3540@example.com,普通会员
U-TAOBAO-870136,taobao_5280608,taobao,用户3118,m,46,武汉,2026-08-01,15131088472,user8947@example.com,金卡会员
U-TAOBAO-870811,taobao_4001163,taobao,用户2186,m,31,北京,2026-12-06,14109040799,user2380@example.com,金卡会员
U-TAOBAO-871287,taobao_5538982,taobao,用户7930,m,38,成都,2026-02-22,16958642624,user6710@example.com,金卡会员
U-TAOBAO-871364,taobao_5869977,taobao,用户5410,f,34,成都,2026-06-20,18738652678,user6580@example.com,钻石会员
U-TAOBAO-872382,taobao_3013795,taobao,用户2199,f,55,西安,2025-07-21,19113390145,user9559@example.com,金卡会员
U-TAOBAO-872567,taobao_5360683,taobao,用户6731,f,20,南京,2025-03-05,17285434683,user9713@example.com,金卡会员
U-TAOBAO-872842,taobao_3198256,taobao,用户1961,m,55,武汉,2026-04-12,19962602125,user1701@example.com,钻石会员
U-TAOBAO-873015,taobao_2350225,taobao,用户1625,m,52,南京,2025-07-16,15421289479,user6660@example.com,金卡会员
U-TAOBAO-873703,taobao_7439427,taobao,用户6011,f,38,成都,2026-09-20,19767129534,user7335@example.com,钻石会员
U-TAOBAO-873898,taobao_2353038,taobao,用户6182,m,58,南京,2026-10-16,13224361816,user6011@example.com,金卡会员
U-TAOBAO-874066,taobao_3222343,taobao,用户8983,m,20,杭州,2025-07-04,17106042602,user5246@example.com,银卡会员
U-TAOBAO-874489,taobao_2316843,taobao,用户9429,m,29,重庆,2025-12-25,19109070605,user2862@example.com,金卡会员
U-TAOBAO-874967,taobao_2422587,taobao,用户3213,m,51,重庆,2026-12-16,14726514987,user2063@example.com,钻石会员
U-TAOBAO-875537,taobao_5384374,taobao,用户7821,f,37,广州,2026-05-18,13743156074,user5029@example.com,银卡会员
U-TAOBAO-875910,taobao_3186544,taobao,用户4828,m,27,北京,2026-08-20,13686378917,user1985@example.com,钻石会员
U-TAOBAO-876420,taobao_1358125,taobao,用户6352,f,20,广州,2025-09-14,14709791923,user9903@example.com,钻石会员
U-TAOBAO-877287,taobao_8932939,taobao,用户7816,m,60,深圳,2026-04-10,18223188817,user9688@example.com,银卡会员
U-TAOBAO-877696,taobao_1969159,taobao,用户1937,f,52,西安,2025-03-15,19335684810,user7457@example.com,金卡会员
U-TAOBAO-878139,taobao_4216479,taobao,用户6513,m,56,重庆,2025-04-21,18693618553,user6715@example.com,普通会员
U-TAOBAO-878662,taobao_3786765,taobao,用户1463,m,42,北京,2025-12-14,13474014055,user9100@example.com,金卡会员
U-TAOBAO-879195,taobao_4461611,taobao,用户8038,f,30,北京,2026-07-27,17554497175,user2391@example.com,银卡会员
U-TAOBAO-880045,taobao_5405896,taobao,用户7440,f,24,重庆,2025-01-07,16523843563,user5995@example.com,普通会员
U-TAOBAO-880311,taobao_4011775,taobao,用户3032,f,20,杭州,2026-01-13,19759661900,user2659@example.com,银卡会员
U-TAOBAO-880627,taobao_9705683,taobao,用户3074,f,54,杭州,2026-04-12,19265390020,user9371@example.com,金卡会员
U-TAOBAO-881594,taobao_8907286,taobao,用户3603,m,21,成都,2026-03-09,18520074555,user6551@example.com,钻石会员
U-TAOBAO-881878,taobao_9675451,taobao,用户6530,f,58,北京,2026-04-10,17111940353,user2032@example.com,普通会员
U-TAOBAO-882475,taobao_8080322,taobao,用户5395,f,49,西安,2026-08-06,17137193619,user7437@example.com,钻石会员
U-TAOBAO-883795,taobao_7746673,taobao,用户8192,m,29,西安,2025-07-11,16498662297,user2819@example.com,金卡会员
U-TAOBAO-884104,taobao_8335226,taobao,用户2010,f,28,杭州,2025-07-25,15549157882,user7346@example.com,普通会员
U-TAOBAO-884473,taobao_1874369,taobao,用户8810,m,49,南京,2025-06-21,13528258583,user8162@example.com,银卡会员
U-TAOBAO-885070,taobao_8152227,taobao,用户8654,f,34,西安,2025-10-15,16522287824,user5943@example.com,金卡会员
U-TAOBAO-885465,taobao_6040839,taobao,用户9686,m,60,成都,2026-03-19,13507732517,user3684@example.com,普通会员
U-TAOBAO-886101,taobao_3513707,taobao,用户6897,m,49,重庆,2025-11-25,15132657584,user3787@example.com,银卡会员
U-TAOBAO-886291,taobao_9528639,taobao,用户1240,f,20,北京,2026-12-20,14205836129,user3957@example.com,普通会员
U-TAOBAO-887320,taobao_1802235,taobao,用户5774,m,43,重庆,2025-09-23,16850506186,user9019@example.com,金卡会员
U-TAOBAO-890006,taobao_2512660,taobao,用户3952,m,23,广州,2025-04-07,14164778596,user4025@example.com,普通会员
U-TAOBAO-890172,taobao_9095013,taobao,用户8068,f,42,广州,2025-07-05,18682122748,user1661@example.com,普通会员
U-TAOBAO-891117,taobao_7491172,taobao,用户2264,m,51,成都,2025-08-24,18408264618,user1975@example.com,普通会员
U-TAOBAO-891956,taobao_6921260,taobao,用户5660,m,31,深圳,2025-12-27,16135644000,user7931@example.com,普通会员
U-TAOBAO-891961,taobao_7969836,taobao,用户7208,f,36,北京,2026-08-14,14716215086,user8664@example.com,银卡会员
U-TAOBAO-891995,taobao_6194443,taobao,用户7776,m,33,成都,2025-09-12,13977379785,user3266@example.com,普通会员
U-TAOBAO-892518,taobao_3242588,taobao,用户7149,m,18,重庆,2025-09-12,13551066713,user5675@example.com,普通会员
U-TAOBAO-893009,taobao_5976378,taobao,用户5483,f,48,上海,2026-02-28,15157674036,user3520@example.com,银卡会员
U-TAOBAO-893623,taobao_6065652,taobao,用户8560,f,43,广州,2025-04-23,13232702658,user9178@example.com,金卡会员
U-TAOBAO-894544,taobao_7089930,taobao,用户2875,m,55,成都,2026-10-06,13389688501,user2273@example.com,银卡会员
U-TAOBAO-895197,taobao_5479435,taobao,用户9914,m,45,武汉,2026-05-04,15635916808,user2636@example.com,普通会员
U-TAOBAO-895561,taobao_4558238,taobao,用户6293,f,29,杭州,2026-04-15,19594779034,user8433@example.com,普通会员
U-TAOBAO-896496,taobao_9615396,taobao,用户6403,f,29,广州,2026-06-25,19792676973,user1217@example.com,普通会员
U-TAOBAO-896810,taobao_4806577,taobao,用户3672,f,24,深圳,2025-04-04,16900064415,user5269@example.com,金卡会员
U-TAOBAO-897049,taobao_6691572,taobao,用户3109,f,36,西安,2026-03-06,18162833205,user8940@example.com,金卡会员
U-TAOBAO-897583,taobao_1056929,taobao,用户1125,f,43,上海,2026-07-28,19603255347,user5032@example.com,金卡会员
U-TAOBAO-897623,taobao_9576155,taobao,用户3831,f,59,广州,2025-12-03,17390519571,user6090@example.com,银卡会员
U-TAOBAO-898776,taobao_8465173,taobao,用户3564,m,47,武汉,2025-07-13,16130687815,user7312@example.com,普通会员
U-TAOBAO-898899,taobao_6338586,taobao,用户3430,m,26,南京,2025-04-15,17107453143,user6923@example.com,钻石会员
U-TAOBAO-901478,taobao_2392431,taobao,用户1830,f,49,成都,2026-04-14,17790826174,user6295@example.com,钻石会员
U-TAOBAO-901594,taobao_5990190,taobao,用户2811,m,54,北京,2026-05-14,13984726279,user8160@example.com,普通会员
U-TAOBAO-901864,taobao_7829475,taobao,用户7868,m,20,上海,2025-11-08,19924187446,user3603@example.com,钻石会员
U-TAOBAO-901971,taobao_4416620,taobao,用户1519,m,26,武汉,2026-01-12,17245276889,user8458@example.com,金卡会员
U-TAOBAO-902773,taobao_6433134,taobao,用户1234,m,57,北京,2025-07-19,17195855437,user9739@example.com,普通会员
U-TAOBAO-905017,taobao_6905461,taobao,用户8218,m,26,西安,2025-07-15,16769305283,user5682@example.com,银卡会员
U-TAOBAO-905813,taobao_9405708,taobao,用户3729,f,33,深圳,2026-01-27,13270566200,user5465@example.com,银卡会员
U-TAOBAO-906131,taobao_1433593,taobao,用户2656,m,18,西安,2025-05-27,14460771108,user9195@example.com,钻石会员
U-TAOBAO-906237,taobao_2357158,taobao,用户6966,m,46,北京,2026-07-21,15625128154,user3400@example.com,银卡会员
U-TAOBAO-908676,taobao_8698078,taobao,用户9210,f,24,杭州,2026-01-17,13464513300,user6982@example.com,普通会员
U-TAOBAO-909021,taobao_9328280,taobao,用户2225,m,24,广州,2025-07-24,19779683279,user3823@example.com,金卡会员
U-TAOBAO-909204,taobao_6379181,taobao,用户9348,f,57,西安,2026-08-05,19136599096,user9029@example.com,金卡会员
U-TAOBAO-909456,taobao_4182207,taobao,用户5423,f,21,重庆,2025-09-02,16638943148,user8018@example.com,钻石会员
U-TAOBAO-912274,taobao_5113283,taobao,用户9939,m,36,广州,2026-04-01,15700161947,user2221@example.com,金卡会员
U-TAOBAO-912481,taobao_3954749,taobao,用户5062,f,21,南京,2025-11-20,19845018255,user8297@example.com,金卡会员
U-TAOBAO-912577,taobao_7217639,taobao,用户2213,m,42,广州,2026-01-09,18373220858,user2950@example.com,银卡会员
U-TAOBAO-913274,taobao_5521200,taobao,用户7666,m,26,成都,2025-10-13,14891132434,user7207@example.com,钻石会员
U-TAOBAO-913883,taobao_4723024,taobao,用户4345,f,33,武汉,2025-11-03,15522569826,user6006@example.com,金卡会员
U-TAOBAO-914303,taobao_2776638,taobao,用户5945,m,44,重庆,2026-09-08,13821211146,user1547@example.com,钻石会员
U-TAOBAO-916138,taobao_9293183,taobao,用户1686,m,38,重庆,2025-05-21,13825958386,user4449@example.com,银卡会员
U-TAOBAO-916554,taobao_3721112,taobao,用户4400,f,37,重庆,2026-11-19,13987738025,user2685@example.com,钻石会员
U-TAOBAO-917159,taobao_3589458,taobao,用户8320,m,27,北京,2025-03-09,13609306248,user9396@example.com,金卡会员
U-TAOBAO-917420,taobao_4650656,taobao,用户1402,m,34,南京,2026-02-26,16357516846,user1670@example.com,钻石会员
U-TAOBAO-917505,taobao_1427335,taobao,用户2895,m,50,上海,2025-09-22,13536394503,user5028@example.com,金卡会员
U-TAOBAO-918115,taobao_1912015,taobao,用户2816,m,28,北京,2025-08-18,14753154606,user3860@example.com,普通会员
U-TAOBAO-918232,taobao_4779927,taobao,用户2041,m,44,上海,2026-04-17,18127339889,user2102@example.com,普通会员
U-TAOBAO-918432,taobao_7381704,taobao,用户7538,f,45,武汉,2025-04-04,14939195240,user4018@example.com,银卡会员
U-TAOBAO-918467,taobao_7703103,taobao,用户9963,f,41,上海,2026-12-05,15843293890,user1747@example.com,普通会员
U-TAOBAO-918488,taobao_2034897,taobao,用户7338,f,20,成都,2026-11-27,17524627188,user7842@example.com,金卡会员
U-TAOBAO-918705,taobao_3641622,taobao,用户8027,f,34,深圳,2026-06-17,17232183220,user3654@example.com,钻石会员
U-TAOBAO-919199,taobao_4049017,taobao,用户6276,m,19,广州,2026-07-08,13421494266,user2413@example.com,金卡会员
U-TAOBAO-919225,taobao_9434206,taobao,用户6380,m,44,成都,2025-03-07,18407195530,user5824@example.com,金卡会员
U-TAOBAO-919821,taobao_1653666,taobao,用户9966,f,37,深圳,2026-02-03,13495812997,user5473@example.com,钻石会员
U-TAOBAO-921193,taobao_1478270,taobao,用户2930,f,57,重庆,2025-09-28,19971913100,user1268@example.com,普通会员
U-TAOBAO-922366,taobao_9744341,taobao,用户9116,f,42,南京,2026-01-02,14644799561,user1956@example.com,银卡会员
U-TAOBAO-922420,taobao_3873872,taobao,用户5307,f,23,广州,2026-12-14,19218956989,user6533@example.com,银卡会员
U-TAOBAO-924615,taobao_3095435,taobao,用户7857,m,42,上海,2025-07-24,13774088261,user1520@example.com,钻石会员
U-TAOBAO-925425,taobao_6169175,taobao,用户7485,m,38,深圳,2025-10-16,14601893756,user8653@example.com,银卡会员
U-TAOBAO-927124,taobao_1498974,taobao,用户1017,f,44,西安,2025-04-21,17566775533,user8026@example.com,银卡会员
U-TAOBAO-927354,taobao_8228555,taobao,用户3788,m,40,成都,2026-06-07,17674205607,user9180@example.com,银卡会员
U-TAOBAO-927600,taobao_9747143,taobao,用户3688,f,41,上海,2026-06-07,15186674988,user8294@example.com,金卡会员
U-TAOBAO-928427,taobao_7695962,taobao,用户1358,f,33,北京,2025-09-01,13969872980,user9475@example.com,银卡会员
U-TAOBAO-928669,taobao_7447737,taobao,用户8048,f,32,上海,2025-08-13,17506124060,user8377@example.com,钻石会员
U-TAOBAO-928691,taobao_1074198,taobao,用户4830,m,55,西安,2026-05-17,13819320029,user9788@example.com,钻石会员
U-TAOBAO-929377,taobao_3168124,taobao,用户9185,f,30,深圳,2025-06-17,15241086968,user8891@example.com,银卡会员
U-TAOBAO-929772,taobao_2790172,taobao,用户2252,m,41,深圳,2025-02-16,17497076453,user7551@example.com,钻石会员
U-TAOBAO-929867,taobao_4348857,taobao,用户7919,m,50,广州,2025-01-17,14239431189,user5176@example.com,银卡会员
U-TAOBAO-930238,taobao_6269602,taobao,用户1413,m,32,上海,2025-04-12,13965085227,user9046@example.com,银卡会员
U-TAOBAO-932359,taobao_7165646,taobao,用户3701,m,26,武汉,2026-08-12,19801866172,user4132@example.com,钻石会员
U-TAOBAO-932740,taobao_7573836,taobao,用户3722,f,57,成都,2026-07-24,14193041996,user7269@example.com,钻石会员
U-TAOBAO-933087,taobao_8362465,taobao,用户3168,m,43,广州,2026-11-07,15242421729,user6497@example.com,普通会员
U-TAOBAO-933675,taobao_7221858,taobao,用户6142,f,44,成都,2026-01-15,19514850442,user5323@example.com,普通会员
U-TAOBAO-934658,taobao_3682502,taobao,用户4028,m,23,深圳,2025-03-22,13564681730,user2583@example.com,金卡会员
U-TAOBAO-935476,taobao_8650338,taobao,用户4939,m,42,南京,2026-04-01,15730614638,user8747@example.com,普通会员
U-TAOBAO-935716,taobao_1288685,taobao,用户3271,m,50,深圳,2025-10-23,13241437692,user1161@example.com,银卡会员
U-TAOBAO-935774,taobao_1677875,taobao,用户3146,f,55,成都,2025-11-06,19654620097,user2831@example.com,普通会员
U-TAOBAO-936321,taobao_6432500,taobao,用户6416,m,56,武汉,2026-06-11,15398803393,user2832@example.com,普通会员
U-TAOBAO-936550,taobao_8244245,taobao,用户1260,f,40,上海,2025-09-20,17653189566,user9344@example.com,金卡会员
U-TAOBAO-936963,taobao_9978515,taobao,用户1793,f,29,北京,2026-08-06,19752379341,user1430@example.com,金卡会员
U-TAOBAO-937397,taobao_7114014,taobao,用户3132,m,44,南京,2025-03-02,19818316232,user7526@example.com,钻石会员
U-TAOBAO-937716,taobao_4508848,taobao,用户8009,m,58,武汉,2026-08-13,13792889211,user1574@example.com,金卡会员
U-TAOBAO-938060,taobao_6127088,taobao,用户7978,f,53,重庆,2025-06-06,15141142957,user9593@example.com,银卡会员
U-TAOBAO-938997,taobao_8224224,taobao,用户4632,m,60,重庆,2025-09-21,17216825482,user2140@example.com,银卡会员
U-TAOBAO-939082,taobao_6682345,taobao,用户5242,m,18,武汉,2025-04-14,16504636230,user3479@example.com,银卡会员
U-TAOBAO-939385,taobao_1835353,taobao,用户5059,f,58,北京,2025-02-05,16900864345,user7063@example.com,钻石会员
U-TAOBAO-940435,taobao_9472191,taobao,用户7278,f,20,杭州,2025-07-17,14501964676,user6519@example.com,金卡会员
U-TAOBAO-941404,taobao_9384305,taobao,用户9014,f,58,广州,2026-03-18,16800865186,user6378@example.com,银卡会员
U-TAOBAO-941845,taobao_4279398,taobao,用户4527,f,46,广州,2025-02-19,15547265795,user8170@example.com,金卡会员
U-TAOBAO-943240,taobao_5386619,taobao,用户6385,f,40,广州,2026-04-22,19185625570,user7396@example.com,钻石会员
U-TAOBAO-943266,taobao_2616978,taobao,用户3762,f,22,南京,2026-12-20,19655324631,user8482@example.com,金卡会员
U-TAOBAO-943774,taobao_5909634,taobao,用户3819,f,33,南京,2025-08-03,16188025368,user8889@example.com,钻石会员
U-TAOBAO-943940,taobao_8048526,taobao,用户1162,f,52,西安,2025-12-20,15634154275,user9095@example.com,钻石会员
U-TAOBAO-944705,taobao_8467327,taobao,用户7886,m,45,成都,2025-10-21,15324612678,user6729@example.com,金卡会员
U-TAOBAO-944894,taobao_3400160,taobao,用户3189,m,47,重庆,2026-01-13,13135311092,user1540@example.com,钻石会员
U-TAOBAO-944898,taobao_3901717,taobao,用户2854,m,49,成都,2025-04-12,19497281346,user4662@example.com,钻石会员
U-TAOBAO-945606,taobao_7815393,taobao,用户9894,f,21,武汉,2026-09-18,19797180544,user2214@example.com,银卡会员
U-TAOBAO-946100,taobao_7953345,taobao,用户9486,f,45,上海,2025-03-11,17791571411,user8711@example.com,金卡会员
U-TAOBAO-946192,taobao_8990414,taobao,用户5291,f,19,杭州,2025-06-06,19614506776,user1553@example.com,银卡会员
U-TAOBAO-946950,taobao_6436295,taobao,用户8428,f,38,重庆,2025-07-14,19895862803,user9539@example.com,金卡会员
U-TAOBAO-946964,taobao_7653124,taobao,用户6682,m,44,武汉,2026-03-01,13886083956,user3483@example.com,钻石会员
U-TAOBAO-948660,taobao_7933219,taobao,用户9620,m,38,武汉,2025-04-28,19365583557,user7919@example.com,钻石会员
U-TAOBAO-949575,taobao_9203811,taobao,用户9332,m,27,成都,2026-10-02,13504975992,user9448@example.com,银卡会员
U-TAOBAO-950140,taobao_5035770,taobao,用户4326,f,47,西安,2026-04-08,15648550541,user1480@example.com,普通会员
U-TAOBAO-950268,taobao_7359671,taobao,用户6074,f,52,武汉,2026-05-20,14386174293,user3918@example.com,普通会员
U-TAOBAO-950337,taobao_4395738,taobao,用户1676,f,47,重庆,2025-03-15,19454517428,user3160@example.com,普通会员
U-TAOBAO-950528,taobao_4879275,taobao,用户2095,f,22,南京,2025-08-16,19972374614,user6550@example.com,银卡会员
U-TAOBAO-951618,taobao_1886955,taobao,用户5763,f,34,杭州,2026-07-19,15629019351,user6303@example.com,钻石会员
U-TAOBAO-951844,taobao_4545138,taobao,用户4278,f,25,南京,2026-11-20,18831159626,user9860@example.com,钻石会员
U-TAOBAO-952356,taobao_9261722,taobao,用户8790,m,46,广州,2026-04-24,16731577924,user1141@example.com,银卡会员
U-TAOBAO-952506,taobao_7793841,taobao,用户2409,f,43,西安,2026-02-11,16297176822,user5445@example.com,钻石会员
U-TAOBAO-952719,taobao_2251328,taobao,用户1910,f,51,南京,2026-06-17,14591664695,user1632@example.com,钻石会员
U-TAOBAO-952867,taobao_7054476,taobao,用户8379,m,39,广州,2026-07-22,14627329611,user9186@example.com,金卡会员
U-TAOBAO-953237,taobao_4598102,taobao,用户6026,m,22,南京,2025-08-13,16392077781,user9287@example.com,钻石会员
U-TAOBAO-955679,taobao_6643004,taobao,用户9812,f,25,北京,2025-03-14,16109467214,user6599@example.com,钻石会员
U-TAOBAO-957126,taobao_7154835,taobao,用户9699,f,23,武汉,2025-11-18,13697788239,user1189@example.com,银卡会员
U-TAOBAO-957809,taobao_6535785,taobao,用户6070,m,45,深圳,2025-03-13,15899658273,user2379@example.com,钻石会员
U-TAOBAO-958066,taobao_5416359,taobao,用户8936,m,18,广州,2025-06-22,15526604663,user4383@example.com,银卡会员
U-TAOBAO-958298,taobao_6426980,taobao,用户7066,m,34,广州,2026-08-17,16297651146,user7334@example.com,银卡会员
U-TAOBAO-959194,taobao_3745650,taobao,用户1460,m,47,上海,2026-07-02,19381914078,user4402@example.com,金卡会员
U-TAOBAO-959883,taobao_6322471,taobao,用户7530,m,56,重庆,2025-08-11,15955534573,user9060@example.com,钻石会员
U-TAOBAO-959903,taobao_6113619,taobao,用户9640,f,39,南京,2025-12-17,15487913067,user3776@example.com,普通会员
U-TAOBAO-959932,taobao_5030355,taobao,用户9223,m,44,武汉,2026-05-09,16211350333,user3838@example.com,普通会员
U-TAOBAO-959973,taobao_5052798,taobao,用户1579,m,32,深圳,2025-06-05,17195725917,user3004@example.com,金卡会员
U-TAOBAO-960647,taobao_9966491,taobao,用户5122,f,28,成都,2026-11-17,13399058931,user6541@example.com,钻石会员
U-TAOBAO-961555,taobao_6539217,taobao,用户7467,f,50,西安,2026-02-10,19980403274,user7829@example.com,普通会员
U-TAOBAO-961875,taobao_8150137,taobao,用户4556,f,39,西安,2026-09-20,13380165551,user8376@example.com,银卡会员
U-TAOBAO-962593,taobao_1977586,taobao,用户9278,f,39,西安,2025-05-23,17354820047,user2660@example.com,金卡会员
U-TAOBAO-962639,taobao_9272199,taobao,用户8358,m,40,武汉,2026-07-11,18717941845,user1399@example.com,普通会员
U-TAOBAO-962646,taobao_6508790,taobao,用户5864,m,27,南京,2026-11-07,17250919071,user1789@example.com,金卡会员
U-TAOBAO-962681,taobao_5804128,taobao,用户6998,m,44,西安,2026-06-20,13361142716,user3226@example.com,银卡会员
U-TAOBAO-963341,taobao_8566421,taobao,用户9638,m,55,重庆,2026-11-14,14111522563,user5156@example.com,普通会员
U-TAOBAO-964277,taobao_7008527,taobao,用户1037,f,22,南京,2026-03-19,18800832789,user2607@example.com,金卡会员
U-TAOBAO-964428,taobao_7659216,taobao,用户2285,m,34,南京,2025-01-02,18986974539,user4390@example.com,金卡会员
U-TAOBAO-964614,taobao_8284677,taobao,用户6702,f,28,深圳,2025-01-05,15992319827,user3000@example.com,银卡会员
U-TAOBAO-965987,taobao_6138243,taobao,用户9587,f,23,成都,2026-01-12,14582904547,user8689@example.com,钻石会员
U-TAOBAO-966372,taobao_3522324,taobao,用户7597,f,56,南京,2026-02-23,14678520913,user8564@example.com,银卡会员
U-TAOBAO-966664,taobao_3011382,taobao,用户2223,f,40,西安,2026-04-17,17913274492,user4865@example.com,银卡会员
U-TAOBAO-967383,taobao_6015637,taobao,用户5538,f,47,西安,2025-05-14,17431558366,user7291@example.com,金卡会员
U-TAOBAO-968013,taobao_1716185,taobao,用户9034,f,55,杭州,2025-01-19,17164954532,user6625@example.com,金卡会员
U-TAOBAO-969334,taobao_1978291,taobao,用户3111,f,59,重庆,2026-10-03,13820505273,user6086@example.com,钻石会员
U-TAOBAO-969665,taobao_9369142,taobao,用户3200,m,33,杭州,2025-11-18,16857087306,user5540@example.com,银卡会员
U-TAOBAO-969730,taobao_9408749,taobao,用户4416,f,38,西安,2025-08-15,16720776904,user2664@example.com,钻石会员
U-TAOBAO-970105,taobao_1415091,taobao,用户4508,f,45,北京,2026-07-04,18270672218,user2562@example.com,银卡会员
U-TAOBAO-970598,taobao_4023346,taobao,用户8164,m,30,武汉,2025-12-22,13225623208,user7955@example.com,钻石会员
U-TAOBAO-971505,taobao_8842993,taobao,用户2368,m,38,上海,2026-08-14,19128047414,user1448@example.com,银卡会员
U-TAOBAO-971555,taobao_8550610,taobao,用户3388,m,31,成都,2025-09-02,15447437544,user7392@example.com,钻石会员
U-TAOBAO-972079,taobao_5151570,taobao,用户5539,m,48,上海,2025-12-27,15636002586,user7143@example.com,普通会员
U-TAOBAO-972284,taobao_6684209,taobao,用户7793,f,51,西安,2025-01-16,14757055545,user3273@example.com,钻石会员
U-TAOBAO-972314,taobao_8361244,taobao,用户9999,m,29,北京,2026-01-07,15864922311,user1331@example.com,普通会员
U-TAOBAO-972666,taobao_5682928,taobao,用户3814,f,29,广州,2026-08-03,15565240750,user1365@example.com,银卡会员
U-TAOBAO-972680,taobao_7106658,taobao,用户4287,f,40,西安,2026-02-16,14312526452,user7111@example.com,银卡会员
U-TAOBAO-973290,taobao_9157667,taobao,用户5863,m,44,广州,2026-04-26,15616983007,user8753@example.com,钻石会员
U-TAOBAO-974751,taobao_2015142,taobao,用户8299,f,23,重庆,2025-10-15,19750721531,user4226@example.com,银卡会员
U-TAOBAO-975231,taobao_4165814,taobao,用户7913,m,22,南京,2025-09-11,19396947859,user5924@example.com,银卡会员
U-TAOBAO-977605,taobao_7369251,taobao,用户6063,m,59,上海,2025-02-25,14655334516,user4304@example.com,普通会员
U-TAOBAO-977609,taobao_3591598,taobao,用户7594,f,58,南京,2026-09-20,18680604594,user6173@example.com,普通会员
U-TAOBAO-977728,taobao_8963536,taobao,用户5511,f,34,南京,2025-12-28,19675006523,user6644@example.com,银卡会员
U-TAOBAO-978359,taobao_8268382,taobao,用户8296,m,45,西安,2025-07-07,14729447867,user9791@example.com,金卡会员
U-TAOBAO-978561,taobao_1682056,taobao,用户7295,f,50,成都,2025-01-10,13138811087,user5807@example.com,钻石会员
U-TAOBAO-981138,taobao_9362068,taobao,用户2878,f,59,上海,2025-06-17,14182916987,user3023@example.com,金卡会员
U-TAOBAO-981232,taobao_6270577,taobao,用户3746,m,19,上海,2026-03-13,13952738291,user2322@example.com,银卡会员
U-TAOBAO-981354,taobao_7391231,taobao,用户2224,m,33,重庆,2026-06-01,18565576968,user8561@example.com,普通会员
U-TAOBAO-981821,taobao_4347401,taobao,用户2192,f,23,上海,2026-12-11,16709651067,user3817@example.com,普通会员
U-TAOBAO-982062,taobao_7623807,taobao,用户5194,f,60,重庆,2025-06-16,17120377664,user9771@example.com,普通会员
U-TAOBAO-983343,taobao_1520124,taobao,用户1755,m,53,深圳,2025-10-15,18359076174,user8594@example.com,普通会员
U-TAOBAO-983377,taobao_7537985,taobao,用户2827,f,20,广州,2026-06-09,16751051284,user5423@example.com,银卡会员
U-TAOBAO-983832,taobao_7346942,taobao,用户3541,m,21,广州,2025-03-13,14211264129,user9485@example.com,银卡会员
U-TAOBAO-984256,taobao_9575386,taobao,用户6135,m,29,西安,2025-08-03,15722488548,user8082@example.com,钻石会员
U-TAOBAO-985318,taobao_5315745,taobao,用户3551,f,46,广州,2025-01-28,16416120231,user6436@example.com,金卡会员
U-TAOBAO-985617,taobao_9658146,taobao,用户6635,f,58,西安,2025-04-12,16631890431,user9771@example.com,钻石会员
U-TAOBAO-986086,taobao_1194930,taobao,用户1300,f,28,上海,2025-04-06,19262674758,user9607@example.com,普通会员
U-TAOBAO-987373,taobao_6952998,taobao,用户7266,m,35,重庆,2025-05-16,14645476574,user5137@example.com,银卡会员
U-TAOBAO-987455,taobao_9975692,taobao,用户5856,f,41,武汉,2026-02-07,17378558609,user3875@example.com,钻石会员
U-TAOBAO-987715,taobao_8219702,taobao,用户2763,f,20,西安,2026-10-11,15961850464,user5326@example.com,钻石会员
U-TAOBAO-987927,taobao_4804989,taobao,用户9311,f,22,广州,2026-06-06,16499497789,user6389@example.com,钻石会员
U-TAOBAO-988005,taobao_4943912,taobao,用户8382,m,55,广州,2026-09-07,16695992711,user4358@example.com,普通会员
U-TAOBAO-988861,taobao_7101444,taobao,用户3508,f,24,成都,2025-08-16,19690548533,user5038@example.com,钻石会员
U-TAOBAO-989169,taobao_3418724,taobao,用户1445,f,31,深圳,2026-03-11,13891945481,user4683@example.com,钻石会员
U-TAOBAO-989392,taobao_8425780,taobao,用户1939,f,54,南京,2026-11-28,16383206784,user1307@example.com,金卡会员
U-TAOBAO-990195,taobao_2594612,taobao,用户6243,m,58,重庆,2025-11-10,19783134160,user8709@example.com,金卡会员
U-TAOBAO-990367,taobao_6620338,taobao,用户2839,m,22,北京,2026-02-21,15171504586,user6813@example.com,金卡会员
U-TAOBAO-991264,taobao_8241966,taobao,用户2324,m,37,杭州,2025-06-06,19326362234,user9839@example.com,金卡会员
U-TAOBAO-993065,taobao_3456557,taobao,用户2708,f,30,广州,2026-06-06,13849431558,user3560@example.com,钻石会员
U-TAOBAO-994820,taobao_3343296,taobao,用户1785,m,21,西安,2026-09-14,14876978644,user4042@example.com,钻石会员
U-TAOBAO-995906,taobao_6576364,taobao,用户4150,m,50,上海,2026-10-13,17591870589,user8346@example.com,普通会员
U-TAOBAO-996082,taobao_3206171,taobao,用户8276,m,33,成都,2026-03-26,14886294573,user1664@example.com,钻石会员
U-TAOBAO-996637,taobao_3237005,taobao,用户6013,f,27,广州,2026-12-19,15677431443,user9808@example.com,普通会员
U-TAOBAO-997050,taobao_8047329,taobao,用户9862,m,21,成都,2026-08-18,19990957027,user5178@example.com,普通会员
U-TAOBAO-997375,taobao_9451939,taobao,用户2515,f,44,成都,2025-03-20,17487929090,user3586@example.com,钻石会员
U-TAOBAO-997420,taobao_6490325,taobao,用户9883,m,24,上海,2026-11-04,16500504946,user2887@example.com,金卡会员
U-TAOBAO-998555,taobao_3652943,taobao,用户4466,f,42,广州,2025-12-28,13372863510,user4946@example.com,普通会员
U-TAOBAO-999270,taobao_7534748,taobao,用户3340,f,24,北京,2025-02-20,15654380296,user2522@example.com,金卡会员
U-TAOBAO-999353,taobao_9928187,taobao,用户9045,m,33,重庆,2026-11-03,19360082916,user6906@example.com,普通会员
U-TAOBAO-999465,taobao_3294843,taobao,用户3009,f,35,南京,2025-09-21,17336079437,user7433@example.com,钻石会员
U-TAOBAO-999492,taobao_9608395,taobao,用户7496,f,54,上海,2026-03-22,15343513536,user3662@example.com,金卡会员
U-TAOBAO-999896,taobao_5157297,taobao,用户7458,m,56,杭州,2025-01-26,19114856244,user2539@example.com,普通会员
